A,D,F,H,Z_final,Z_first,arm_conflict,attempt,attribution_source,clock_failure,closed_ms,confirm_lead_ms,coverage,coverage_state,dev_refinement_audit,distance_ft,draw_audit,draw_count,epoch,ff_assignment_sources,ff_clamp_ms,ff_gain,ff_n,ff_reason,grade,hold_ms,issued_source,issued_window_ms,join_conflicts,join_source,landing_end_pp,landing_source,landing_start_pp,landing_width_ms,landing_width_ms_release_velocity_WRONG_GLOBAL_RULER,landing_width_pp,one_sided,online,onset_dev,onset_ms,onset_source,outcome,pre_confirmed,pre_width_ms,pre_width_pp,press_ms,primary_join,process,record_seq,reference_unavailable,release_ff_source,release_ms,release_seq,release_velocity_pp_ms,schedule_source,scheduled,scheduler_delta_ms,session,shot_type,timing_source
,,,,,,False,,,False,1789632290315.7,,,unknown,[],,[],0,1,[],,,,,,,,,[],,,,,,,,,True,0.0,,,disarmed,False,,,1789632289056.2173,False,,1,1,,,,,,,,session_20260917_030402,Standstill,
,,,70.79999999999995,,,False,,,False,1789632298389.6,,,unknown,[],,[],0,2,[],,,,,,716.8,,,[],,,,,,,,,True,0.0,646.0,detect_loop,released,False,,,1789632294166.407,False,,2,1,,1789632294883.1885,,,,,,session_20260917_030402,Standstill,
,,,,,,False,,,False,1789632298697.9,,,unknown,[],,[],0,3,[],,,,,,,,,[],,,,,,,,,True,0.0,240.37,detect_loop,disarmed,False,,,1789632296937.7153,False,,3,1,,,,,,,,session_20260917_030402,Standstill,
,,,120.53999999999996,,,False,,,False,1789632301624.1,,,unknown,[],,[],0,4,[],,,,,EXCELLENT,636.0,,,[],,,,,,,,,True,0.0,515.46,detect_loop,released,False,,,1789632299696.5366,False,,4,1,,1789632300332.5186,,,,,,session_20260917_030402,Standstill,
,,,580.2,,,False,,,False,1789632306992.0,,,unknown,[],,[],0,5,[],,,,,EXCELLENT,646.1,,,[],,,,,,,,,True,0.0,65.9,detect_loop,released,False,,,1789632302780.0051,False,,5,1,,1789632303426.1387,,,,,,session_20260917_030402,Standstill,
,,,137.22000000000003,,,False,,,False,1789632307825.7,,,unknown,[],,[],0,6,[],,,,,EXCELLENT,651.7,,,[],,,,,,,,,True,0.0,514.48,detect_loop,released,False,,,1789632305863.2778,False,,6,1,,1789632306514.965,,,,,,session_20260917_030402,Standstill,
,,,,,,False,,,False,1789632311502.4,,,unknown,[],,[],0,7,[],,,,,,,,,[],,,,,,,,,True,0.0,,,disarmed,False,,,1789632309729.7102,False,,7,1,,,,,,,,session_20260917_030402,Right Fade,
,,,139.29000000000002,,,False,,,False,1789632313374.0,,,unknown,[],,[],0,8,[],,,,,EXCELLENT,645.1,,,[],,,,,,,,,True,0.0,505.81,detect_loop,released,False,,,1789632311502.4077,False,,8,1,,1789632312147.5002,,,,,,session_20260917_030402,Standstill,
,,,,,,False,,,False,1789632316945.3,,,unknown,[],,[],0,9,[],,,,,,,,,[],,,,,,,,,True,0.0,,,disarmed,False,,,1789632314807.3875,False,,9,1,,,,,,,,session_20260917_030402,Right Fade,
,,,,,,False,,,False,1789632317279.1,,,unknown,[],,[],0,10,[],,,,,,,,,[],,,,,,,,,True,0.0,,,disarmed,False,,,1789632315768.4543,False,,10,1,,,,,,,,session_20260917_030402,Right Fade,
,,,,,,False,,,False,1789632317580.6,,,unknown,[],,[],0,11,[],,,,,,,,,[],,,,,,,,,True,0.0,,,disarmed,False,,,1789632316017.8235,False,,11,1,,,,,,,,session_20260917_030402,Left Fade,
,,,138.38,,,False,,,False,1789632319691.3,,,unknown,[],,[],0,12,[],,,,,EXCELLENT,652.7,,,[],,,,,,,,,True,0.0,514.32,detect_loop,released,False,,,1789632317944.748,False,,12,1,,1789632318597.4514,,,,,,session_20260917_030402,Standstill,
,,,,,,False,,,False,1789632323175.3,,,unknown,[],,[],0,13,[],,,,,,,,,[],,,,,,,,,True,0.0,,,disarmed,False,,,1789632321202.8567,False,,13,1,,,,,,,,session_20260917_030402,Left Fade,
,,,,,,False,,,False,1789632324004.4,,,unknown,[],,[],0,14,[],,,,,,,,,[],,,,,,,,,True,0.0,,,disarmed,False,,,1789632322209.4155,False,,14,1,,,,,,,,session_20260917_030402,Left Fade,
,,,112.41999999999999,,,False,,,False,1789632325192.0,,,unknown,[],,[],0,15,[],,,,,EARLY,300.9,,,[],,,,,,,,,True,0.0,188.48,detect_loop,released,False,,,1789632322871.3157,False,,15,1,,1789632323172.1707,,,,,,session_20260917_030402,Left Fade,
,,,,,,False,,,False,1789632328148.2,,,unknown,[],,[],0,16,[],,,,,,,,,[],,,,,,,,,True,0.0,,,disarmed,False,,,1789632326267.5596,False,,16,1,,,,,,,,session_20260917_030402,Right Fade,
,,,454.54999999999995,,,False,,,False,1789632331718.9,,,unknown,[],,[],0,17,[],,,,,EARLY,689.3,,,[],,,,,,,,,True,0.0,234.75,detect_loop,released,False,,,1789632327457.5962,False,,17,1,,1789632328146.8877,,,,,,session_20260917_030402,Standstill,
,,,554.35,,,False,,,False,1789632334767.7,,,unknown,[],,[],0,18,[],,,,,EXCELLENT,684.2,,,[],,,,,,,,,True,0.0,129.85,detect_loop,released,False,,,1789632330362.737,False,,18,1,,1789632331046.9556,,,,,,session_20260917_030402,Standstill,
,,,137.48000000000002,,,False,,,False,1789632335356.6,,,unknown,[],,[],0,19,[],,,,,EXCELLENT,647.2,,,[],,,,,,,,,True,0.0,509.72,detect_loop,released,False,,,1789632333416.4429,False,,19,1,,1789632334063.6238,,,,,,session_20260917_030402,Standstill,
,,,,,,False,,,False,1789632338653.5,,,unknown,[],,[],0,20,[],,,,,,,,,[],,,,,,,,,True,0.0,,,disarmed,False,,,1789632336878.4722,False,,20,1,,,,,,,,session_20260917_030402,Left Fade,
,,,,,,False,,,False,1789632346133.9,,,unknown,[],,[],0,21,[],,,,,,,,,[],,,,,,,,,True,0.0,555.78,detect_loop,unanswered,False,,,1789632338068.8057,False,,21,1,,,,,,,,session_20260917_030402,Go-To,
,,,,,,False,,,False,1789632346957.5,,,unknown,[],,[],0,22,[],,,,,,,,,[],,,,,,,,,True,0.0,,,unanswered,False,,,1789632338897.618,False,,22,1,,,,,,,,session_20260917_030402,Go-To,
,,,,,,False,,,False,1789632346133.9,,,unknown,[],,[],0,23,[],,,,,,1189.3,,,[],,,,,,,,,True,0.0,,,released,False,,,1789632341203.4207,False,,23,1,,1789632342392.7344,,,,,,session_20260917_030402,Right Fade,
,,,138.45,,,False,,,False,1789632345173.9,,,unknown,[],,[],0,24,[],,,,,EXCELLENT,640.9,,,[],,,,,,,,,True,0.0,502.45,detect_loop,released,False,,,1789632343138.499,False,,24,1,,1789632343779.4397,,,,,,session_20260917_030402,Standstill,
,,,136.45999999999992,,,False,,,False,1789632350751.7,,,unknown,[],,[],0,25,[],,,,,LATE,657.4,,,[],,,,,,,,,True,0.0,520.94,detect_loop,released,False,,,1789632346471.5562,False,,25,1,,1789632347128.9822,,,,,,session_20260917_030402,Standstill,
,,,139.28000000000003,,,False,,,False,1789632351588.4,,,unknown,[],,[],0,26,[],,,,,LATE,649.2,,,[],,,,,,,,,True,0.0,509.92,detect_loop,released,False,,,1789632349546.6123,False,,26,1,,1789632350195.7788,,,,,,session_20260917_030402,Standstill,
,,,118.67999999999995,,,False,,,False,1789632354588.5,,,unknown,[],,[],0,27,[],,,,,EARLY,621.4,,,[],,,,,,,,,True,0.0,502.72,detect_loop,released,False,,,1789632352571.1365,False,,27,1,,1789632353192.487,,,,,,session_20260917_030402,Standstill,
,,,116.57000000000005,,,False,,,False,1789632361168.7,,,unknown,[],,[],0,28,[],,,,,LATE,690.6,,,[],,,,,,,,,True,0.0,574.03,detect_loop,released,False,,,1789632356848.9597,False,,28,1,,1789632357539.5269,,,,,,session_20260917_030402,Standstill,
,,,90.59000000000003,,,False,,,False,1789632362022.6,,,unknown,[],,[],0,29,[],,,,,LATE,681.9,,,[],,,,,,,,,True,0.0,591.31,detect_loop,released,False,,,1789632360083.2058,False,,29,1,,1789632360765.1223,,,,,,session_20260917_030402,Standstill,
,,,125.82999999999998,,,False,,,False,1789632365439.6,,,unknown,[],,[],0,30,[],,,,,EXCELLENT,635.5,,,[],,,,,,,,,True,0.0,509.67,detect_loop,released,False,,,1789632363498.9128,False,,30,1,,1789632364134.4282,,,,,,session_20260917_030402,Standstill,
,,,136.54000000000008,,,False,,,False,1789632368438.4,,,unknown,[],,[],0,31,[],,,,,EXCELLENT,654.7,,,[],,,,,,,,,True,0.0,518.16,detect_loop,released,False,,,1789632366537.014,False,,31,1,,1789632367191.6992,,,,,,session_20260917_030402,Standstill,
,,,,,,False,,,False,1789632372025.3,,,unknown,[],,[],0,32,[],,,,,,,,,[],,,,,,,,,True,0.0,,,disarmed,False,,,1789632370237.8484,False,,32,1,,,,,,,,session_20260917_030402,Right Fade,
,,,134.32000000000005,,,False,,,False,1789632373238.6,,,unknown,[],,[],0,33,[],,,,,EXCELLENT,644.7,,,[],,,,,,,,,True,0.0,510.38,detect_loop,released,False,,,1789632371380.5469,False,,33,1,,1789632372025.2852,,,,,,session_20260917_030402,Standstill,
,,,85.61000000000001,,,False,,,False,1789632492336.8,,,unknown,[],,[],0,1,[],,,,,EXCELLENT,690.7,,,[],,,,,,,,,True,0.0,605.09,detect_loop,released,False,,,1789632488095.2083,False,,1,1,,1789632488785.931,,,,,,session_20260917_030758,Standstill,
,,,153.43000000000006,,,False,,,False,1789632496132.1,,,unknown,[],,[],0,2,[],,,,,LATE,994.6,,,[],,,,,,,,,True,0.0,841.17,detect_loop,released,False,,,1789632491423.146,False,,2,1,,1789632492417.7039,,,,,,session_20260917_030758,Left Fade,
,,,102.13999999999999,,,False,,,False,1789632496415.4,,,unknown,[],,[],0,3,[],,,,,EARLY,669.0,,,[],,,,,,,,,True,0.0,566.86,detect_loop,released,False,,,1789632494497.0386,False,,3,1,,1789632495165.9893,,,,,,session_20260917_030758,Standstill,
,,,,,,False,,,False,1789632499261.9,,,unknown,[],,[],0,4,[],,,,,,,,,[],,,,,,,,,True,0.0,77.52,detect_loop,disarmed,False,,,1789632497524.739,False,,4,1,,,,,,,,session_20260917_030758,Standstill,
,,,134.51999999999998,,,False,,,False,1789632502547.9,,,unknown,[],,[],0,5,[],,,,,EXCELLENT,648.6,,,[],,,,,,,,,True,0.0,514.08,detect_loop,released,False,,,1789632500650.4622,False,,5,1,,1789632501299.0671,,,,,,session_20260917_030758,Standstill,
,,,115.11000000000001,,,False,,,False,1789632507844.4,,,unknown,[],,[],0,6,[],,,,,LATE,942.2,,,[],,,,,,,,,True,0.0,827.09,detect_loop,released,False,,,1789632504449.375,False,,6,1,,1789632505391.5278,,,,,,session_20260917_030758,Right Fade,
,,,,,,False,,,False,1789632513894.1,,,unknown,[],,[],0,7,[],,,,,,1157.3,,,[],,,,,,,,,True,0.0,,,released,False,,,1789632509085.209,False,,7,1,,1789632510242.475,,,,,,session_20260917_030758,Left Fade,
,,,194.7299999999999,,,False,,,False,1789632515712.2,,,unknown,[],,[],0,8,[],,,,,EXCELLENT,908.3,,,[],,,,,,,,,True,0.0,713.57,detect_loop,released,False,,,1789632511249.0425,False,,8,1,,1789632512157.3767,,,,,,session_20260917_030758,Left Fade,
,,,644.8199999999999,,,False,,,False,1789632516462.5,,,unknown,[],,[],0,9,[],,,,,EXCELLENT,646.4,,,[],,,,,,,,,True,0.0,1.58,detect_loop,released,False,,,1789632514416.9204,False,,9,1,,1789632515063.3438,,,,,,session_20260917_030758,Standstill,
,,,111.50999999999999,,,False,,,False,1789632520175.3,,,unknown,[],,[],0,10,[],,,,,LATE,996.7,,,[],,,,,,,,,True,0.0,885.19,detect_loop,released,False,,,1789632517876.9338,False,,10,1,,1789632518873.6614,,,,,,session_20260917_030758,Right Fade,
,,,110.01999999999998,,,False,,,False,1789632526076.0,,,unknown,[],,[],0,11,[],,,,,,953.8,,,[],,,,,,,,,True,0.0,843.78,detect_loop,released,False,,,1789632521432.4944,False,,11,1,,1789632522386.3235,,,,,,session_20260917_030758,Right Fade,
,,,,,,False,,,False,1789632525245.4,,,unknown,[],,[],0,12,[],,,,,,,,,[],,,,,,,,,True,0.0,,,disarmed,False,,,1789632524018.821,False,,12,1,,,,,,,,session_20260917_030758,Standstill,
,,,,,,False,,,False,1789632528620.3,,,unknown,[],,[],0,13,[],,,,,,,,,[],,,,,,,,,True,0.0,,,disarmed,False,,,1789632527282.633,False,,13,1,,,,,,,,session_20260917_030758,Standstill,
,,,133.53999999999996,,,False,,,False,1789632530274.8,,,unknown,[],,[],0,14,[],,,,,EXCELLENT,641.9,,,[],,,,,,,,,True,0.0,508.36,detect_loop,released,False,,,1789632528356.0723,False,,14,1,,1789632528997.9575,,,,,,session_20260917_030758,Standstill,
,,,102.60000000000002,,,False,,,False,1789632537605.2,,,unknown,[],,[],0,15,[],,,,,EXCELLENT,904.2,,,[],,,,,,,,,True,0.0,801.6,detect_loop,released,False,,,1789632535505.734,False,,15,1,,1789632536409.892,,,,,,session_20260917_030758,Left Fade,
,,,85.99000000000001,,,False,,,False,1789632541509.2,,,unknown,[],,[],0,16,[],,,,,EXCELLENT,968.4,,,[],,,,,,,,,True,0.0,882.41,detect_loop,released,False,,,1789632539375.301,False,,16,1,,1789632540343.6724,,,,,,session_20260917_030758,Right Fade,
,,,94.40999999999997,,,False,,,False,1789632545213.5,,,unknown,[],,[],0,17,[],,,,,EXCELLENT,927.8,,,[],,,,,,,,,True,0.0,833.39,detect_loop,released,False,,,1789632543250.1467,False,,17,1,,1789632544177.9663,,,,,,session_20260917_030758,Right Fade,
,,,78.6099999999999,,,False,,,False,1789632550842.6,,,unknown,[],,[],0,18,[],,,,,EARLY,683.3,,,[],,,,,,,,,True,0.0,604.69,detect_loop,released,False,,,1789632546636.9924,False,,18,1,,1789632547320.3318,,,,,,session_20260917_030758,Standstill,
,,,118.63,,,False,,,False,1789632551564.0,,,unknown,[],,[],0,19,[],,,,,EXCELLENT,647.2,,,[],,,,,,,,,True,0.0,528.57,detect_loop,released,False,,,1789632549638.1492,False,,19,1,,1789632550285.303,,,,,,session_20260917_030758,Standstill,
,,,190.38,,,False,,,False,1789632557875.6,,,unknown,[],,[],0,20,[],,,,,LATE,911.2,,,[],,,,,,,,,True,0.0,720.82,detect_loop,released,False,,,1789632553217.033,False,,20,1,,1789632554128.2212,,,,,,session_20260917_030758,Right Fade,
,,,79.94999999999993,,,False,,,False,1789632560674.0,,,unknown,[],,[],0,21,[],,,,,LATE,929.8,,,[],,,,,,,,,True,0.0,849.85,detect_loop,released,False,,,1789632558264.1094,False,,21,1,,1789632559193.8674,,,,,,session_20260917_030758,Left Fade,
,,,125.37000000000006,,,False,,,False,1789632563174.3,,,unknown,[],,[],0,22,[],,,,,EXCELLENT,636.2,,,[],,,,,,,,,True,0.0,510.83,detect_loop,released,False,,,1789632561331.4006,False,,22,1,,1789632561967.6252,,,,,,session_20260917_030758,Standstill,
,,,98.66999999999996,,,False,,,False,1789632566406.1,,,unknown,[],,[],0,23,[],,,,,EXCELLENT,936.3,,,[],,,,,,,,,True,0.0,837.63,detect_loop,released,False,,,1789632564323.036,False,,23,1,,1789632565259.331,,,,,,session_20260917_030758,Right Fade,
,,,118.51999999999998,,,False,,,False,1789632571323.1,,,unknown,[],,[],0,24,[],,,,,EXCELLENT,891.5,,,[],,,,,,,,,True,0.0,772.98,detect_loop,released,False,,,1789632569183.5405,False,,24,1,,1789632570075.0735,,,,,,session_20260917_030758,Left Fade,
,,,116.27999999999997,,,False,,,False,1789632575021.2,,,unknown,[],,[],0,25,[],,,,,EXCELLENT,895.5,,,[],,,,,,,,,True,0.0,779.22,detect_loop,released,False,,,1789632572812.462,False,,25,1,,1789632573707.96,,,,,,session_20260917_030758,Left Fade,
,,,101.88999999999999,,,False,,,False,1789632578819.8,,,unknown,[],,[],0,26,[],,,,,EXCELLENT,948.4,,,[],,,,,,,,,True,0.0,846.51,detect_loop,released,False,,,1789632577160.1943,False,,26,1,,1789632578108.6401,,,,,,session_20260917_030758,Right Fade,
,,,100.86000000000001,,,False,,,False,1789632583872.1,,,unknown,[],,[],0,27,[],,,,,EXCELLENT,928.4,,,[],,,,,,,,,True,0.0,827.54,detect_loop,released,False,,,1789632581696.0115,False,,27,1,,1789632582624.4204,,,,,,session_20260917_030758,Right Fade,
,,,111.36000000000001,,,False,,,False,1789632587471.6,,,unknown,[],,[],0,28,[],,,,,EARLY,670.2,,,[],,,,,,,,,True,0.0,558.84,detect_loop,released,False,,,1789632585345.2434,False,,28,1,,1789632586015.4446,,,,,,session_20260917_030758,Standstill,
,,,109.54000000000002,,,False,,,False,1789632590570.2,,,unknown,[],,[],0,29,[],,,,,EXCELLENT,619.2,,,[],,,,,,,,,True,0.0,509.66,detect_loop,released,False,,,1789632588612.961,False,,29,1,,1789632589232.153,,,,,,session_20260917_030758,Standstill,
,,,110.83000000000004,,,False,,,False,1789632593670.4,,,unknown,[],,[],0,30,[],,,,,EXCELLENT,634.2,,,[],,,,,,,,,True,0.0,523.37,detect_loop,released,False,,,1789632591581.3638,False,,30,1,,1789632592215.5256,,,,,,session_20260917_030758,Standstill,
,,,125.57000000000005,,,False,,,False,1789632597003.6,,,unknown,[],,[],0,31,[],,,,,EXCELLENT,635.2,,,[],,,,,,,,,True,0.0,509.63,detect_loop,released,False,,,1789632595046.7808,False,,31,1,,1789632595681.9363,,,,,,session_20260917_030758,Standstill,
,,,111.48000000000002,,,False,,,False,1789632600021.2,,,unknown,[],,[],0,32,[],,,,,EXCELLENT,632.4,,,[],,,,,,,,,True,0.0,520.92,detect_loop,released,False,,,1789632598050.3677,False,,32,1,,1789632598682.7197,,,,,,session_20260917_030758,Standstill,
,,,127.27000000000021,,,False,,,False,1789632604122.4,,,unknown,[],,[],0,33,[],,,,,EXCELLENT,2102.8,,,[],,,,,,,,,True,0.0,1975.53,detect_loop,released,False,,,1789632600578.5642,False,,33,1,,1789632602681.3928,,,,,,session_20260917_030758,Go-To,
,,,,,,False,,,False,1789632613747.8,,,unknown,[],,[],0,34,[],,,,,,,,,[],,,,,,,,,True,0.0,,,unanswered,False,,,1789632605657.9382,False,,34,1,,,,,,,,session_20260917_030758,Go-To,
,,,-71.10000000000002,,,False,,,False,1789632610943.0,,,unknown,[],,[],0,35,[],,,,,EARLY,654.1,,,[],,,,,,,,,True,0.0,725.2,detect_loop,released,False,,,1789632606731.2412,False,,35,1,,1789632607385.3765,,,,,,session_20260917_030758,Standstill,
,,,,,,False,,,False,1789632618287.8,,,unknown,[],,[],0,36,[],,,,,,,,,[],,,,,,,,,True,0.0,,,unanswered,False,,,1789632610152.2566,False,,36,1,,,,,,,,session_20260917_030758,Go-To,
,,,127.89000000000004,,,False,,,False,1789632612923.2,,,unknown,[],,[],0,37,[],,,,,EXCELLENT,627.6,,,[],,,,,,,,,True,0.0,499.71,detect_loop,released,False,,,1789632610972.3875,False,,37,1,,1789632611599.9634,,,,,,session_20260917_030758,Standstill,
,,,,,,False,,,False,1789632622255.5,,,unknown,[],,[],0,38,[],,,,,,,,,[],,,,,,,,,True,0.0,,,unanswered,False,,,1789632614030.8113,False,,38,1,,,,,,,,session_20260917_030758,Go-To,
,,,94.32999999999993,,,False,,,False,1789632616974.3,,,unknown,[],,[],0,39,[],,,,,EXCELLENT,632.3,,,[],,,,,,,,,True,0.0,537.97,detect_loop,released,False,,,1789632615034.0303,False,,39,1,,1789632615666.2876,,,,,,session_20260917_030758,Standstill,
,,,98.82000000000005,,,False,,,False,1789632620474.6,,,unknown,[],,[],0,40,[],,,,,EXCELLENT,937.5,,,[],,,,,,,,,True,0.0,838.68,detect_loop,released,False,,,1789632618287.8064,False,,40,1,,1789632619225.3262,,,,,,session_20260917_030758,Right Fade,
,,,117.54000000000008,,,False,,,False,1789632626275.6,,,unknown,[],,[],0,41,[],,,,,LATE,946.1,,,[],,,,,,,,,True,0.0,828.56,detect_loop,released,False,,,1789632623913.2832,False,,41,1,,1789632624859.347,,,,,,session_20260917_030758,Left Fade,
,,,99.39999999999998,,,False,,,False,1789632629873.4,,,unknown,[],,[],0,42,[],,,,,EARLY,933.8,,,[],,,,,,,,,True,0.0,834.4,detect_loop,released,False,,,1789632627642.1167,False,,42,1,,1789632628575.8955,,,,,,session_20260917_030758,Left Fade,
,,,48.3900000000001,,,False,,,False,1789632636437.2,,,unknown,[],,[],0,43,[],,,,,EARLY,1030.4,,,[],,,,,,,,,True,0.0,982.01,detect_loop,released,False,,,1789632631861.8855,False,,43,1,,1789632632892.2654,,,,,,session_20260917_030758,Right Fade,
,,,99.17999999999995,,,False,,,False,1789632637757.2,,,unknown,[],,[],0,44,[],,,,,EXCELLENT,930.8,,,[],,,,,,,,,True,0.0,831.62,detect_loop,released,False,,,1789632635528.0166,False,,44,1,,1789632636458.767,,,,,,session_20260917_030758,Right Fade,
,,,92.88,,,False,,,False,1789632642357.0,,,unknown,[],,[],0,45,[],,,,,EXCELLENT,903.5,,,[],,,,,,,,,True,0.0,810.62,detect_loop,released,False,,,1789632640105.4067,False,,45,1,,1789632641008.8965,,,,,,session_20260917_030758,Left Fade,
,,,98.58999999999992,,,False,,,False,1789632646455.4,,,unknown,[],,[],0,46,[],,,,,EARLY,899.3,,,[],,,,,,,,,True,0.0,800.71,detect_loop,released,False,,,1789632643926.2368,False,,46,1,,1789632644825.5608,,,,,,session_20260917_030758,Left Fade,
,,,116.50999999999999,,,False,,,False,1789632649806.9,,,unknown,[],,[],0,47,[],,,,,EXCELLENT,911.7,,,[],,,,,,,,,True,0.0,795.19,detect_loop,released,False,,,1789632647563.215,False,,47,1,,1789632648474.8945,,,,,,session_20260917_030758,Left Fade,
,,,36.819999999999936,,,False,,,False,1789632656609.6,,,unknown,[],,[],0,48,[],,,,,LATE,1074.0,,,[],,,,,,,,,True,0.0,1037.18,detect_loop,released,False,,,1789632651973.9353,False,,48,1,,1789632653047.9548,,,,,,session_20260917_030758,Right Fade,
,,,98.25,,,False,,,False,1789632658807.6,,,unknown,[],,[],0,49,[],,,,,LATE,924.3,,,[],,,,,,,,,True,0.0,826.05,detect_loop,released,False,,,1789632655682.5288,False,,49,1,,1789632656606.8718,,,,,,session_20260917_030758,Right Fade,
,,,-102.94999999999993,,,False,,,False,1789632662871.2,,,unknown,[],,[],0,50,[],,,,,EARLY,653.1,,,[],,,,,,,,,True,0.0,756.05,detect_loop,released,False,,,1789632658516.834,False,,50,1,,1789632659169.9714,,,,,,session_20260917_030758,Standstill,
,,,125.66000000000003,,,False,,,False,1789632663305.3,,,unknown,[],,[],0,51,[],,,,,EXCELLENT,633.1,,,[],,,,,,,,,True,0.0,507.44,detect_loop,released,False,,,1789632661465.4817,False,,51,1,,1789632662098.618,,,,,,session_20260917_030758,Standstill,
,,,125.63999999999999,,,False,,,False,1789632668238.9,,,unknown,[],,[],0,52,[],,,,,LATE,639.4,,,[],,,,,,,,,True,0.0,513.76,detect_loop,released,False,,,1789632664408.9688,False,,52,1,,1789632665048.35,,,,,,session_20260917_030758,Standstill,
,,,126.09000000000003,,,False,,,False,1789632670339.5,,,unknown,[],,[],0,53,[],,,,,EXCELLENT,632.6,,,[],,,,,,,,,True,0.0,506.51,detect_loop,released,False,,,1789632668431.9001,False,,53,1,,1789632669064.459,,,,,,session_20260917_030758,Standstill,
,,,103.34000000000003,,,False,,,False,1789632744077.4,,,unknown,[],,[],0,1,[],,,,,EARLY,632.6,,,[],,,,,,,,,True,0.0,529.26,detect_loop,released,False,,,1789632742072.107,False,,1,1,,1789632742704.6753,,,,,,session_20260917_031210,Standstill,
,,,125.65999999999997,,,False,,,False,1789632746977.0,,,unknown,[],,[],0,2,[],,,,,EXCELLENT,631.8,,,[],,,,,,,,,True,0.0,506.14,detect_loop,released,False,,,1789632745039.3704,False,,2,1,,1789632745671.1401,,,,,,session_20260917_031210,Standstill,
,,,96.86999999999989,,,False,,,False,1789632753270.2,,,unknown,[],,[],0,3,[],,,,,LATE,1190.3,,,[],,,,,,,,,True,0.0,1093.43,detect_loop,released,False,,,1789632748434.9072,False,,3,1,,1789632749625.238,,,,,,session_20260917_031210,Right Fade,
,,,82.17000000000007,,,False,,,False,1789632756403.4,,,unknown,[],,[],0,4,[],,,,,LATE,885.7,,,[],,,,,,,,,True,0.0,803.53,detect_loop,released,False,,,1789632751992.723,False,,4,1,,1789632752878.4126,,,,,,session_20260917_031210,Left Fade,
,,,-74.70000000000005,,,False,,,False,1789632759959.6,,,unknown,[],,[],0,5,[],,,,,EARLY,654.9,,,[],,,,,,,,,True,0.0,729.6,detect_loop,released,False,,,1789632755749.3132,False,,5,1,,1789632756404.1675,,,,,,session_20260917_031210,Standstill,
,,,119.77999999999997,,,False,,,False,1789632761628.0,,,unknown,[],,[],0,6,[],,,,,EXCELLENT,633.1,,,[],,,,,,,,,True,0.0,513.32,detect_loop,released,False,,,1789632759620.2473,False,,6,1,,1789632760253.3557,,,,,,session_20260917_031210,Standstill,
,,,128.32000000000005,,,False,,,False,1789632765041.7,,,unknown,[],,[],0,7,[],,,,,EXCELLENT,640.5,,,[],,,,,,,,,True,0.0,512.18,detect_loop,released,False,,,1789632763161.8066,False,,7,1,,1789632763802.3062,,,,,,session_20260917_031210,Standstill,
,,,,,,False,,,False,1789632771360.4,,,unknown,[],,[],0,8,[],,,,,,653.6,,,[],,,,,,,,,True,0.0,,,released,False,,,1789632767185.4048,False,,8,1,,1789632767838.971,,,,,,session_20260917_031210,Standstill,
,,,154.90999999999997,,,False,,,False,1789632773161.6,,,unknown,[],,[],0,9,[],,,,,LATE,667.9,,,[],,,,,,,,,True,0.0,512.99,detect_loop,released,False,,,1789632768950.5452,False,,9,1,,1789632769618.4724,,,,,,session_20260917_031210,Standstill,
,,,126.09000000000003,,,False,,,False,1789632774090.3,,,unknown,[],,[],0,10,[],,,,,EXCELLENT,642.6,,,[],,,,,,,,,True,0.0,516.51,detect_loop,released,False,,,1789632772308.6895,False,,10,1,,1789632772951.2532,,,,,,session_20260917_031210,Standstill,
,,,35.25999999999999,,,False,,,False,1789632781157.1,,,unknown,[],,[],0,11,[],,,,,EARLY,1087.5,,,[],,,,,,,,,True,0.0,1052.24,detect_loop,released,False,,,1789632776540.2778,False,,11,1,,1789632777627.7356,,,,,,session_20260917_031210,Right Fade,
,,,101.62,,,False,,,False,1789632782791.2,,,unknown,[],,[],0,12,[],,,,,EARLY,885.7,,,[],,,,,,,,,True,0.0,784.08,detect_loop,released,False,,,1789632780490.2747,False,,12,1,,1789632781375.9414,,,,,,session_20260917_031210,Left Fade,
,,,100.57999999999993,,,False,,,False,1789632786622.5,,,unknown,[],,[],0,13,[],,,,,EXCELLENT,923.8,,,[],,,,,,,,,True,0.0,823.22,detect_loop,released,False,,,1789632784451.77,False,,13,1,,1789632785375.5225,,,,,,session_20260917_031210,Right Fade,
,,,,,,False,,,False,1789639364168.6,,,unknown,[],,[],0,1,[],,,,,,,,,[],,,,,,,,,True,0.0,,,unanswered,False,,,1789639355983.9937,False,,1,1,,,,,,,,session_20260917_050219,Standstill,
,,,,,,False,,,False,1789639358617.0,,,unknown,[],,[],0,2,[],,,,,,,,,[],,,,,,,,,True,0.0,,,disarmed,False,,,1789639357416.4578,False,,2,1,,,,,,,,session_20260917_050219,Standstill,
,,,110.57000000000005,,,False,,,False,1789639366265.7,,,unknown,[],,[],0,3,[],,,,,EARLY,716.6,,,[],,,,,,,,,True,0.0,606.03,detect_loop,released,False,,,1789639361823.8865,False,,3,1,,1789639362540.5315,,,,,,session_20260917_050219,Standstill,
,,,642.75,,,False,,,False,1789639366824.7,,,unknown,[],,[],0,4,[],,,,,EXCELLENT,646.8,,,[],,,,,,,,,True,0.0,4.05,detect_loop,released,False,,,1789639364907.1375,False,,4,1,,1789639365553.9033,,,,,,session_20260917_050219,Standstill,
,,,179.29000000000002,,,False,,,False,1789639372140.8,,,unknown,[],,[],0,5,[],,,,,EARLY,606.6,,,[],,,,,,,,,True,0.0,427.31,detect_loop,released,False,,,1789639367839.4507,False,,5,1,,1789639368446.0269,,,,,,session_20260917_050219,Standstill,
,,,179.10999999999996,,,False,,,False,1789639374710.9,,,unknown,[],,[],0,6,[],,,,,EXCELLENT,616.4,,,[],,,,,,,,,True,0.0,437.29,detect_loop,released,False,,,1789639370454.1196,False,,6,1,,1789639371070.5657,,,,,,session_20260917_050219,Standstill,
,,,603.78,,,False,,,False,1789639377144.6,,,unknown,[],,[],0,7,[],,,,,EARLY,608.5,,,[],,,,,,,,,True,0.0,4.72,detect_loop,released,False,,,1789639372999.6172,False,,7,1,,1789639373608.1062,,,,,,session_20260917_050219,Standstill,
,,,169.59000000000003,,,False,,,False,1789639379978.6,,,unknown,[],,[],0,8,[],,,,,,608.7,,,[],,,,,,,,,True,0.0,439.11,detect_loop,released,False,,,1789639375825.6306,False,,8,1,,1789639376434.311,,,,,,session_20260917_050219,Standstill,
,,,179.93999999999994,,,False,,,False,1789639385049.5,,,unknown,[],,[],0,9,[],,,,,EXCELLENT,610.8,,,[],,,,,,,,,True,0.0,430.86,detect_loop,released,False,,,1789639380832.9504,False,,9,1,,1789639381443.7605,,,,,,session_20260917_050219,Standstill,
,,,649.1,,,False,,,False,1789639387910.5,,,unknown,[],,[],0,10,[],,,,,EARLY,653.4,,,[],,,,,,,,,True,0.0,4.3,detect_loop,released,False,,,1789639383571.4482,False,,10,1,,1789639384224.8447,,,,,,session_20260917_050219,Standstill,
,,,193.02999999999997,,,False,,,False,1789639391146.8,,,unknown,[],,[],0,11,[],,,,,EXCELLENT,692.3,,,[],,,,,,,,,True,0.0,499.27,detect_loop,released,False,,,1789639386718.582,False,,11,1,,1789639387410.839,,,,,,session_20260917_050219,Standstill,
,,,204.48999999999995,,,False,,,False,1789639393769.4,,,unknown,[],,[],0,12,[],,,,,EXCELLENT,662.3,,,[],,,,,,,,,True,0.0,457.81,detect_loop,released,False,,,1789639389394.7148,False,,12,1,,1789639390057.007,,,,,,session_20260917_050219,Standstill,
,,,179.07000000000005,,,False,,,False,1789639396407.8,,,unknown,[],,[],0,13,[],,,,,EARLY,612.1,,,[],,,,,,,,,True,0.0,433.03,detect_loop,released,False,,,1789639392082.002,False,,13,1,,1789639392694.0603,,,,,,session_20260917_050219,Standstill,
,,,182.29000000000002,,,False,,,False,1789639400251.7,,,unknown,[],,[],0,14,[],,,,,EARLY,620.6,,,[],,,,,,,,,True,0.0,438.31,detect_loop,released,False,,,1789639396126.1375,False,,14,1,,1789639396746.7346,,,,,,session_20260917_050219,Standstill,
,,,218.87,,,False,,,False,1789639402409.7,,,unknown,[],,[],0,15,[],,,,,EXCELLENT,662.4,,,[],,,,,,,,,True,0.0,443.53,detect_loop,released,False,,,1789639400470.9688,False,,15,1,,1789639401133.3628,,,,,,session_20260917_050219,Standstill,
,,,193.31999999999994,,,False,,,False,1789639407019.6,,,unknown,[],,[],0,16,[],,,,,EXCELLENT,655.8,,,[],,,,,,,,,True,0.0,462.48,detect_loop,released,False,,,1789639402805.8008,False,,16,1,,1789639403461.5574,,,,,,session_20260917_050219,Standstill,
,,,208.95000000000005,,,False,,,False,1789639409314.6,,,unknown,[],,[],0,17,[],,,,,,659.2,,,[],,,,,,,,,True,0.0,450.25,detect_loop,released,False,,,1789639405148.738,False,,17,1,,1789639405807.9421,,,,,,session_20260917_050219,Standstill,
,,,218.94000000000005,,,False,,,False,1789639411907.0,,,unknown,[],,[],0,18,[],,,,,EXCELLENT,658.2,,,[],,,,,,,,,True,0.0,439.26,detect_loop,released,False,,,1789639407507.1423,False,,18,1,,1789639408165.383,,,,,,session_20260917_050219,Standstill,
,,,194.12,,,False,,,False,1789639412007.3,,,unknown,[],,[],0,19,[],,,,,LATE,665.4,,,[],,,,,,,,,True,0.0,471.28,detect_loop,released,False,,,1789639409880.4868,False,,19,1,,1789639410545.8787,,,,,,session_20260917_050219,Standstill,
,,,664.13,,,False,,,False,1789639416556.3,,,unknown,[],,[],0,20,[],,,,,LATE,670.7,,,[],,,,,,,,,True,0.0,6.57,detect_loop,released,False,,,1789639412230.746,False,,20,1,,1789639412901.487,,,,,,session_20260917_050219,Standstill,
,,,228.46999999999997,,,False,,,False,1789639419611.6,,,unknown,[],,[],0,21,[],,,,,LATE,664.9,,,[],,,,,,,,,True,0.0,436.43,detect_loop,released,False,,,1789639415273.1682,False,,21,1,,1789639415938.0522,,,,,,session_20260917_050219,Standstill,
,,,153.39,,,False,,,False,1789639423956.3,,,unknown,[],,[],0,22,[],,,,,EARLY,1020.4,,,[],,,,,,,,,True,0.0,867.01,detect_loop,released,False,,,1789639419363.889,False,,22,1,,1789639420384.2815,,,,,,session_20260917_050219,Right Fade,
,,,227.70999999999998,,,False,,,False,1789639426518.7,,,unknown,[],,[],0,23,[],,,,,,662.0,,,[],,,,,,,,,True,0.0,434.29,detect_loop,released,False,,,1789639422327.481,False,,23,1,,1789639422989.4944,,,,,,session_20260917_050219,Standstill,
,,,225.08000000000004,,,False,,,False,1789639429604.6,,,unknown,[],,[],0,24,[],,,,,LATE,681.1,,,[],,,,,,,,,True,0.0,456.02,detect_loop,released,False,,,1789639425206.111,False,,24,1,,1789639425887.2512,,,,,,session_20260917_050219,Standstill,
,,,192.62,,,False,,,False,1789639429721.8,,,unknown,[],,[],0,25,[],,,,,EXCELLENT,617.1,,,[],,,,,,,,,True,0.0,424.48,detect_loop,released,False,,,1789639427798.687,False,,25,1,,1789639428415.7444,,,,,,session_20260917_050219,Standstill,
,,,204.37,,,False,,,False,1789639436537.0,,,unknown,[],,[],0,26,[],,,,,EXCELLENT,691.5,,,[],,,,,,,,,True,0.0,487.13,detect_loop,released,False,,,1789639432288.638,False,,26,1,,1789639432980.0898,,,,,,session_20260917_050219,Standstill,
,,,169.8,,,False,,,False,1789639436712.1,,,unknown,[],,[],0,27,[],,,,,EXCELLENT,634.5,,,[],,,,,,,,,True,0.0,464.7,detect_loop,released,False,,,1789639434743.8877,False,,27,1,,1789639435378.3733,,,,,,session_20260917_050219,Standstill,
,,,168.19,,,False,,,False,1789639441769.8,,,unknown,[],,[],0,28,[],,,,,EARLY,609.9,,,[],,,,,,,,,True,0.0,441.71,detect_loop,released,False,,,1789639437609.685,False,,28,1,,1789639438219.5632,,,,,,session_20260917_050219,Standstill,
,,,139.87999999999994,,,False,,,False,1789639444355.1,,,unknown,[],,[],0,29,[],,,,,EARLY,610.8,,,[],,,,,,,,,True,0.0,470.92,detect_loop,released,False,,,1789639440162.5576,False,,29,1,,1789639440773.4055,,,,,,session_20260917_050219,Standstill,
,,,194.25,,,False,,,False,1789639447176.0,,,unknown,[],,[],0,30,[],,,,,EXCELLENT,686.1,,,[],,,,,,,,,True,0.0,491.85,detect_loop,released,False,,,1789639442870.9727,False,,30,1,,1789639443557.0635,,,,,,session_20260917_050219,Standstill,
,,,211.34000000000003,,,False,,,False,1789639451522.5,,,unknown,[],,[],0,31,[],,,,,,1018.0,,,[],,,,,,,,,True,0.0,806.66,detect_loop,released,False,,,1789639446803.1,False,,31,1,,1789639447821.1416,,,,,,session_20260917_050219,Right Fade,
,,,165.83000000000004,,,False,,,False,1789639452962.0,,,unknown,[],,[],0,32,[],,,,,EXCELLENT,932.1,,,[],,,,,,,,,True,0.0,766.27,detect_loop,released,False,,,1789639450781.1323,False,,32,1,,1789639451713.2334,,,,,,session_20260917_050219,Left Fade,
,,,160.64999999999986,,,False,,,False,1789639459287.0,,,unknown,[],,[],0,33,[],,,,,,1065.1,,,[],,,,,,,,,True,0.0,904.45,detect_loop,released,False,,,1789639454589.9653,False,,33,1,,1789639455655.0967,,,,,,session_20260917_050219,Left Fade,
,,,158.44999999999993,,,False,,,False,1789639463116.2,,,unknown,[],,[],0,34,[],,,,,,884.9,,,[],,,,,,,,,True,0.0,726.45,detect_loop,released,False,,,1789639458530.185,False,,34,1,,1789639459415.1106,,,,,,session_20260917_050219,Left Fade,
,,,168.51,,,False,,,False,1789639465685.9,,,unknown,[],,[],0,35,[],,,,,EXCELLENT,612.4,,,[],,,,,,,,,True,0.0,443.89,detect_loop,released,False,,,1789639461448.6099,False,,35,1,,1789639462061.0586,,,,,,session_20260917_050219,Standstill,
,,,180.61000000000007,,,False,,,False,1789639468526.8,,,unknown,[],,[],0,36,[],,,,,EXCELLENT,619.7,,,[],,,,,,,,,True,0.0,439.09,detect_loop,released,False,,,1789639464315.572,False,,36,1,,1789639464935.2727,,,,,,session_20260917_050219,Standstill,
,,,164.07000000000005,,,False,,,False,1789639471983.7,,,unknown,[],,[],0,37,[],,,,,EARLY,608.7,,,[],,,,,,,,,True,0.0,444.63,detect_loop,released,False,,,1789639467628.7036,False,,37,1,,1789639468237.3547,,,,,,session_20260917_050219,Standstill,
,,,195.89,,,False,,,False,1789639472567.7,,,unknown,[],,[],0,38,[],,,,,EXCELLENT,634.0,,,[],,,,,,,,,True,0.0,438.11,detect_loop,released,False,,,1789639470579.564,False,,38,1,,1789639471213.5903,,,,,,session_20260917_050219,Standstill,
,,,468.21,,,False,,,False,1789639477397.7,,,unknown,[],,[],0,39,[],,,,,EARLY,611.4,,,[],,,,,,,,,True,0.0,143.19,detect_loop,released,False,,,1789639473217.3445,False,,39,1,,1789639473828.7666,,,,,,session_20260917_050219,Standstill,
,,,166.63,,,False,,,False,1789639480348.6,,,unknown,[],,[],0,40,[],,,,,,610.4,,,[],,,,,,,,,True,0.0,443.77,detect_loop,released,False,,,1789639476087.467,False,,40,1,,1789639476697.88,,,,,,session_20260917_050219,Standstill,
,,,172.42999999999995,,,False,,,False,1789639483435.3,,,unknown,[],,[],0,41,[],,,,,EARLY,672.4,,,[],,,,,,,,,True,0.0,499.97,detect_loop,released,False,,,1789639479115.038,False,,41,1,,1789639479787.4448,,,,,,session_20260917_050219,Standstill,
,,,186.60000000000014,,,False,,,False,1789639485794.5,,,unknown,[],,[],0,42,[],,,,,EXCELLENT,2151.9,,,[],,,,,,,,,True,0.0,1965.3,detect_loop,released,False,,,1789639482279.0059,False,,42,1,,1789639484430.9436,,,,,,session_20260917_050219,Go-To,
,,,215.17999999999984,,,False,,,False,1789639490301.9,,,unknown,[],,[],0,43,[],,,,,EXCELLENT,2136.1,,,[],,,,,,,,,True,0.0,1920.92,detect_loop,released,False,,,1789639486734.2754,False,,43,1,,1789639488870.3984,,,,,,session_20260917_050219,Go-To,
,,,172.87999999999994,,,False,,,False,1789639495662.4,,,unknown,[],,[],0,44,[],,,,,EARLY,610.8,,,[],,,,,,,,,True,0.0,437.92,detect_loop,released,False,,,1789639491396.6719,False,,44,1,,1789639492007.4226,,,,,,session_20260917_050219,Standstill,
,,,257.0400000000001,,,False,,,False,1789639496941.1,,,unknown,[],,[],0,45,[],,,,,LATE,991.7,,,[],,,,,,,,,True,0.0,734.66,detect_loop,released,False,,,1789639494891.399,False,,45,1,,1789639495883.0671,,,,,,session_20260917_050219,Right Fade,
,,,247.89,,,False,,,False,1789639503273.0,,,unknown,[],,[],0,46,[],,,,,EXCELLENT,965.1,,,[],,,,,,,,,True,0.0,717.21,detect_loop,released,False,,,1789639498703.5442,False,,46,1,,1789639499668.6726,,,,,,session_20260917_050219,Right Fade,
,,,183.72000000000003,,,False,,,False,1789639504437.4,,,unknown,[],,[],0,47,[],,,,,EARLY,912.5,,,[],,,,,,,,,True,0.0,728.78,detect_loop,released,False,,,1789639501913.1953,False,,47,1,,1789639502825.6746,,,,,,session_20260917_050219,Right Fade,
,,,203.38,,,False,,,False,1789639510243.6,,,unknown,[],,[],0,48,[],,,,,EARLY,892.5,,,[],,,,,,,,,True,0.0,689.12,detect_loop,released,False,,,1789639505816.3367,False,,48,1,,1789639506708.874,,,,,,session_20260917_050219,Left Fade,
,,,200.51,,,False,,,False,1789639511537.2,,,unknown,[],,[],0,49,[],,,,,EARLY,875.3,,,[],,,,,,,,,True,0.0,674.79,detect_loop,released,False,,,1789639509366.0115,False,,49,1,,1789639510241.3105,,,,,,session_20260917_050219,Left Fade,
,,,,,,False,,,False,1789639514013.4,,,unknown,[],,[],0,50,[],,,,,,,,,[],,,,,,,,,True,0.0,,,disarmed,False,,,1789639512741.388,False,,50,1,,,,,,,,session_20260917_050219,Standstill,
,,,215.89999999999998,,,False,,,False,1789639518655.4,,,unknown,[],,[],0,51,[],,,,,EARLY,1018.0,,,[],,,,,,,,,True,0.0,802.1,detect_loop,released,False,,,1789639516290.7502,False,,51,1,,1789639517308.7385,,,,,,session_20260917_050219,Right Fade,
,,,178.28999999999996,,,False,,,False,1789639522299.0,,,unknown,[],,[],0,52,[],,,,,EARLY,897.0,,,[],,,,,,,,,True,0.0,718.71,detect_loop,released,False,,,1789639520045.2493,False,,52,1,,1789639520942.2952,,,,,,session_20260917_050219,Left Fade,
,,,227.32999999999993,,,False,,,False,1789639527712.0,,,unknown,[],,[],0,53,[],,,,,EARLY,905.9,,,[],,,,,,,,,True,0.0,678.57,detect_loop,released,False,,,1789639523740.085,False,,53,1,,1789639524645.9697,,,,,,session_20260917_050219,Right Fade,
,,,,,,False,,,False,1789643679028.8,,,unknown,[],21.833,[],0,1,[],,,,,EARLY,1190.8,,,[],,,,,,,,,True,0.0,,,released,False,,,1789643674314.7644,False,,1,1,,1789643675505.5947,,,,,,session_20260917_061411,Right Fade,
,,,,,,False,,,False,1789643681597.5,,,unknown,[],23.583,[],0,2,[],,,,,EXCELLENT,654.1,,,[],,,,,,,,,True,0.0,,,released,False,,,1789643677273.5413,False,,2,1,,1789643677927.602,,,,,,session_20260917_061411,Standstill,
,,,,,,False,,,False,1789643684159.7,,,unknown,[],23.667,[],0,3,[],,,,,LATE,656.7,,,[],,,,,,,,,True,0.0,,,released,False,,,1789643679979.6177,False,,3,1,,1789643680636.2832,,,,,,session_20260917_061411,Standstill,
,,,,,,False,,,False,1789643687464.8,,,unknown,[],24.917,[],0,4,[],,,,,EXCELLENT,654.8,,,[],,,,,,,,,True,0.0,,,released,False,,,1789643683257.498,False,,4,1,,1789643683912.3413,,,,,,session_20260917_061411,Standstill,
,,,,,,False,,,False,1789643692780.7,,,unknown,[],27.917,[],0,5,[],,,,,EXCELLENT,653.9,,,[],,,,,,,,,True,0.0,,,released,False,,,1789643688617.5522,False,,5,1,,1789643689271.4124,,,,,,session_20260917_061411,Standstill,
,,,,,,False,,,False,1789643695587.6,,,unknown,[],26.083,[],0,6,[],,,,,EXCELLENT,653.3,,,[],,,,,,,,,True,0.0,,,released,False,,,1789643691202.7646,False,,6,1,,1789643691856.0488,,,,,,session_20260917_061411,Standstill,
,,,,,,False,,,False,1789643698148.3,,,unknown,[],26.667,[],0,7,[],,,,,EXCELLENT,652.7,,,[],,,,,,,,,True,0.0,,,released,False,,,1789643693841.0588,False,,7,1,,1789643694493.785,,,,,,session_20260917_061411,Standstill,
,,,,,,False,,,False,1789643700941.3,,,unknown,[],23.75,[],0,8,[],,,,,EXCELLENT,653.4,,,[],,,,,,,,,True,0.0,,,released,False,,,1789643696662.487,False,,8,1,,1789643697315.8428,,,,,,session_20260917_061411,Standstill,
,,,,,,False,,,False,1789643704756.9,,,unknown,[],25.583,[],0,9,[],,,,,EARLY,1157.2,,,[],,,,,,,,,True,0.0,,,released,False,,,1789643700032.467,False,,9,1,,1789643701189.6746,,,,,,session_20260917_061411,Left Fade,
,,,,,,False,,,False,1789643708821.5,,,unknown,[],24.417,[],0,10,[],,,,,LATE,1189.5,,,[],,,,,,,,,True,0.0,,,released,False,,,1789643703982.6033,False,,10,1,,1789643705172.075,,,,,,session_20260917_061411,Right Fade,
,,,,,,False,,,False,1789643710880.1,,,unknown,[],,[],0,11,[],,,,,EXCELLENT,654.5,,,[],,,,,,,,,True,0.0,,,released,False,,,1789643706711.0127,False,,11,1,,1789643707365.5156,,,,,,session_20260917_061411,Standstill,
,,,,,,False,,,False,1789643715682.5,,,unknown,[],20.25,[],0,12,[],,,,,LATE,1157.2,,,[],,,,,,,,,True,0.0,,,released,False,,,1789643710806.7122,False,,12,1,,1789643711963.872,,,,,,session_20260917_061411,Left Fade,
,,,,,,False,,,False,1789643717665.6,,,unknown,[],24.833,[],0,13,[],,,,,EARLY,654.3,,,[],,,,,,,,,True,0.0,,,released,False,,,1789643713365.438,False,,13,1,,1789643714019.725,,,,,,session_20260917_061411,Standstill,
,,,,,,False,,,False,1789643725726.8,,,unknown,[],,[],0,14,[],,,,,,,,,[],,,,,,,,,True,0.0,,,unanswered,False,,,1789643717665.5566,False,,14,1,,,,,,,,session_20260917_061411,Go-To,
,,,69.82999999999993,,,False,,,False,1789643735297.0,,,unknown,[],30.083,[],0,15,[],,,,,EARLY,689.9,,,[],,,,,,,,,True,0.0,620.07,detect_loop,released,False,,,1789643730981.6018,False,,15,1,,1789643731671.4521,,,,,,session_20260917_061411,Standstill,
,,,,,,False,,,False,1789643735602.8,,,unknown,[],,[],0,16,[],,,,,,,,,[],,,,,,,,,True,0.0,,,disarmed,False,,,1789643734089.6501,False,,16,1,,,,,,,,session_20260917_061411,Standstill,
,,,134.35000000000002,,,False,,,False,1789643739649.2,,,unknown,[],,[],0,17,[],,,,,,628.2,,,[],,,,,,,,,True,0.0,493.85,detect_loop,released,False,,,1789643735375.3882,False,,17,1,,1789643736003.5706,,,,,,session_20260917_061411,Standstill,
,,,184.09000000000003,,,False,,,False,1789643742447.8,,,unknown,[],25.0,[],0,18,[],,,,,LATE,610.2,,,[],,,,,,,,,True,0.0,426.11,detect_loop,released,False,,,1789643737842.6287,False,,18,1,,1789643738452.8564,,,,,,session_20260917_061411,Standstill,
,,,644.8499999999999,,,False,,,False,1789643742150.1,,,unknown,[],24.333,[],0,19,[],,,,,EXCELLENT,646.3,,,[],,,,,,,,,True,0.0,1.45,detect_loop,released,False,,,1789643740190.0525,False,,19,1,,1789643740836.3784,,,,,,session_20260917_061411,Standstill,
,,,136.92999999999995,,,False,,,False,1789643745049.7,,,unknown,[],29.167,[],0,20,[],,,,,EXCELLENT,671.3,,,[],,,,,,,,,True,0.0,534.37,detect_loop,released,False,,,1789643743031.4968,False,,20,1,,1789643743702.812,,,,,,session_20260917_061411,Standstill,
,,,91.6099999999999,,,False,,,False,1789643751108.8,,,unknown,[],,[],0,21,[],,,,,EARLY,1032.6,,,[],,,,,,,,,True,0.0,940.99,detect_loop,released,False,,,1789643746378.0527,False,,21,1,,1789643747410.6714,,,,,,session_20260917_061411,Right Fade,
,,,36.42999999999995,,,False,,,False,1789643755160.9,,,unknown,[],23.0,[],0,22,[],,,,,EARLY,1049.8,,,[],,,,,,,,,True,0.0,1013.37,detect_loop,released,False,,,1789643750605.751,False,,22,1,,1789643751655.5312,,,,,,session_20260917_061411,Right Fade,
,,,110.00999999999999,,,False,,,False,1789643756816.0,,,unknown,[],22.667,[],0,23,[],,,,,EXCELLENT,922.1,,,[],,,,,,,,,True,0.0,812.09,detect_loop,released,False,,,1789643754621.7285,False,,23,1,,1789643755543.8005,,,,,,session_20260917_061411,Left Fade,
,,,,,,False,,,False,1789643758377.2,,,unknown,[],,[],0,24,[],,,,,,,,,[],,,,,,,,,True,0.0,,,disarmed,False,,,1789643757043.4238,False,,24,1,,,,,,,,session_20260917_061411,Standstill,
,,,128.88,,,False,,,False,1789643762813.7,,,unknown,[],24.417,[],0,25,[],,,,,EARLY,1026.8,,,[],,,,,,,,,True,0.0,897.92,detect_loop,released,False,,,1789643760451.6438,False,,25,1,,1789643761478.4033,,,,,,session_20260917_061411,Right Fade,
,,,129.18000000000006,,,False,,,False,1789643766417.4,,,unknown,[],21.333,[],0,26,[],,,,,EXCELLENT,949.1,,,[],,,,,,,,,True,0.0,819.92,detect_loop,released,False,,,1789643764179.9006,False,,26,1,,1789643765128.999,,,,,,session_20260917_061411,Right Fade,
,,,109.66999999999996,,,False,,,False,1789643770314.9,,,unknown,[],30.5,[],0,27,[],,,,,EARLY,946.0,,,[],,,,,,,,,True,0.0,836.33,detect_loop,released,False,,,1789643767863.7395,False,,27,1,,1789643768809.754,,,,,,session_20260917_061411,Left Fade,
,,,128.72000000000003,,,False,,,False,1789643774063.4,,,unknown,[],24.417,[],0,28,[],,,,,EXCELLENT,994.7,,,[],,,,,,,,,True,0.0,865.98,detect_loop,released,False,,,1789643771766.5056,False,,28,1,,1789643772761.206,,,,,,session_20260917_061411,Right Fade,
,,,128.64,,,False,,,False,1789643778465.8,,,unknown,[],22.833,[],0,29,[],,,,,EXCELLENT,988.8,,,[],,,,,,,,,True,0.0,860.16,detect_loop,released,False,,,1789643776222.7295,False,,29,1,,1789643777211.5374,,,,,,session_20260917_061411,Right Fade,
,,,95.09000000000003,,,False,,,False,1789643785282.8,,,unknown,[],25.25,[],0,30,[],,,,,EARLY,995.7,,,[],,,,,,,,,True,0.0,900.61,detect_loop,released,False,,,1789643780547.0383,False,,30,1,,1789643781542.732,,,,,,session_20260917_061411,Left Fade,
,,,113.29000000000008,,,False,,,False,1789643789098.0,,,unknown,[],25.75,[],0,31,[],,,,,EARLY,1030.4,,,[],,,,,,,,,True,0.0,917.11,detect_loop,released,False,,,1789643784496.8662,False,,31,1,,1789643785527.2896,,,,,,session_20260917_061411,Right Fade,
,,,129.24,,,False,,,False,1789643790412.8,,,unknown,[],22.75,[],0,32,[],,,,,EXCELLENT,969.0,,,[],,,,,,,,,True,0.0,839.76,detect_loop,released,False,,,1789643788224.746,False,,32,1,,1789643789193.794,,,,,,session_20260917_061411,Right Fade,
,,,,,,False,,,False,1789668318494.9,,,unknown,[],,[],0,1,[],,,,,,,,,[],,,,,,,,,True,0.0,,,disarmed,False,,,1789668317214.8125,False,,1,1,,,,,,,,session_20260917_130500,Standstill,
,,,149.86,,,False,,,False,1789668324013.0,,,unknown,[],21.0,[],0,2,[],,,,,EXCELLENT,776.9,,,[],,,,,,,,,True,0.0,627.04,detect_loop,released,False,,,1789668322271.7678,False,,2,1,,1789668323048.644,,,,,,session_20260917_130500,Standstill,
,,,135.72000000000003,,,False,,,False,1789668327112.8,,,unknown,[],23.833,[],0,3,[],,,,,EARLY,622.2,,,[],,,,,,,,,True,0.0,486.48,detect_loop,released,False,,,1789668325343.728,False,,3,1,,1789668325965.9636,,,,,,session_20260917_130500,Standstill,
,,,151.56000000000006,,,False,,,False,1789668333930.7,,,unknown,[],,[],0,4,[],,,,,,662.2,,,[],,,,,,,,,True,0.0,510.64,detect_loop,released,False,,,1789668329686.9314,False,,4,1,,1789668330349.102,,,,,,session_20260917_130500,Standstill,
,,,139.4699999999999,,,False,,,False,1789668337013.7,,,unknown,[],23.75,[],0,5,[],,,,,EXCELLENT,652.3,,,[],,,,,,,,,True,0.0,512.83,detect_loop,released,False,,,1789668335133.6497,False,,5,1,,1789668335785.9724,,,,,,session_20260917_130500,Standstill,
,,,139.3599999999999,,,False,,,False,1789668340245.5,,,unknown,[],23.75,[],0,6,[],,,,,EXCELLENT,687.3,,,[],,,,,,,,,True,0.0,547.94,detect_loop,released,False,,,1789668338247.9016,False,,6,1,,1789668338935.165,,,,,,session_20260917_130500,Standstill,
,,,137.05000000000007,,,False,,,False,1789668342461.7,,,unknown,[],24.417,[],0,7,[],,,,,EXCELLENT,656.6,,,[],,,,,,,,,True,0.0,519.55,detect_loop,released,False,,,1789668340544.8145,False,,7,1,,1789668341201.461,,,,,,session_20260917_130500,Standstill,
,,,114.88,,,False,,,False,1789668346461.9,,,unknown,[],22.0,[],0,8,[],,,,,EXCELLENT,942.4,,,[],,,,,,,,,True,0.0,827.52,detect_loop,released,False,,,1789668344301.3865,False,,8,1,,1789668345243.7996,,,,,,session_20260917_130500,Right Fade,
,,,115.16999999999996,,,False,,,False,1789668350262.4,,,unknown,[],20.0,[],0,9,[],,,,,EARLY,935.0,,,[],,,,,,,,,True,0.0,819.83,detect_loop,released,False,,,1789668348058.4558,False,,9,1,,1789668348993.4138,,,,,,session_20260917_130500,Right Fade,
,,,113.24000000000001,,,False,,,False,1789668354060.5,,,unknown,[],22.0,[],0,10,[],,,,,EARLY,905.9,,,[],,,,,,,,,True,0.0,792.66,detect_loop,released,False,,,1789668351770.499,False,,10,1,,1789668352676.3872,,,,,,session_20260917_130500,Left Fade,
,,,,,,False,,,False,1789668355110.6,,,unknown,[],,[],0,11,[],,,,,,,,,[],,,,,,,,,True,0.0,,,disarmed,False,,,1789668353880.7502,False,,11,1,,,,,,,,session_20260917_130500,Standstill,
,,,113.34999999999991,,,False,,,False,1789668361175.9,,,unknown,[],24.417,[],0,12,[],,,,,EARLY,898.8,,,[],,,,,,,,,True,0.0,785.45,detect_loop,released,False,,,1789668356610.3616,False,,12,1,,1789668357509.2036,,,,,,session_20260917_130500,Right Fade,
,,,648.48,,,False,,,False,1789668363223.8,,,unknown,[],25.083,[],0,13,[],,,,,EARLY,652.7,,,[],,,,,,,,,True,0.0,4.22,detect_loop,released,False,,,1789668358962.5918,False,,13,1,,1789668359615.2751,,,,,,session_20260917_130500,Standstill,
,,,136.81000000000006,,,False,,,False,1789668363829.0,,,unknown,[],23.75,[],0,14,[],,,,,EXCELLENT,642.7,,,[],,,,,,,,,True,0.0,505.89,detect_loop,released,False,,,1789668361824.6355,False,,14,1,,1789668362467.377,,,,,,session_20260917_130500,Standstill,
,,,113.93000000000006,,,False,,,False,1789668369887.6,,,unknown,[],22.833,[],0,15,[],,,,,EARLY,1030.9,,,[],,,,,,,,,True,0.0,916.97,detect_loop,released,False,,,1789668365294.7336,False,,15,1,,1789668366325.6082,,,,,,session_20260917_130500,Right Fade,
,,,135.98999999999995,,,False,,,False,1789668402663.7,,,unknown,[],22.167,[],0,16,[],,,,,EXCELLENT,644.8,,,[],,,,,,,,,True,0.0,508.81,detect_loop,released,False,,,1789668400804.906,False,,16,1,,1789668401449.679,,,,,,session_20260917_130500,Standstill,
,,,136.91000000000003,,,False,,,False,1789668405412.8,,,unknown,[],,[],0,17,[],,,,,EXCELLENT,645.7,,,[],,,,,,,,,True,0.0,508.79,detect_loop,released,False,,,1789668403553.6091,False,,17,1,,1789668404199.2717,,,,,,session_20260917_130500,Standstill,
,,,135.23000000000002,,,False,,,False,1789668408810.8,,,unknown,[],25.167,[],0,18,[],,,,,EXCELLENT,661.2,,,[],,,,,,,,,True,0.0,525.97,detect_loop,released,False,,,1789668406854.8142,False,,18,1,,1789668407515.9766,,,,,,session_20260917_130500,Standstill,
,,,113.12,,,False,,,False,1789668412710.5,,,unknown,[],19.667,[],0,19,[],,,,,EXCELLENT,943.1,,,[],,,,,,,,,True,0.0,829.98,detect_loop,released,False,,,1789668410584.0134,False,,19,1,,1789668411527.091,,,,,,session_20260917_130500,Right Fade,
,,,111.21000000000004,,,False,,,False,1789668416209.6,,,unknown,[],19.333,[],0,20,[],,,,,EXCELLENT,907.5,,,[],,,,,,,,,True,0.0,796.29,detect_loop,released,False,,,1789668414083.0288,False,,20,1,,1789668414990.5642,,,,,,session_20260917_130500,Left Fade,
,,,,,,False,,,False,1789668421047.2,,,unknown,[],,[],0,21,[],,,,,,652.3,,,[],,,,,,,,,True,0.0,,,released,False,,,1789668416677.3179,False,,21,1,,1789668417329.664,,,,,,session_20260917_130500,Standstill,
,,,138.22999999999996,,,False,,,False,1789668420242.9,,,unknown,[],24.5,[],0,22,[],,,,,EXCELLENT,643.9,,,[],,,,,,,,,True,0.0,505.67,detect_loop,released,False,,,1789668418253.6155,False,,22,1,,1789668418897.4834,,,,,,session_20260917_130500,Standstill,
,,,114.62,,,False,,,False,1789668423759.1,,,unknown,[],21.667,[],0,23,[],,,,,EXCELLENT,962.4,,,[],,,,,,,,,True,0.0,847.78,detect_loop,released,False,,,1789668421593.5374,False,,23,1,,1789668422555.9055,,,,,,session_20260917_130500,Left Fade,
,,,113.28999999999996,,,False,,,False,1789668427958.8,,,unknown,[],25.083,[],0,24,[],,,,,EARLY,948.9,,,[],,,,,,,,,True,0.0,835.61,detect_loop,released,False,,,1789668425406.8098,False,,24,1,,1789668426355.7297,,,,,,session_20260917_130500,Left Fade,
,,,96.35000000000014,,,False,,,False,1789668434518.5,,,unknown,[],,[],0,25,[],,,,,,1184.2,,,[],,,,,,,,,True,0.0,1087.85,detect_loop,released,False,,,1789668429655.1553,False,,25,1,,1789668430839.3376,,,,,,session_20260917_130500,Right Fade,
,,,115.12,,,False,,,False,1789668437830.7,,,unknown,[],,[],0,26,[],,,,,,929.4,,,[],,,,,,,,,True,0.0,814.28,detect_loop,released,False,,,1789668433362.9827,False,,26,1,,1789668434292.349,,,,,,session_20260917_130500,Right Fade,
,,,117.19999999999993,,,False,,,False,1789668439589.2,,,unknown,[],24.417,[],0,27,[],,,,,EXCELLENT,946.4,,,[],,,,,,,,,True,0.0,829.2,detect_loop,released,False,,,1789668437295.6228,False,,27,1,,1789668438242.0076,,,,,,session_20260917_130500,Right Fade,
,,,117.45000000000005,,,False,,,False,1789668443090.8,,,unknown,[],22.75,[],0,28,[],,,,,EXCELLENT,943.5,,,[],,,,,,,,,True,0.0,826.05,detect_loop,released,False,,,1789668440915.1929,False,,28,1,,1789668441858.6677,,,,,,session_20260917_130500,Right Fade,
,,,114.24000000000001,,,False,,,False,1789668451090.8,,,unknown,[],22.833,[],0,29,[],,,,,EXCELLENT,903.3,,,[],,,,,,,,,True,0.0,789.06,detect_loop,released,False,,,1789668448934.7932,False,,29,1,,1789668449838.058,,,,,,session_20260917_130500,Left Fade,
,,,117.07000000000005,,,False,,,False,1789668455757.6,,,unknown,[],26.75,[],0,30,[],,,,,EXCELLENT,949.5,,,[],,,,,,,,,True,0.0,832.43,detect_loop,released,False,,,1789668453408.0015,False,,30,1,,1789668454357.4934,,,,,,session_20260917_130500,Right Fade,
,,,117.15999999999997,,,False,,,False,1789668459257.8,,,unknown,[],22.833,[],0,31,[],,,,,EXCELLENT,954.4,,,[],,,,,,,,,True,0.0,837.24,detect_loop,released,False,,,1789668457036.886,False,,31,1,,1789668457991.2454,,,,,,session_20260917_130500,Right Fade,
,,,136.17999999999995,,,False,,,False,1789668463954.9,,,unknown,[],26.0,[],0,32,[],,,,,EXCELLENT,652.9,,,[],,,,,,,,,True,0.0,516.72,detect_loop,released,False,,,1789668461959.4575,False,,32,1,,1789668462612.3167,,,,,,session_20260917_130500,Standstill,
,,,110.47000000000003,,,False,,,False,1789668469768.3,,,unknown,[],,[],0,33,[],,,,,,904.1,,,[],,,,,,,,,True,0.0,793.63,detect_loop,released,False,,,1789668465263.3943,False,,33,1,,1789668466167.5115,,,,,,session_20260917_130500,Left Fade,
,,,113.98000000000002,,,False,,,False,1789668471390.7,,,unknown,[],25.083,[],0,34,[],,,,,EXCELLENT,1185.5,,,[],,,,,,,,,True,0.0,1071.52,detect_loop,released,False,,,1789668468834.6655,False,,34,1,,1789668470020.157,,,,,,session_20260917_130500,Left Fade,
,,,106.61000000000013,,,False,,,False,1789668477952.0,,,unknown,[],25.5,[],0,35,[],,,,,LATE,1191.2,,,[],,,,,,,,,True,0.0,1084.59,detect_loop,released,False,,,1789668473253.5735,False,,35,1,,1789668474444.767,,,,,,session_20260917_130500,Right Fade,
,,,106.11000000000001,,,False,,,False,1789668481144.7,,,unknown,[],,[],0,36,[],,,,,,912.4,,,[],,,,,,,,,True,0.0,806.29,detect_loop,released,False,,,1789668476591.0273,False,,36,1,,1789668477503.4346,,,,,,session_20260917_130500,Left Fade,
,,,117.47000000000003,,,False,,,False,1789668482489.0,,,unknown,[],24.5,[],0,37,[],,,,,EARLY,935.5,,,[],,,,,,,,,True,0.0,818.03,detect_loop,released,False,,,1789668480203.874,False,,37,1,,1789668481139.4138,,,,,,session_20260917_130500,Right Fade,
,,,118.19000000000005,,,False,,,False,1789668486956.4,,,unknown,[],22.0,[],0,38,[],,,,,EXCELLENT,954.2,,,[],,,,,,,,,True,0.0,836.01,detect_loop,released,False,,,1789668484768.718,False,,38,1,,1789668485722.9385,,,,,,session_20260917_130500,Right Fade,
,,,118.05999999999995,,,False,,,False,1789668490355.1,,,unknown,[],24.25,[],0,39,[],,,,,EXCELLENT,950.4,,,[],,,,,,,,,True,0.0,832.34,detect_loop,released,False,,,1789668488089.183,False,,39,1,,1789668489039.5547,,,,,,session_20260917_130500,Right Fade,
,,,137.66000000000008,,,False,,,False,1789670392785.3,,,unknown,[],23.75,[],0,1,[],,,,,EXCELLENT,650.2,,,[],,,,,,,,,True,0.0,512.54,detect_loop,released,False,,,1789670390808.2124,False,,1,1,,1789670391458.4604,,,,,,session_20260917_132938,Standstill,
,,,,,,False,,,False,1789670396097.8,,,unknown,[],,[],0,2,[],,,,,,,,,[],,,,,,,,,True,0.0,,,disarmed,False,,,1789670394016.4028,False,,2,1,,,,,,,,session_20260917_132938,Standstill,
,,,121.58999999999997,,,False,,,False,1789670398001.4,,,unknown,[],30.917,[],0,3,[],,,,,EARLY,626.8,,,[],,,,,,,,,True,0.0,505.21,detect_loop,released,False,,,1789670395814.7395,False,,3,1,,1789670396441.5015,,,,,,session_20260917_132938,Standstill,
,,,137.2800000000001,,,False,,,False,1789670401218.4,,,unknown,[],28.167,[],0,4,[],,,,,EXCELLENT,656.7,,,[],,,,,,,,,True,0.0,519.42,detect_loop,released,False,,,1789670399201.2063,False,,4,1,,1789670399857.9297,,,,,,session_20260917_132938,Standstill,
,,,135.34000000000003,,,False,,,False,1789670404520.9,,,unknown,[],31.833,[],0,5,[],,,,,EXCELLENT,652.2,,,[],,,,,,,,,True,0.0,516.86,detect_loop,released,False,,,1789670402405.3228,False,,5,1,,1789670403057.5366,,,,,,session_20260917_132938,Standstill,
,,,138.29999999999995,,,False,,,False,1789670408418.1,,,unknown,[],24.417,[],0,6,[],,,,,EXCELLENT,648.8,,,[],,,,,,,,,True,0.0,510.5,detect_loop,released,False,,,1789670406541.8535,False,,6,1,,1789670407190.6382,,,,,,session_20260917_132938,Standstill,
,,,114.01999999999998,,,False,,,False,1789670413218.1,,,unknown,[],22.75,[],0,7,[],,,,,EARLY,931.9,,,[],,,,,,,,,True,0.0,817.88,detect_loop,released,False,,,1789670410985.9172,False,,7,1,,1789670411917.7764,,,,,,session_20260917_132938,Right Fade,
,,,113.61999999999989,,,False,,,False,1789670417151.2,,,unknown,[],24.25,[],0,8,[],,,,,EXCELLENT,1197.1,,,[],,,,,,,,,True,0.0,1083.48,detect_loop,released,False,,,1789670414651.89,False,,8,1,,1789670415848.9966,,,,,,session_20260917_132938,Right Fade,
,,,110.42999999999995,,,False,,,False,1789670421450.9,,,unknown,[],27.333,[],0,9,[],,,,,EARLY,906.4,,,[],,,,,,,,,True,0.0,795.97,detect_loop,released,False,,,1789670419142.666,False,,9,1,,1789670420049.039,,,,,,session_20260917_132938,Left Fade,
,,,115.35000000000002,,,False,,,False,1789670425350.0,,,unknown,[],24.417,[],0,10,[],,,,,EARLY,1007.9,,,[],,,,,,,,,True,0.0,892.55,detect_loop,released,False,,,1789670422908.7468,False,,10,1,,1789670423916.682,,,,,,session_20260917_132938,Right Fade,
,,,118.56000000000006,,,False,,,False,1789670428750.0,,,unknown,[],21.417,[],0,11,[],,,,,EXCELLENT,936.6,,,[],,,,,,,,,True,0.0,818.04,detect_loop,released,False,,,1789670426366.3237,False,,11,1,,1789670427302.9492,,,,,,session_20260917_132938,Right Fade,
,,,122.1400000000001,,,False,,,False,1789670432900.3,,,unknown,[],21.583,[],0,12,[],,,,,EXCELLENT,657.7,,,[],,,,,,,,,True,0.0,535.56,detect_loop,released,False,,,1789670431015.4165,False,,12,1,,1789670431673.0754,,,,,,session_20260917_132938,Standstill,
,,,113.61000000000001,,,False,,,False,1789670436400.1,,,unknown,[],24.0,[],0,13,[],,,,,EXCELLENT,916.9,,,[],,,,,,,,,True,0.0,803.29,detect_loop,released,False,,,1789670434181.1912,False,,13,1,,1789670435098.1282,,,,,,session_20260917_132938,Left Fade,
,,,113.58999999999992,,,False,,,False,1789670440598.7,,,unknown,[],25.583,[],0,14,[],,,,,EARLY,1008.8,,,[],,,,,,,,,True,0.0,895.21,detect_loop,released,False,,,1789670437922.3945,False,,14,1,,1789670438931.1924,,,,,,session_20260917_132938,Left Fade,
,,,139.33999999999997,,,False,,,False,1789670443399.0,,,unknown,[],21.667,[],0,15,[],,,,,EXCELLENT,646.4,,,[],,,,,,,,,True,0.0,507.06,detect_loop,released,False,,,1789670441442.6729,False,,15,1,,1789670442089.118,,,,,,session_20260917_132938,Standstill,
,,,138.19000000000005,,,False,,,False,1789670446316.3,,,unknown,[],24.25,[],0,16,[],,,,,EXCELLENT,631.2,,,[],,,,,,,,,True,0.0,493.01,detect_loop,released,False,,,1789670444391.0928,False,,16,1,,1789670445022.2769,,,,,,session_20260917_132938,Standstill,
,,,137.5300000000001,,,False,,,False,1789670448849.2,,,unknown,[],20.75,[],0,17,[],,,,,EXCELLENT,655.2,,,[],,,,,,,,,True,0.0,517.67,detect_loop,released,False,,,1789670447033.504,False,,17,1,,1789670447688.7083,,,,,,session_20260917_132938,Standstill,
,,,137.02999999999997,,,False,,,False,1789670451850.1,,,unknown,[],23.75,[],0,18,[],,,,,EXCELLENT,643.5,,,[],,,,,,,,,True,0.0,506.47,detect_loop,released,False,,,1789670449945.2847,False,,18,1,,1789670450588.774,,,,,,session_20260917_132938,Standstill,
,,,115.14999999999998,,,False,,,False,1789670455449.3,,,unknown,[],25.583,[],0,19,[],,,,,EARLY,906.6,,,[],,,,,,,,,True,0.0,791.45,detect_loop,released,False,,,1789670453074.1135,False,,19,1,,1789670453980.7231,,,,,,session_20260917_132938,Left Fade,
,,,119.35000000000002,,,False,,,False,1789670459349.2,,,unknown,[],24.5,[],0,20,[],,,,,EARLY,940.2,,,[],,,,,,,,,True,0.0,820.85,detect_loop,released,False,,,1789670456677.9043,False,,20,1,,1789670457618.1306,,,,,,session_20260917_132938,Right Fade,
,,,118.75,,,False,,,False,1789670463302.6,,,unknown,[],22.833,[],0,21,[],,,,,EARLY,1008.5,,,[],,,,,,,,,True,0.0,889.75,detect_loop,released,False,,,1789670460976.164,False,,21,1,,1789670461984.7063,,,,,,session_20260917_132938,Right Fade,
,,,137.55999999999995,,,False,,,False,1789672016182.4,,,unknown,[],18.25,[],0,1,[],,,,,EXCELLENT,653.3,,,[],,,,,,,,,True,0.0,515.74,detect_loop,released,False,,,1789672014401.3577,False,,1,1,,1789672015054.683,,,,,,session_20260917_135520,Standstill,
,,,,,,False,,,False,1789672020248.9,,,unknown,[],,[],0,2,[],,,,,,,,,[],,,,,,,,,True,0.0,,,disarmed,False,,,1789672018163.1108,False,,2,1,,,,,,,,session_20260917_135520,Left Fade,
,,,,,,False,,,False,1789672020917.7,,,unknown,[],,[],0,3,[],,,,,,,,,[],,,,,,,,,True,0.0,,,disarmed,False,,,1789672019220.5322,False,,3,1,,,,,,,,session_20260917_135520,Right Fade,
,,,,,,False,,,False,1789672021678.6,,,unknown,[],,[],0,4,[],,,,,,,,,[],,,,,,,,,True,0.0,,,disarmed,False,,,1789672019885.8315,False,,4,1,,,,,,,,session_20260917_135520,Standstill,
,,,,,,False,,,False,1789672029145.4,,,unknown,[],,[],0,5,[],,,,,,,,,[],,,,,,,,,True,0.0,567.46,detect_loop,unanswered,False,,,1789672020917.6804,False,,5,1,,,,,,,,session_20260917_135520,Go-To,
,,,,,,False,,,False,1789672029705.4,,,unknown,[],,[],0,6,[],,,,,,,,,[],,,,,,,,,True,0.0,1638.4,detect_loop,unanswered,False,,,1789672021678.6206,False,,6,1,,,,,,,,session_20260917_135520,Go-To,
,,,118.25999999999999,,,False,,,False,1789672028331.0,,,unknown,[],21.25,[],0,7,[],,,,,EXCELLENT,950.6,,,[],,,,,,,,,True,0.0,832.34,detect_loop,released,False,,,1789672026149.5186,False,,7,1,,1789672027100.0823,,,,,,session_20260917_135520,Right Fade,
,,,,,,False,,,False,1789672032040.6,,,unknown,[],,[],0,8,[],,,,,,,,,[],,,,,,,,,True,0.0,,,disarmed,False,,,1789672029902.424,False,,8,1,,,,,,,,session_20260917_135520,Left Fade,
,,,112.92999999999995,,,False,,,False,1789672033332.3,,,unknown,[],23.583,[],0,9,[],,,,,EXCELLENT,1008.5,,,[],,,,,,,,,True,0.0,895.57,detect_loop,released,False,,,1789672031055.4114,False,,9,1,,1789672032063.9458,,,,,,session_20260917_135520,Left Fade,
,,,117.69999999999993,,,False,,,False,1789672038649.5,,,unknown,[],24.5,[],0,10,[],,,,,EARLY,943.3,,,[],,,,,,,,,True,0.0,825.6,detect_loop,released,False,,,1789672036139.5432,False,,10,1,,1789672037082.8875,,,,,,session_20260917_135520,Right Fade,
,,,81.59000000000003,,,False,,,False,1789672042380.5,,,unknown,[],26.917,[],0,11,[],,,,,EARLY,910.5,,,[],,,,,,,,,True,0.0,828.91,detect_loop,released,False,,,1789672040153.0671,False,,11,1,,1789672041063.569,,,,,,session_20260917_135520,Left Fade,
,,,129.57000000000005,,,False,,,False,1789672046280.7,,,unknown,[],24.417,[],0,12,[],,,,,EXCELLENT,1146.5,,,[],,,,,,,,,True,0.0,1016.93,detect_loop,released,False,,,1789672043798.4685,False,,12,1,,1789672044945.0034,,,,,,session_20260917_135520,Left Fade,
,,,114.11000000000001,,,False,,,False,1789672050979.4,,,unknown,[],25.083,[],0,13,[],,,,,EARLY,926.9,,,[],,,,,,,,,True,0.0,812.79,detect_loop,released,False,,,1789672048503.423,False,,13,1,,1789672049430.2964,,,,,,session_20260917_135520,Left Fade,
,,,114.38999999999999,,,False,,,False,1789672055313.4,,,unknown,[],17.5,[],0,14,[],,,,,EXCELLENT,826.9,,,[],,,,,,,,,True,0.0,712.51,detect_loop,released,False,,,1789672053301.5708,False,,14,1,,1789672054128.4214,,,,,,session_20260917_135520,Right Fade,
,,,134.39,,,False,,,False,1789672058129.9,,,unknown,[],25.167,[],0,15,[],,,,,EXCELLENT,657.8,,,[],,,,,,,,,True,0.0,523.41,detect_loop,released,False,,,1789672056211.6968,False,,15,1,,1789672056869.5044,,,,,,session_20260917_135520,Standstill,
,,,116.28999999999996,,,False,,,False,1789672062330.9,,,unknown,[],27.083,[],0,16,[],,,,,EXCELLENT,947.3,,,[],,,,,,,,,True,0.0,831.01,detect_loop,released,False,,,1789672060017.7227,False,,16,1,,1789672060965.0212,,,,,,session_20260917_135520,Right Fade,
,,,116.94999999999993,,,False,,,False,1789672065829.1,,,unknown,[],23.083,[],0,17,[],,,,,EARLY,979.4,,,[],,,,,,,,,True,0.0,862.45,detect_loop,released,False,,,1789672063518.8196,False,,17,1,,1789672064498.1846,,,,,,session_20260917_135520,Right Fade,
,,,117.28999999999996,,,False,,,False,1789672072145.4,,,unknown,[],,[],0,18,[],,,,,,902.9,,,[],,,,,,,,,True,0.0,785.61,detect_loop,released,False,,,1789672067662.5889,False,,18,1,,1789672068565.4495,,,,,,session_20260917_135520,Left Fade,
,,,116.07999999999993,,,False,,,False,1789672073278.4,,,unknown,[],24.417,[],0,19,[],,,,,EXCELLENT,952.3,,,[],,,,,,,,,True,0.0,836.22,detect_loop,released,False,,,1789672071046.0781,False,,19,1,,1789672071998.3462,,,,,,session_20260917_135520,Right Fade,
,,,118.07999999999993,,,False,,,False,1789672076479.2,,,unknown,[],20.583,[],0,20,[],,,,,EXCELLENT,947.8,,,[],,,,,,,,,True,0.0,829.72,detect_loop,released,False,,,1789672074299.8372,False,,20,1,,1789672075247.6064,,,,,,session_20260917_135520,Right Fade,
,,,118.49000000000001,,,False,,,False,1789672080180.0,,,unknown,[],17.083,[],0,21,[],,,,,EXCELLENT,914.8,,,[],,,,,,,,,True,0.0,796.31,detect_loop,released,False,,,1789672078149.9595,False,,21,1,,1789672079064.7905,,,,,,session_20260917_135520,Left Fade,
,,,133.2299999999999,,,False,,,False,1789672083679.8,,,unknown,[],16.5,[],0,22,[],,,,,EXCELLENT,994.3,,,[],,,,,,,,,True,0.0,861.07,detect_loop,released,False,,,1789672081670.123,False,,22,1,,1789672082664.3953,,,,,,session_20260917_135520,Left Fade,
,,,63.30000000000007,,,False,,,False,1789672088529.7,,,unknown,[],,[],0,23,[],,,,,EXCELLENT,953.7,,,[],,,,,,,,,True,0.0,890.4,detect_loop,released,False,,,1789672086326.706,False,,23,1,,1789672087280.3774,,,,,,session_20260917_135520,Right Fade,
,,,135.99,,,False,,,False,1789672092926.8,,,unknown,[],24.583,[],0,24,[],,,,,EXCELLENT,1018.6,,,[],,,,,,,,,True,0.0,882.61,detect_loop,released,False,,,1789672090662.6226,False,,24,1,,1789672091681.228,,,,,,session_20260917_135520,Left Fade,
,,,,,,False,,,False,1789672097002.6,,,unknown,[],,[],0,25,[],,,,,,,,,[],,,,,,,,,True,0.0,1051.73,detect_loop,disarmed,False,,,1789672094278.7593,False,,25,1,,,,,,,,session_20260917_135520,Right Fade,
,,,117.97000000000003,,,False,,,False,1789672100327.8,,,unknown,[],24.417,[],0,26,[],,,,,EARLY,940.0,,,[],,,,,,,,,True,0.0,822.03,detect_loop,released,False,,,1789672098023.3809,False,,26,1,,1789672098963.394,,,,,,session_20260917_135520,Right Fade,
,,,116.06999999999994,,,False,,,False,1789672103860.7,,,unknown,[],22.917,[],0,27,[],,,,,EARLY,943.3,,,[],,,,,,,,,True,0.0,827.23,detect_loop,released,False,,,1789672101303.0981,False,,27,1,,1789672102246.4038,,,,,,session_20260917_135520,Right Fade,
,,,132.14999999999998,,,False,,,False,1789672664741.1,,,unknown,[],22.0,[],0,1,[],,,,,EXCELLENT,647.0,,,[],,,,,,,,,True,0.0,514.85,detect_loop,released,False,,,1789672662899.5156,False,,1,1,,1789672663546.5237,,,,,,session_20260917_141715,Standstill,
,,,110.80999999999995,,,False,,,False,1789672669273.9,,,unknown,[],21.833,[],0,2,[],,,,,EARLY,905.0,,,[],,,,,,,,,True,0.0,794.19,detect_loop,released,False,,,1789672666651.6387,False,,2,1,,1789672667556.6404,,,,,,session_20260917_141715,Left Fade,
,,,630.7299999999999,,,False,,,False,1789672671574.4,,,unknown,[],26.583,[],0,3,[],,,,,EXCELLENT,634.3,,,[],,,,,,,,,True,0.0,3.57,detect_loop,released,False,,,1789672669644.6177,False,,3,1,,1789672670278.964,,,,,,session_20260917_141715,Standstill,
,,,137.74,,,False,,,False,1789672675625.3,,,unknown,[],25.75,[],0,4,[],,,,,EXCELLENT,657.6,,,[],,,,,,,,,True,0.0,519.86,detect_loop,released,False,,,1789672673703.839,False,,4,1,,1789672674361.4749,,,,,,session_20260917_141715,Standstill,
,,,99.59000000000003,,,False,,,False,1789672679123.2,,,unknown,[],22.75,[],0,5,[],,,,,EXCELLENT,914.4,,,[],,,,,,,,,True,0.0,814.81,detect_loop,released,False,,,1789672676975.3193,False,,5,1,,1789672677889.76,,,,,,session_20260917_141715,Right Fade,
,,,115.10000000000002,,,False,,,False,1789672682721.7,,,unknown,[],19.333,[],0,6,[],,,,,EXCELLENT,914.0,,,[],,,,,,,,,True,0.0,798.9,detect_loop,released,False,,,1789672680641.212,False,,6,1,,1789672681555.175,,,,,,session_20260917_141715,Left Fade,
,,,115.51999999999998,,,False,,,False,1789672688782.8,,,unknown,[],,[],0,7,[],,,,,,916.4,,,[],,,,,,,,,True,0.0,800.88,detect_loop,released,False,,,1789672684173.841,False,,7,1,,1789672685090.2441,,,,,,session_20260917_141715,Left Fade,
,,,115.91000000000008,,,False,,,False,1789672690671.2,,,unknown,[],22.333,[],0,8,[],,,,,EARLY,901.2,,,[],,,,,,,,,True,0.0,785.29,detect_loop,released,False,,,1789672688220.8242,False,,8,1,,1789672689122.0723,,,,,,session_20260917_141715,Left Fade,
,,,51.72000000000003,,,False,,,False,1789672694589.4,,,unknown,[],24.417,[],0,9,[],,,,,EXCELLENT,942.9,,,[],,,,,,,,,True,0.0,891.18,detect_loop,released,False,,,1789672692363.5823,False,,9,1,,1789672693306.4888,,,,,,session_20260917_141715,Right Fade,
,,,,,,False,,,False,1789672703646.6,,,unknown,[],,[],0,10,[],,,,,,,,,[],,,,,,,,,True,0.0,,,unanswered,False,,,1789672695548.8022,False,,10,1,,,,,,,,session_20260917_141715,Go-To,
,,,120.84000000000003,,,False,,,False,1789672698487.0,,,unknown,[],26.333,[],0,11,[],,,,,EXCELLENT,642.6,,,[],,,,,,,,,True,0.0,521.76,detect_loop,released,False,,,1789672696467.811,False,,11,1,,1789672697110.4465,,,,,,session_20260917_141715,Standstill,
,,,,,,False,,,False,1789672708335.1,,,unknown,[],,[],0,12,[],,,,,,,,,[],,,,,,,,,True,0.0,,,unanswered,False,,,1789672700236.9448,False,,12,1,,,,,,,,session_20260917_141715,Go-To,
,,,136.29999999999995,,,False,,,False,1789672703088.5,,,unknown,[],24.5,[],0,13,[],,,,,EXCELLENT,640.4,,,[],,,,,,,,,True,0.0,504.1,detect_loop,released,False,,,1789672701153.0337,False,,13,1,,1789672701793.4626,,,,,,session_20260917_141715,Standstill,
,,,114.9799999999999,,,False,,,False,1789672706620.4,,,unknown,[],27.333,[],0,14,[],,,,,EARLY,897.8,,,[],,,,,,,,,True,0.0,782.82,detect_loop,released,False,,,1789672704439.9243,False,,14,1,,1789672705337.749,,,,,,session_20260917_141715,Left Fade,
,,,103.95000000000005,,,False,,,False,1789672710654.8,,,unknown,[],27.917,[],0,15,[],,,,,EXCELLENT,956.6,,,[],,,,,,,,,True,0.0,852.65,detect_loop,released,False,,,1789672708335.0762,False,,15,1,,1789672709291.6287,,,,,,session_20260917_141715,Right Fade,
,,,117.61000000000001,,,False,,,False,1789672716476.9,,,unknown,[],,[],0,16,[],,,,,,970.7,,,[],,,,,,,,,True,0.0,853.09,detect_loop,released,False,,,1789672711817.663,False,,16,1,,1789672712788.318,,,,,,session_20260917_141715,Right Fade,
,,,,,,False,,,False,1789673188761.8,,,unknown,[],,[],0,1,[],,,,,,,,,[],,,,,,,,,True,0.0,572.89,detect_loop,disarmed,False,,,1789673186789.633,False,,1,1,,,,,,,,session_20260917_142445,Standstill,
,,,136.58999999999997,,,False,,,False,1789673191787.3,,,unknown,[],24.5,[],0,2,[],,,,,EXCELLENT,647.3,,,[],,,,,,,,,True,0.0,510.71,detect_loop,released,False,,,1789673189894.1453,False,,2,1,,1789673190541.4373,,,,,,session_20260917_142445,Standstill,
,,,134.86000000000007,,,False,,,False,1789673194357.8,,,unknown,[],26.583,[],0,3,[],,,,,EXCELLENT,636.7,,,[],,,,,,,,,True,0.0,501.84,detect_loop,released,False,,,1789673192370.951,False,,3,1,,1789673193007.6663,,,,,,session_20260917_142445,Standstill,
,,,131.79000000000008,,,False,,,False,1789673197440.6,,,unknown,[],24.583,[],0,4,[],,,,,EXCELLENT,651.2,,,[],,,,,,,,,True,0.0,519.41,detect_loop,released,False,,,1789673195507.0344,False,,4,1,,1789673196158.2144,,,,,,session_20260917_142445,Standstill,
,,,119.37,,,False,,,False,1789673200620.7,,,unknown,[],25.0,[],0,5,[],,,,,EXCELLENT,1013.1,,,[],,,,,,,,,True,0.0,893.73,detect_loop,released,False,,,1789673198328.598,False,,5,1,,1789673199341.7231,,,,,,session_20260917_142445,Standstill,
,,,642.92,,,False,,,False,1789673203524.2,,,unknown,[],24.083,[],0,6,[],,,,,EXCELLENT,647.4,,,[],,,,,,,,,True,0.0,4.48,detect_loop,released,False,,,1789673201593.2886,False,,6,1,,1789673202240.6511,,,,,,session_20260917_142445,Standstill,
,,,131.61,,,False,,,False,1789673206821.8,,,unknown,[],24.667,[],0,7,[],,,,,LATE,695.2,,,[],,,,,,,,,True,0.0,563.59,detect_loop,released,False,,,1789673204613.024,False,,7,1,,1789673205308.1948,,,,,,session_20260917_142445,Standstill,
,,,132.98000000000002,,,False,,,False,1789673209768.8,,,unknown,[],23.75,[],0,8,[],,,,,EXCELLENT,645.5,,,[],,,,,,,,,True,0.0,512.52,detect_loop,released,False,,,1789673207895.6272,False,,8,1,,1789673208541.1367,,,,,,session_20260917_142445,Standstill,
,,,134.60000000000002,,,False,,,False,1789673212904.2,,,unknown,[],25.083,[],0,9,[],,,,,EXCELLENT,652.4,,,[],,,,,,,,,True,0.0,517.8,detect_loop,released,False,,,1789673210921.4292,False,,9,1,,1789673211573.8455,,,,,,session_20260917_142445,Standstill,
,,,109.30000000000007,,,False,,,False,1789673217808.4,,,unknown,[],22.167,[],0,10,[],,,,,EXCELLENT,953.1,,,[],,,,,,,,,True,0.0,843.8,detect_loop,released,False,,,1789673215597.896,False,,10,1,,1789673216550.954,,,,,,session_20260917_142445,Right Fade,
,,,,,,False,,,False,1789673221719.5,,,unknown,[],,[],0,11,[],,,,,,,,,[],,,,,,,,,True,0.0,1070.76,detect_loop,disarmed,False,,,1789673219037.2324,False,,11,1,,,,,,,,session_20260917_142445,Left Fade,
,,,103.69000000000005,,,False,,,False,1789673224968.8,,,unknown,[],20.917,[],0,12,[],,,,,EXCELLENT,898.2,,,[],,,,,,,,,True,0.0,794.51,detect_loop,released,False,,,1789673222785.7903,False,,12,1,,1789673223683.9844,,,,,,session_20260917_142445,Left Fade,
,,,114.02999999999997,,,False,,,False,1789673229732.7,,,unknown,[],27.083,[],0,13,[],,,,,EXCELLENT,944.5,,,[],,,,,,,,,True,0.0,830.47,detect_loop,released,False,,,1789673227421.7708,False,,13,1,,1789673228366.3115,,,,,,session_20260917_142445,Right Fade,
,,,123.59000000000003,,,False,,,False,1789673233735.0,,,unknown,[],22.833,[],0,14,[],,,,,EXCELLENT,944.9,,,[],,,,,,,,,True,0.0,821.31,detect_loop,released,False,,,1789673231528.7542,False,,14,1,,1789673232473.6655,,,,,,session_20260917_142445,Right Fade,
,,,119.96000000000004,,,False,,,False,1789673237733.0,,,unknown,[],27.0,[],0,15,[],,,,,EXCELLENT,922.0,,,[],,,,,,,,,True,0.0,802.04,detect_loop,released,False,,,1789673235469.6248,False,,15,1,,1789673236391.5967,,,,,,session_20260917_142445,Left Fade,
,,,122.64999999999998,,,False,,,False,1789673242264.6,,,unknown,[],27.833,[],0,16,[],,,,,LATE,904.6,,,[],,,,,,,,,True,0.0,781.95,detect_loop,released,False,,,1789673239451.7546,False,,16,1,,1789673240356.3245,,,,,,session_20260917_142445,Left Fade,
,,,69.17999999999995,,,False,,,False,1789673246298.6,,,unknown,[],24.417,[],0,17,[],,,,,EXCELLENT,950.8,,,[],,,,,,,,,True,0.0,881.62,detect_loop,released,False,,,1789673244071.8523,False,,17,1,,1789673245022.6948,,,,,,session_20260917_142445,Right Fade,
,,,109.16999999999996,,,False,,,False,1789673250098.7,,,unknown,[],24.833,[],0,18,[],,,,,EXCELLENT,912.4,,,[],,,,,,,,,True,0.0,803.23,detect_loop,released,False,,,1789673247837.5664,False,,18,1,,1789673248749.9421,,,,,,session_20260917_142445,Left Fade,
,,,113.91000000000003,,,False,,,False,1789673629772.3,,,unknown,[],,[],0,1,[],,,,,EXCELLENT,589.5,,,[],,,,,,,,,True,0.0,475.59,detect_loop,released,False,,,1789673627902.7874,False,,1,1,,1789673628492.2454,,,,,,session_20260917_143315,Standstill,
,,,,,,False,,,False,1789673654370.7,,,unknown,[],,[],0,2,[],,,,,,,,,[],,,,,,,,,True,0.0,,,unanswered,False,,,1789673646121.362,False,,2,1,,,,,,,,session_20260917_143315,Go-To,
,,,122.19000000000005,,,False,,,False,1789673673932.3,,,unknown,[],24.833,[],0,3,[],,,,,EXCELLENT,932.0,,,[],,,,,,,,,True,0.0,809.81,detect_loop,released,False,,,1789673671805.431,False,,3,1,,1789673672737.4253,,,,,,session_20260917_143315,Standstill,
,,,119.7299999999999,,,False,,,False,1789673677932.7,,,unknown,[],24.417,[],0,4,[],,,,,EXCELLENT,687.3,,,[],,,,,,,,,True,0.0,567.57,detect_loop,released,False,,,1789673676066.7673,False,,4,1,,1789673676754.0789,,,,,,session_20260917_143315,Standstill,
,,,115.13,,,False,,,False,1789673684148.3,,,unknown,[],,[],0,5,[],,,,,,866.8,,,[],,,,,,,,,True,0.0,751.67,detect_loop,released,False,,,1789673679712.5715,False,,5,1,,1789673680579.3616,,,,,,session_20260917_143315,Right Fade,
,,,138.10000000000002,,,False,,,False,1789673686098.2,,,unknown,[],24.0,[],0,6,[],,,,,EXCELLENT,672.2,,,[],,,,,,,,,True,0.0,534.1,detect_loop,released,False,,,1789673684148.254,False,,6,1,,1789673684820.4343,,,,,,session_20260917_143315,Standstill,
,,,138.09000000000003,,,False,,,False,1789673690196.8,,,unknown,[],23.917,[],0,7,[],,,,,LATE,656.2,,,[],,,,,,,,,True,0.0,518.11,detect_loop,released,False,,,1789673688230.1936,False,,7,1,,1789673688886.4148,,,,,,session_20260917_143315,Standstill,
,,,,,,False,,,False,1789673694505.8,,,unknown,[],,[],0,8,[],,,,,,,,,[],,,,,,,,,True,0.0,,,disarmed,False,,,1789673691713.489,False,,8,1,,,,,,,,session_20260917_143315,Standstill,
,,,139.28000000000003,,,False,,,False,1789673697099.4,,,unknown,[],24.833,[],0,9,[],,,,,EXCELLENT,639.6,,,[],,,,,,,,,True,0.0,500.32,detect_loop,released,False,,,1789673695146.5747,False,,9,1,,1789673695786.156,,,,,,session_20260917_143315,Standstill,
,,,117.07000000000005,,,False,,,False,1789673700631.4,,,unknown,[],27.75,[],0,10,[],,,,,EARLY,916.7,,,[],,,,,,,,,True,0.0,799.63,detect_loop,released,False,,,1789673697997.1873,False,,10,1,,1789673698913.9316,,,,,,session_20260917_143315,Left Fade,
,,,100.16999999999996,,,False,,,False,1789673706952.4,,,unknown,[],,[],0,11,[],,,,,,949.9,,,[],,,,,,,,,True,0.0,849.73,detect_loop,released,False,,,1789673702296.654,False,,11,1,,1789673703246.5232,,,,,,session_20260917_143315,Right Fade,
,,,114.98000000000002,,,False,,,False,1789673708729.5,,,unknown,[],22.833,[],0,12,[],,,,,EARLY,934.6,,,[],,,,,,,,,True,0.0,819.62,detect_loop,released,False,,,1789673706211.4705,False,,12,1,,1789673707146.0906,,,,,,session_20260917_143315,Right Fade,
,,,138.33999999999997,,,False,,,False,1789673711030.6,,,unknown,[],23.5,[],0,13,[],,,,,EXCELLENT,642.9,,,[],,,,,,,,,True,0.0,504.56,detect_loop,released,False,,,1789673709109.321,False,,13,1,,1789673709752.1716,,,,,,session_20260917_143315,Standstill,
,,,,,,False,,,False,1789673753431.6,,,unknown,[],,[],0,14,[],,,,,,,,,[],,,,,,,,,True,0.0,3052.46,detect_loop,unanswered,False,,,1789673745416.243,False,,14,1,,,,,,,,session_20260917_143315,Go-To,
,,,,,,False,,,False,1789674032032.6,,,unknown,[],,[],0,15,[],,,,,,,,,[],,,,,,,,,True,0.0,,,unanswered,False,,,1789674023828.1533,False,,15,1,,,,,,,,session_20260917_143315,Go-To,
,,,,,,False,,,False,1789674032032.6,,,unknown,[],,[],0,16,[],,,,,,,,,[],,,,,,,,,True,0.0,,,unanswered,False,,,1789674023936.8826,False,,16,1,,,,,,,,session_20260917_143315,Go-To,
,,,,,,False,,,False,1789674046776.9,,,unknown,[],,[],0,17,[],,,,,,,,,[],,,,,,,,,True,0.0,,,unanswered,False,,,1789674038514.772,False,,17,1,,,,,,,,session_20260917_143315,Go-To,
,,,,,,False,,,False,1789674052281.1,,,unknown,[],,[],0,18,[],,,,,,,,,[],,,,,,,,,True,0.0,,,unanswered,False,,,1789674044073.4724,False,,18,1,,,,,,,,session_20260917_143315,Go-To,
,,,,,,False,,,False,1789674057538.2,,,unknown,[],,[],0,19,[],,,,,,,,,[],,,,,,,,,True,0.0,,,unanswered,False,,,1789674049425.057,False,,19,1,,,,,,,,session_20260917_143315,Go-To,
,,,,,,False,,,False,1789674058902.2,,,unknown,[],,[],0,20,[],,,,,,,,,[],,,,,,,,,True,0.0,5258.5,detect_loop,unanswered,False,,,1789674050877.9268,False,,20,1,,,,,,,,session_20260917_143315,Go-To,
,,,,,,False,,,False,1789674151012.2,,,unknown,[],,[],0,21,[],,,,,,,,,[],,,,,,,,,True,0.0,,,unanswered,False,,,1789674142952.3594,False,,21,1,,,,,,,,session_20260917_143315,Go-To,
,,,,,,False,,,False,1789674152603.2,,,unknown,[],,[],0,22,[],,,,,,,,,[],,,,,,,,,True,0.0,,,unanswered,False,,,1789674144525.243,False,,22,1,,,,,,,,session_20260917_143315,Go-To,
,,,135.95000000000005,,,False,,,False,1789674146815.6,,,unknown,[],,[],0,23,[],,,,,EXCELLENT,654.1,,,[],,,,,,,,,True,0.0,518.15,detect_loop,released,False,,,1789674145294.6016,False,,23,1,,1789674145948.7217,,,,,,session_20260917_143315,Standstill,
,,,,,,False,,,False,1789674163933.3,,,unknown,[],,[],0,24,[],,,,,,,,,[],,,,,,,,,True,0.0,,,unanswered,False,,,1789674155677.7747,False,,24,1,,,,,,,,session_20260917_143315,Go-To,
,,,,,,False,,,False,1789674160493.3,,,unknown,[],,[],0,25,[],,,,,,,,,[],,,,,,,,,True,0.0,,,disarmed,False,,,1789674157683.5808,False,,25,1,,,,,,,,session_20260917_143315,Left Fade,
,,,,,,False,,,False,1789674191542.3,,,unknown,[],,[],0,26,[],,,,,,,,,[],,,,,,,,,True,0.0,,,unanswered,False,,,1789674183397.4048,False,,26,1,,,,,,,,session_20260917_143315,Go-To,
,,,135.99,,,False,,,False,1789674185494.1,,WIDE OPEN,open,[],24.75,[],0,27,[],,,,,EXCELLENT,651.7,,,[],,,,,,,,,True,0.0,515.71,detect_loop,released,False,,,1789674184029.356,False,,27,1,,1789674184681.0605,,,,,,session_20260917_143315,Standstill,
,,,134.13,,,False,,,False,1789674198242.5,,OPEN,open,[],23.75,[],0,28,[],,,,,EXCELLENT,645.5,,,[],,,,,,,,,True,0.0,511.37,detect_loop,released,False,,,1789674196683.973,False,,28,1,,1789674197329.489,,,,,,session_20260917_143315,Standstill,
,,,,,,False,,,False,1789674212904.8,,,unknown,[],,[],0,29,[],,,,,,,,,[],,,,,,,,,True,0.0,,,unanswered,False,,,1789674204715.4302,False,,29,1,,,,,,,,session_20260917_143315,Go-To,
,,,,,,False,,,False,1789674214005.1,,,unknown,[],,[],0,30,[],,,,,,,,,[],,,,,,,,,True,0.0,,,unanswered,False,,,1789674205892.6665,False,,30,1,,,,,,,,session_20260917_143315,Go-To,
,,,,,,False,,,False,1789674215590.8,,,unknown,[],,[],0,31,[],,,,,,,,,[],,,,,,,,,True,0.0,,,unanswered,False,,,1789674207574.1204,False,,31,1,,,,,,,,session_20260917_143315,Go-To,
,,,121.13,,,False,,,False,1789674224693.5,,LIGHT CONTEST,contested,[],23.75,[],0,32,[],,,,,LATE,649.6,,,[],,,,,,,,,True,0.0,528.47,detect_loop,released,False,,,1789674222855.0806,False,,32,1,,1789674223504.6736,,,,,,session_20260917_143315,Standstill,
,,,,,,False,,,False,1789674293691.3,,,unknown,[],,[],0,33,[],,,,,,,,,[],,,,,,,,,True,0.0,,,unanswered,False,,,1789674285566.348,False,,33,1,,,,,,,,session_20260917_143315,Go-To,
,,,,,,False,,,False,1789674294778.8,,,unknown,[],,[],0,34,[],,,,,,,,,[],,,,,,,,,True,0.0,,,unanswered,False,,,1789674286771.1704,False,,34,1,,,,,,,,session_20260917_143315,Go-To,
,,,,,,False,,,False,1789674296915.3,,,unknown,[],,[],0,35,[],,,,,,,,,[],,,,,,,,,True,0.0,,,disarmed,False,,,1789674295779.7783,False,,35,1,,,,,,,,session_20260917_143315,Left Fade,
,,,,,,False,,,False,1789674298530.9,,,unknown,[],,[],0,36,[],,,,,,,,,[],,,,,,,,,True,0.0,,,disarmed,False,,,1789674297314.71,False,,36,1,,,,,,,,session_20260917_143315,Post Fade,
,,,135.83000000000004,,,False,,,False,1789674325189.6,,LIGHT CONTEST,contested,[],18.75,[],0,37,[],,,,,LATE,695.6,,,[],,,,,,,,,True,0.0,559.77,detect_loop,released,False,,,1789674323393.8298,False,,37,1,,1789674324089.4272,,,,,,session_20260917_143315,Standstill,
,,,,,,False,,,False,1789674332278.4,,,unknown,[],,[],0,38,[],,,,,,,,,[],,,,,,,,,True,0.0,,,disarmed,False,,,1789674331158.3796,False,,38,1,,,,,,,,session_20260917_143315,Right Fade,
,,,139.56999999999994,,,False,,,False,1789674340384.7,,WIDE OPEN,open,[],,[],0,39,[],,,,,EXCELLENT,804.3,,,[],,,,,,,,,True,0.0,664.73,detect_loop,released,False,,,1789674335926.6013,False,,39,1,,1789674336730.9387,,,,,,session_20260917_143315,Right Fade,
,,,,,,False,,,False,1789674461193.1,,,unknown,[],,[],0,40,[],,,,,,,,,[],,,,,,,,,True,0.0,,,disarmed,False,,,1789674459832.9866,False,,40,1,,,,,,,,session_20260917_143315,Right Fade,
,,,,,,False,,,False,1789674474548.8,,,unknown,[],,[],0,41,[],,,,,,,,,[],,,,,,,,,True,0.0,,,disarmed,False,,,1789674473382.8035,False,,41,1,,,,,,,,session_20260917_143315,Post Fade,
,,,,,,False,,,False,1789674516369.5,,,unknown,[],,[],0,42,[],,,,,,,,,[],,,,,,,,,True,0.0,,,unanswered,False,,,1789674508224.5586,False,,42,1,,,,,,,,session_20260917_143315,Go-To,
,,,,,,False,,,False,1789674518233.0,,,unknown,[],,[],0,43,[],,,,,,,,,[],,,,,,,,,True,0.0,,,disarmed,False,,,1789674516992.1575,False,,43,1,,,,,,,,session_20260917_143315,Right Fade,
,,,,,,False,,,False,1789674519061.3,,,unknown,[],,[],0,44,[],,,,,,,,,[],,,,,,,,,True,0.0,,,disarmed,False,,,1789674517850.4512,False,,44,1,,,,,,,,session_20260917_143315,Left Fade,
,,,134.56000000000006,,,False,,,False,1789674574189.3,,WIDE OPEN,open,[],,[],0,45,[],,,,,EXCELLENT,658.7,,,[],,,,,,,,,True,0.0,524.14,detect_loop,released,False,,,1789674572800.6829,False,,45,1,,1789674573459.3809,,,,,,session_20260917_143315,Standstill,
,,,135.47000000000003,,,False,,,False,1789674599740.2,,WIDE OPEN,open,[],19.75,[],0,46,[],,,,,EXCELLENT,643.5,,,[],,,,,,,,,True,0.0,508.03,detect_loop,released,False,,,1789674598348.3035,False,,46,1,,1789674598991.8452,,,,,,session_20260917_143315,Standstill,
,,,129.66999999999996,,,False,,,False,1789674626755.2,,WIDE OPEN,open,[],23.75,[],0,47,[],,,,,EXCELLENT,685.4,,,[],,,,,,,,,True,0.0,555.73,detect_loop,released,False,,,1789674625321.8723,False,,47,1,,1789674626007.3003,,,,,,session_20260917_143315,Standstill,
,,,,,,False,,,False,1789674643086.3,,,unknown,[],,[],0,48,[],,,,,,,,,[],,,,,,,,,True,0.0,,,unanswered,False,,,1789674635013.098,False,,48,1,,,,,,,,session_20260917_143315,Go-To,
,,,,,,False,,,False,1789674653401.7,,,unknown,[],,[],0,49,[],,,,,,,,,[],,,,,,,,,True,0.0,,,disarmed,False,,,1789674652167.3223,False,,49,1,,,,,,,,session_20260917_143315,Standstill,
,,,,,,False,,,False,1789674756783.4,,,unknown,[],,[],0,50,[],,,,,,,,,[],,,,,,,,,True,0.0,,,unanswered,False,,,1789674748709.995,False,,50,1,,,,,,,,session_20260917_143315,Go-To,
,,,136.15999999999997,,,False,,,False,1789674751214.1,,,unknown,[],,[],0,51,[],,,,,EXCELLENT,661.8,,,[],,,,,,,,,True,0.0,525.64,detect_loop,released,False,,,1789674749671.8164,False,,51,1,,1789674750333.6506,,,,,,session_20260917_143315,Standstill,
,,,,,,False,,,False,1789674781885.7,,,unknown,[],,[],0,52,[],,,,,,,,,[],,,,,,,,,True,0.0,,,disarmed,False,,,1789674780769.7385,False,,52,1,,,,,,,,session_20260917_143315,Left Fade,
,,,,,,False,,,False,1789674800713.5,,,unknown,[],,[],0,53,[],,,,,,,,,[],,,,,,,,,True,0.0,,,disarmed,False,,,1789674799553.881,False,,53,1,,,,,,,,session_20260917_143315,Standstill,
,,,133.9699999999999,,,False,,,False,1789674834327.8,,SEMI-OPEN,unknown,[],25.25,[],0,54,[],,,,,LATE,650.8,,,[],,,,,,,,,True,0.0,516.83,detect_loop,released,False,,,1789674832512.2156,False,,54,1,,1789674833163.0464,,,,,,session_20260917_143315,Standstill,
,,,,,,False,,,False,1789674837376.0,,,unknown,[],,[],0,55,[],,,,,,,,,[],,,,,,,,,True,0.0,,,disarmed,False,,,1789674836182.0723,False,,55,1,,,,,,,,session_20260917_143315,Right Fade,
,,,,,,False,,,False,1789674884023.7,,,unknown,[],,[],0,56,[],,,,,,,,,[],,,,,,,,,True,0.0,,,disarmed,False,,,1789674882669.5022,False,,56,1,,,,,,,,session_20260917_143315,Standstill,
,,,134.49,,,False,,,False,1789674907854.9,,OPEN,open,[],18.5,[],0,57,[],,,,,LATE,694.6,,,[],,,,,,,,,True,0.0,560.11,detect_loop,released,False,,,1789674906264.5603,False,,57,1,,1789674906959.1807,,,,,,session_20260917_143315,Standstill,
,,,,,,False,,,False,1789674945982.2,,,unknown,[],,[],0,58,[],,,,,,,,,[],,,,,,,,,True,0.0,,,disarmed,False,,,1789674944857.2522,False,,58,1,,,,,,,,session_20260917_143315,Left Fade,
,,,,,,False,,,False,1789675000027.6,,,unknown,[],,[],0,59,[],,,,,,,,,[],,,,,,,,,True,0.0,,,unanswered,False,,,1789674991797.2512,False,,59,1,,,,,,,,session_20260917_143315,Go-To,
,,,132.8599999999999,,,False,,,False,1789674994218.0,,OPEN,open,[],24.333,[],0,60,[],,,,,EXCELLENT,655.3,,,[],,,,,,,,,True,0.0,522.44,detect_loop,released,False,,,1789674992696.4966,False,,60,1,,1789674993351.7566,,,,,,session_20260917_143315,Standstill,
,,,,,,False,,,False,1789675021879.0,,,unknown,[],,[],0,61,[],,,,,,,,,[],,,,,,,,,True,0.0,,,unanswered,False,,,1789675013690.3818,False,,61,1,,,,,,,,session_20260917_143315,Go-To,
,,,,,,False,,,False,1789675023179.5,,,unknown,[],,[],0,62,[],,,,,,,,,[],,,,,,,,,True,0.0,,,unanswered,False,,,1789675015122.9875,False,,62,1,,,,,,,,session_20260917_143315,Go-To,
,,,,,,False,,,False,1789675024729.4,,,unknown,[],,[],0,63,[],,,,,,,,,[],,,,,,,,,True,0.0,,,unanswered,False,,,1789675016524.849,False,,63,1,,,,,,,,session_20260917_143315,Go-To,
,,,137.38,,,False,,,False,1789675048665.3,,LIGHT CONTEST,contested,[],24.417,[],0,64,[],,,,,LATE,803.9,,,[],,,,,,,,,True,0.0,666.52,detect_loop,released,False,,,1789675046847.976,False,,64,1,,1789675047651.8994,,,,,,session_20260917_143315,Standstill,
,,,,,,False,,,False,1789675067500.5,,,unknown,[],,[],0,65,[],,,,,,,,,[],,,,,,,,,True,0.0,,,disarmed,False,,,1789675066294.0342,False,,65,1,,,,,,,,session_20260917_143315,Left Fade,
,,,136.17000000000002,,,False,,,False,1789675251401.3,,OPEN,open,[],22.333,[],0,66,[],,,,,EXCELLENT,647.6,,,[],,,,,,,,,True,0.0,511.43,detect_loop,released,False,,,1789675249956.6655,False,,66,1,,1789675250604.2612,,,,,,session_20260917_143315,Standstill,
,,,,,,False,,,False,1789675261858.0,,,unknown,[],,[],0,67,[],,,,,,,,,[],,,,,,,,,True,0.0,,,disarmed,False,,,1789675260718.6423,False,,67,1,,,,,,,,session_20260917_143315,Standstill,
,,,136.61,,,False,,,False,1789675263317.8,,WIDE OPEN,open,[],25.25,[],0,68,[],,,,,EXCELLENT,645.5,,,[],,,,,,,,,True,0.0,508.89,detect_loop,released,False,,,1789675261857.955,False,,68,1,,1789675262503.4165,,,,,,session_20260917_143315,Standstill,
,,,136.51999999999998,,,False,,,False,1789675319263.4,,BOTHERED,unknown,[],23.75,[],0,69,[],,,,,LATE,654.4,,,[],,,,,,,,,True,0.0,517.88,detect_loop,released,False,,,1789675317446.5164,False,,69,1,,1789675318100.8923,,,,,,session_20260917_143315,Standstill,
,,,,,,False,,,False,1789675336015.4,,,unknown,[],,[],0,70,[],,,,,,,,,[],,,,,,,,,True,0.0,,,unanswered,False,,,1789675327824.5469,False,,70,1,,,,,,,,session_20260917_143315,Go-To,
,,,,,,False,,,False,1789675337327.2,,,unknown,[],,[],0,71,[],,,,,,,,,[],,,,,,,,,True,0.0,,,unanswered,False,,,1789675329260.5205,False,,71,1,,,,,,,,session_20260917_143315,Go-To,
,,,135.42999999999995,,,False,,,False,1789675331714.3,,WIDE OPEN,open,[],21.667,[],0,72,[],,,,,EXCELLENT,649.0,,,[],,,,,,,,,True,0.0,513.57,detect_loop,released,False,,,1789675330284.4841,False,,72,1,,1789675330933.4504,,,,,,session_20260917_143315,Standstill,
,,,,,,False,,,False,1789675359134.5,,,unknown,[],,[],0,73,[],,,,,,,,,[],,,,,,,,,True,0.0,,,unanswered,False,,,1789675351070.0154,False,,73,1,,,,,,,,session_20260917_143315,Go-To,
,,,,,,False,,,False,1789675360437.6,,,unknown,[],,[],0,74,[],,,,,,,,,[],,,,,,,,,True,0.0,,,unanswered,False,,,1789675352297.5513,False,,74,1,,,,,,,,session_20260917_143315,Go-To,
,,,,,,False,,,False,1789675355683.0,,,unknown,[],,[],0,75,[],,,,,,,,,[],,,,,,,,,True,0.0,,,disarmed,False,,,1789675354257.174,False,,75,1,,,,,,,,session_20260917_143315,Left Fade,
,,,117.47000000000003,,,False,,,False,1789675356578.3,,WIDE OPEN,open,[],20.167,[],0,76,[],,,,,EXCELLENT,642.7,,,[],,,,,,,,,True,0.0,525.23,detect_loop,released,False,,,1789675355189.8894,False,,76,1,,1789675355832.6052,,,,,,session_20260917_143315,Standstill,
,,,,,,False,,,False,1789675372876.6,,,unknown,[],,[],0,77,[],,,,,,,,,[],,,,,,,,,True,0.0,,,unanswered,False,,,1789675364853.247,False,,77,1,,,,,,,,session_20260917_143315,Go-To,
,,,135.82999999999998,,,False,,,False,1789675367312.3,,OPEN,open,[],25.167,[],0,78,[],,,,,EXCELLENT,646.0,,,[],,,,,,,,,True,0.0,510.17,detect_loop,released,False,,,1789675365852.5637,False,,78,1,,1789675366498.5396,,,,,,session_20260917_143315,Standstill,
,,,,,,False,,,False,1789675466122.6,,,unknown,[],,[],0,79,[],,,,,,,,,[],,,,,,,,,True,0.0,,,disarmed,False,,,1789675464996.3362,False,,79,1,,,,,,,,session_20260917_143315,Right Fade,
,,,,,,False,,,False,1789675493971.5,,,unknown,[],,[],0,80,[],,,,,,,,,[],,,,,,,,,True,0.0,,,unanswered,False,,,1789675485757.15,False,,80,1,,,,,,,,session_20260917_143315,Go-To,
,,,,,,False,,,False,1789675493971.5,,,unknown,[],,[],0,81,[],,,,,,,,,[],,,,,,,,,True,0.0,,,disarmed,False,,,1789675492756.789,False,,81,1,,,,,,,,session_20260917_143315,Standstill,
,,,,,,False,,,False,1789675508344.7,,,unknown,[],,[],0,82,[],,,,,,,,,[],,,,,,,,,True,0.0,,,disarmed,False,,,1789675507200.7278,False,,82,1,,,,,,,,session_20260917_143315,Standstill,
,,,,,,False,,,False,1789675603670.3,,,unknown,[],,[],0,83,[],,,,,,,,,[],,,,,,,,,True,0.0,,,unanswered,False,,,1789675595658.8364,False,,83,1,,,,,,,,session_20260917_143315,Go-To,
,,,137.95999999999998,,,False,,,False,1789675597849.7,,WIDE OPEN,open,[],,[],0,84,[],,,,,EXCELLENT,605.8,,,[],,,,,,,,,True,0.0,467.84,detect_loop,released,False,,,1789675596550.274,False,,84,1,,1789675597156.0254,,,,,,session_20260917_143315,Standstill,
,,,135.37000000000006,,,False,,,False,1789675606900.7,,WIDE OPEN,open,[],24.667,[],0,85,[],,,,,EXCELLENT,639.2,,,[],,,,,,,,,True,0.0,503.83,detect_loop,released,False,,,1789675605496.7493,False,,85,1,,1789675606135.9636,,,,,,session_20260917_143315,Standstill,
,,,137.55,,,False,,,False,1789675616400.6,,OPEN,open,[],24.583,[],0,86,[],,,,,EXCELLENT,608.1,,,[],,,,,,,,,True,0.0,470.55,detect_loop,released,False,,,1789675615063.444,False,,86,1,,1789675615671.5146,,,,,,session_20260917_143315,Standstill,
,,,135.80000000000007,,,False,,,False,1789675661546.2,,SEMI-OPEN,unknown,[],16.083,[],0,87,[],,,,,EXCELLENT,697.7,,,[],,,,,,,,,True,0.0,561.9,detect_loop,released,False,,,1789675660052.5974,False,,87,1,,1789675660750.2825,,,,,,session_20260917_143315,Standstill,
,,,,,,False,,,False,1789675671611.8,,,unknown,[],,[],0,88,[],,,,,,,,,[],,,,,,,,,True,0.0,,,disarmed,False,,,1789675670186.0315,False,,88,1,,,,,,,,session_20260917_143315,Standstill,
,,,,,,False,,,False,1789675697975.0,,,unknown,[],,[],0,89,[],,,,,,,,,[],,,,,,,,,True,0.0,,,disarmed,False,,,1789675696856.0515,False,,89,1,,,,,,,,session_20260917_143315,Right Fade,
,,,,,,False,,,False,1789675718443.9,,,unknown,[],,[],0,90,[],,,,,,,,,[],,,,,,,,,True,0.0,,,unanswered,False,,,1789675710235.0667,False,,90,1,,,,,,,,session_20260917_143315,Go-To,
,,,,,,False,,,False,1789675719485.4,,,unknown,[],,[],0,91,[],,,,,,,,,[],,,,,,,,,True,0.0,,,unanswered,False,,,1789675711462.1006,False,,91,1,,,,,,,,session_20260917_143315,Go-To,
,,,,,,False,,,False,1789675721035.3,,,unknown,[],,[],0,92,[],,,,,,,,,[],,,,,,,,,True,0.0,,,unanswered,False,,,1789675712831.1355,False,,92,1,,,,,,,,session_20260917_143315,Go-To,
,,,136.74,,,False,,,False,1789675715395.2,,LIGHT CONTEST,contested,[],21.917,[],0,93,[],,,,,EXCELLENT,687.1,,,[],,,,,,,,,True,0.0,550.36,detect_loop,released,False,,,1789675713676.602,False,,93,1,,1789675714363.742,,,,,,session_20260917_143315,Standstill,
,,,309.08,,,False,,,False,1789675725226.6,,OPEN,open,[],37.417,[],0,94,[],,,,,EARLY,448.2,,,[],,,,,,,,,True,0.0,139.12,detect_loop,released,False,,,1789675723455.133,False,,94,1,,1789675723903.2888,,,,,,session_20260917_143315,Standstill,
,,,,,,False,,,False,1789676043267.9,,,unknown,[],,[],0,95,[],,,,,,,,,[],,,,,,,,,True,0.0,,,disarmed,False,,,1789676042146.7354,False,,95,1,,,,,,,,session_20260917_143315,Post Fade,
,,,130.17000000000002,,,False,,,False,1789676055567.1,,WIDE OPEN,open,[],27.333,[],0,96,[],,,,,EXCELLENT,637.5,,,[],,,,,,,,,True,0.0,507.33,detect_loop,released,False,,,1789676054044.1094,False,,96,1,,1789676054681.6077,,,,,,session_20260917_143315,Standstill,
,,,,,,False,,,False,1789676070330.8,,,unknown,[],,[],0,97,[],,,,,,,,,[],,,,,,,,,True,0.0,,,unanswered,False,,,1789676062270.5732,False,,97,1,,,,,,,,session_20260917_143315,Go-To,
,,,127.84000000000003,,,False,,,False,1789676075035.8,,WIDE OPEN,open,[],26.417,[],0,98,[],,,,,EXCELLENT,649.6,,,[],,,,,,,,,True,0.0,521.76,detect_loop,released,False,,,1789676073599.108,False,,98,1,,1789676074248.757,,,,,,session_20260917_143315,Standstill,
,,,,,,False,,,False,1789676100482.2,,,unknown,[],,[],0,99,[],,,,,,,,,[],,,,,,,,,True,0.0,,,disarmed,False,,,1789676099236.6924,False,,99,1,,,,,,,,session_20260917_143315,Standstill,
,,,,,,False,,,False,1789676108339.5,,,unknown,[],,[],0,100,[],,,,,,,,,[],,,,,,,,,True,0.0,,,unanswered,False,,,1789676100097.465,False,,100,1,,,,,,,,session_20260917_143315,Go-To,
,,,131.07999999999993,,,False,,,False,1789676102781.9,,BOTHERED,unknown,[],25.75,[],0,101,[],,,,,EARLY,655.8,,,[],,,,,,,,,True,0.0,524.72,detect_loop,released,False,,,1789676101041.6006,False,,101,1,,1789676101697.3513,,,,,,session_20260917_143315,Standstill,
,,,,,,False,,,False,1789676189907.9,,,unknown,[],,[],0,102,[],,,,,,,,,[],,,,,,,,,True,0.0,,,disarmed,False,,,1789676188688.5962,False,,102,1,,,,,,,,session_20260917_143315,Post Fade,
,,,130.77000000000004,,,False,,,False,1789676209725.9,,LIGHT CONTEST,contested,[],19.75,[],0,103,[],,,,,EXCELLENT,641.1,,,[],,,,,,,,,True,0.0,510.33,detect_loop,released,False,,,1789676208150.8342,False,,103,1,,1789676208791.8867,,,,,,session_20260917_143315,Standstill,
,,,,,,False,,,False,1789676238244.8,,,unknown,[],,[],0,104,[],,,,,,,,,[],,,,,,,,,True,0.0,,,disarmed,False,,,1789676236993.4485,False,,104,1,,,,,,,,session_20260917_143315,Right Fade,
,,,,,,False,,,False,1789676276770.3,,,unknown,[],,[],0,105,[],,,,,,,,,[],,,,,,,,,True,0.0,,,unanswered,False,,,1789676268544.6514,False,,105,1,,,,,,,,session_20260917_143315,Go-To,
,,,,,,False,,,False,1789676278100.3,,,unknown,[],,[],0,106,[],,,,,,,,,[],,,,,,,,,True,0.0,,,unanswered,False,,,1789676269931.778,False,,106,1,,,,,,,,session_20260917_143315,Go-To,
,,,,,,False,,,False,1789676410012.6,,,unknown,[],,[],0,107,[],,,,,,,,,[],,,,,,,,,True,0.0,,,disarmed,False,,,1789676408447.2,False,,107,1,,,,,,,,session_20260917_143315,Right Fade,
,,,140.29999999999995,,,False,,,False,1789676411150.5,,OPEN,open,[],,[],0,108,[],,,,,EXCELLENT,791.4,,,[],,,,,,,,,True,0.0,651.1,detect_loop,released,False,,,1789676409368.7385,False,,108,1,,1789676410160.1716,,,,,,session_20260917_143315,Right Fade,
,,,131.57,,,False,,,False,1789676418482.6,,WIDE OPEN,open,[],24.25,[],0,109,[],,,,,EXCELLENT,642.0,,,[],,,,,,,,,True,0.0,510.43,detect_loop,released,False,,,1789676417106.583,False,,109,1,,1789676417748.6135,,,,,,session_20260917_143315,Standstill,
,,,130.32000000000005,,,False,,,False,1789676427664.2,,SEMI-OPEN,unknown,[],25.5,[],0,110,[],,,,,LATE,657.0,,,[],,,,,,,,,True,0.0,526.68,detect_loop,released,False,,,1789676425990.9038,False,,110,1,,1789676426647.8752,,,,,,session_20260917_143315,Standstill,
,,,,,,False,,,False,1789676430804.8,,,unknown,[],,[],0,111,[],,,,,,,,,[],,,,,,,,,True,0.0,,,disarmed,False,,,1789676429550.1033,False,,111,1,,,,,,,,session_20260917_143315,Left Fade,
,,,,,,False,,,False,1789676437610.1,,,unknown,[],,[],0,112,[],,,,,,,,,[],,,,,,,,,True,0.0,,,disarmed,False,,,1789676436353.036,False,,112,1,,,,,,,,session_20260917_143315,Right Fade,
,,,,,,False,,,False,1789676443430.7,,,unknown,[],,[],0,113,[],,,,,,,,,[],,,,,,,,,True,0.0,,,disarmed,False,,,1789676442245.6504,False,,113,1,,,,,,,,session_20260917_143315,Right Fade,
,,,,,,False,,,False,1789676459187.3,,,unknown,[],,[],0,114,[],,,,,,,,,[],,,,,,,,,True,0.0,,,disarmed,False,,,1789676457854.621,False,,114,1,,,,,,,,session_20260917_143315,Right Fade,
,,,,,,False,,,False,1789676497629.7,,,unknown,[],,[],0,115,[],,,,,,,,,[],,,,,,,,,True,0.0,,,disarmed,False,,,1789676496443.1262,False,,115,1,,,,,,,,session_20260917_143315,Post Fade,
,,,,,,False,,,False,1789676533812.3,,,unknown,[],,[],0,116,[],,,,,,,,,[],,,,,,,,,True,0.0,,,disarmed,False,,,1789676532651.5815,False,,116,1,,,,,,,,session_20260917_143315,Left Fade,
,,,,,,False,,,False,1789676543198.3,,,unknown,[],,[],0,117,[],,,,,,,,,[],,,,,,,,,True,0.0,,,disarmed,False,,,1789676541952.4788,False,,117,1,,,,,,,,session_20260917_143315,Right Fade,
,,,,,,False,,,False,1789676543198.3,,,unknown,[],,[],0,118,[],,,,,,,,,[],,,,,,,,,True,0.0,,,disarmed,False,,,1789676542098.4155,False,,118,1,,,,,,,,session_20260917_143315,Right Fade,
,,,,,,False,,,False,1789676543852.7,,,unknown,[],,[],0,119,[],,,,,,,,,[],,,,,,,,,True,0.0,,,disarmed,False,,,1789676542222.2078,False,,119,1,,,,,,,,session_20260917_143315,Right Fade,
,,,,,,False,,,False,1789676543852.7,,,unknown,[],,[],0,120,[],,,,,,,,,[],,,,,,,,,True,0.0,,,disarmed,False,,,1789676542372.8564,False,,120,1,,,,,,,,session_20260917_143315,Right Fade,
,,,,,,False,,,False,1789676551515.9,,,unknown,[],,[],0,121,[],,,,,,,,,[],,,,,,,,,True,0.0,,,disarmed,False,,,1789676550266.6235,False,,121,1,,,,,,,,session_20260917_143315,Left Fade,
,,,,,,False,,,False,1789676557299.5,,,unknown,[],,[],0,122,[],,,,,,,,,[],,,,,,,,,True,0.0,,,disarmed,False,,,1789676556167.628,False,,122,1,,,,,,,,session_20260917_143315,Right Fade,
,,,,,,False,,,False,1789676558399.3,,,unknown,[],,[],0,123,[],,,,,,,,,[],,,,,,,,,True,0.0,,,disarmed,False,,,1789676557209.0044,False,,123,1,,,,,,,,session_20260917_143315,Left Fade,
,,,,,,False,,,False,1789676588559.1,,,unknown,[],,[],0,124,[],,,,,,,,,[],,,,,,,,,True,0.0,,,unanswered,False,,,1789676580506.749,False,,124,1,,,,,,,,session_20260917_143315,Go-To,
,,,133.88,,,False,,,False,1789676583008.9,,WIDE OPEN,open,[],24.833,[],0,125,[],,,,,EXCELLENT,738.2,,,[],,,,,,,,,True,0.0,604.32,detect_loop,released,False,,,1789676581468.182,False,,125,1,,1789676582206.38,,,,,,session_20260917_143315,Standstill,
,,,,,,False,,,False,1789676629149.0,,,unknown,[],,[],0,126,[],,,,,,,,,[],,,,,,,,,True,0.0,,,disarmed,False,,,1789676628055.4954,False,,126,1,,,,,,,,session_20260917_143315,Post Fade,
,,,,,,False,,,False,1789676658428.1,,,unknown,[],,[],0,127,[],,,,,,,,,[],,,,,,,,,True,0.0,,,disarmed,False,,,1789676657247.0195,False,,127,1,,,,,,,,session_20260917_143315,Right Fade,
,,,,,,False,,,False,1789676659779.6,,,unknown,[],,[],0,128,[],,,,,,,,,[],,,,,,,,,True,0.0,,,disarmed,False,,,1789676658428.1423,False,,128,1,,,,,,,,session_20260917_143315,Left Fade,
,,,,,,False,,,False,1789676666877.4,,,unknown,[],,[],0,129,[],,,,,,,,,[],,,,,,,,,True,0.0,,,disarmed,False,,,1789676665720.8464,False,,129,1,,,,,,,,session_20260917_143315,Post Fade,
,,,,,,False,,,False,1789676682911.7,,,unknown,[],,[],0,130,[],,,,,,,,,[],,,,,,,,,True,0.0,,,disarmed,False,,,1789676681799.608,False,,130,1,,,,,,,,session_20260917_143315,Post Fade,
,,,,,,False,,,False,1789676684011.1,,,unknown,[],,[],0,131,[],,,,,,,,,[],,,,,,,,,True,0.0,,,disarmed,False,,,1789676682793.4785,False,,131,1,,,,,,,,session_20260917_143315,Left Fade,
,,,,,,False,,,False,1789676688464.2,,,unknown,[],,[],0,132,[],,,,,,,,,[],,,,,,,,,True,0.0,,,disarmed,False,,,1789676687208.718,False,,132,1,,,,,,,,session_20260917_143315,Post Fade,
,,,134.95,,,False,,,False,1789676830245.2,,OPEN,open,[],22.0,[],0,133,[],,,,,EXCELLENT,618.0,,,[],,,,,,,,,True,0.0,483.05,detect_loop,released,False,,,1789676828828.4246,False,,133,1,,1789676829446.4724,,,,,,session_20260917_143315,Standstill,
,,,,,,False,,,False,1789676848867.4,,,unknown,[],,[],0,134,[],,,,,,,,,[],,,,,,,,,True,0.0,,,unanswered,False,,,1789676840748.0625,False,,134,1,,,,,,,,session_20260917_143315,Go-To,
,,,,,,False,,,False,1789676851297.2,,,unknown,[],,[],0,135,[],,,,,,,,,[],,,,,,,,,True,0.0,,,unanswered,False,,,1789676843199.436,False,,135,1,,,,,,,,session_20260917_143315,Go-To,
,,,128.28000000000003,,,False,,,False,1789676845964.5,,SEMI-OPEN,unknown,[],27.833,[],0,136,[],,,,,EARLY,636.7,,,[],,,,,,,,,True,0.0,508.42,detect_loop,released,False,,,1789676844025.8748,False,,136,1,,1789676844662.5825,,,,,,session_20260917_143315,Standstill,
,,,,,,False,,,False,1789676849181.5,,,unknown,[],,[],0,137,[],,,,,,,,,[],,,,,,,,,True,0.0,,,disarmed,False,,,1789676847808.7122,False,,137,1,,,,,,,,session_20260917_143315,Right Fade,
,,,,,,False,,,False,1789676870649.0,,,unknown,[],,[],0,138,[],,,,,,,,,[],,,,,,,,,True,0.0,,,disarmed,False,,,1789676869352.272,False,,138,1,,,,,,,,session_20260917_143315,Post Fade,
,,,,,,False,,,False,1789676887651.4,,,unknown,[],,[],0,139,[],,,,,,,,,[],,,,,,,,,True,0.0,,,disarmed,False,,,1789676886409.0542,False,,139,1,,,,,,,,session_20260917_143315,Post Fade,
,,,,,,False,,,False,1789676926323.7,,,unknown,[],,[],0,140,[],,,,,,,,,[],,,,,,,,,True,0.0,,,unanswered,False,,,1789676918178.4592,False,,140,1,,,,,,,,session_20260917_143315,Go-To,
,,,111.73000000000002,,,False,,,False,1789676921507.4,,SOLID CONTEST,contested,[],26.167,[],0,141,[],,,,,LATE,653.9,,,[],,,,,,,,,True,0.0,542.17,detect_loop,released,False,,,1789676919688.1326,False,,141,1,,1789676920342.077,,,,,,session_20260917_143315,Standstill,
,,,,,,False,,,False,1789676925731.5,,,unknown,[],,[],0,142,[],,,,,,,,,[],,,,,,,,,True,0.0,,,disarmed,False,,,1789676924503.067,False,,142,1,,,,,,,,session_20260917_143315,Left Fade,
,,,,,,False,,,False,1789676962877.3,,,unknown,[],,[],0,143,[],,,,,,,,,[],,,,,,,,,True,0.0,,,unanswered,False,,,1789676954755.6667,False,,143,1,,,,,,,,session_20260917_143315,Go-To,
,,,129.88,,,False,,,False,1789676957344.0,,BOTHERED,unknown,[],23.75,[],0,144,[],,,,,EXCELLENT,692.9,,,[],,,,,,,,,True,0.0,563.02,detect_loop,released,False,,,1789676955663.3142,False,,144,1,,1789676956356.168,,,,,,session_20260917_143315,Standstill,
,,,,,,False,,,False,1789677060212.1,,,unknown,[],,[],0,145,[],,,,,,,,,[],,,,,,,,,True,0.0,,,unanswered,False,,,1789677051990.4937,False,,145,1,,,,,,,,session_20260917_143315,Go-To,
,,,,,,False,,,False,1789677085654.9,,,unknown,[],,[],0,146,[],,,,,,,,,[],,,,,,,,,True,0.0,,,disarmed,False,,,1789677084389.8452,False,,146,1,,,,,,,,session_20260917_143315,Right Fade,
,,,,,,False,,,False,1789677086990.4,,,unknown,[],,[],0,147,[],,,,,,,,,[],,,,,,,,,True,0.0,,,disarmed,False,,,1789677085743.403,False,,147,1,,,,,,,,session_20260917_143315,Left Fade,
,,,133.66000000000003,,,False,,,False,1789677853360.4,,LIGHT CONTEST,contested,[],,[],0,148,[],,,,,EARLY,643.2,,,[],,,,,,,,,True,0.0,509.54,detect_loop,released,False,,,1789677851683.8276,False,,148,1,,1789677852327.028,,,,,,session_20260917_143315,Standstill,
,,,,,,False,,,False,1789677857045.4,,,unknown,[],,[],0,149,[],,,,,,,,,[],,,,,,,,,True,0.0,,,disarmed,False,,,1789677855751.0767,False,,149,1,,,,,,,,session_20260917_143315,Right Fade,
,,,,,,False,,,False,1789677858397.6,,,unknown,[],,[],0,150,[],,,,,,,,,[],,,,,,,,,True,0.0,,,disarmed,False,,,1789677857062.0027,False,,150,1,,,,,,,,session_20260917_143315,Post Fade,
,,,,,,False,,,False,1789677871282.1,,,unknown,[],,[],0,151,[],,,,,,,,,[],,,,,,,,,True,0.0,,,disarmed,False,,,1789677869995.347,False,,151,1,,,,,,,,session_20260917_143315,Right Fade,
,,,,,,False,,,False,1789677921859.1,,,unknown,[],,[],0,152,[],,,,,,,,,[],,,,,,,,,True,0.0,,,unanswered,False,,,1789677913652.66,False,,152,1,,,,,,,,session_20260917_143315,Go-To,
,,,,,,False,,,False,1789677935659.1,,,unknown,[],,[],0,153,[],,,,,,,,,[],,,,,,,,,True,0.0,,,unanswered,False,,,1789677927472.8442,False,,153,1,,,,,,,,session_20260917_143315,Go-To,
,,,129.65999999999997,,,False,,,False,1789677929809.0,,WIDE OPEN,open,[],22.167,[],0,154,[],,,,,EXCELLENT,655.6,,,[],,,,,,,,,True,0.0,525.94,detect_loop,released,False,,,1789677928401.06,False,,154,1,,1789677929056.7026,,,,,,session_20260917_143315,Standstill,
,,,130.74,,,False,,,False,1789677938339.2,,WIDE OPEN,open,[],,[],0,155,[],,,,,EXCELLENT,937.6,,,[],,,,,,,,,True,0.0,806.86,detect_loop,released,False,,,1789677936635.4678,False,,155,1,,1789677937573.0808,,,,,,session_20260917_143315,Standstill,
,,,,,,False,,,False,1789677954137.8,,,unknown,[],,[],0,156,[],,,,,,,,,[],,,,,,,,,True,0.0,,,unanswered,False,,,1789677945936.7373,False,,156,1,,,,,,,,session_20260917_143315,Go-To,
,,,,,,False,,,False,1789677955216.2,,,unknown,[],,[],0,157,[],,,,,,,,,[],,,,,,,,,True,0.0,,,unanswered,False,,,1789677947064.9006,False,,157,1,,,,,,,,session_20260917_143315,Go-To,
,,,,,,False,,,False,1789677956044.3,,,unknown,[],,[],0,158,[],,,,,,,,,[],,,,,,,,,True,0.0,,,unanswered,False,,,1789677948020.938,False,,158,1,,,,,,,,session_20260917_143315,Go-To,
,,,130.79000000000008,,,False,,,False,1789677950972.1,,LIGHT CONTEST,contested,[],25.333,[],0,159,[],,,,,LATE,726.7,,,[],,,,,,,,,True,0.0,595.91,detect_loop,released,False,,,1789677948895.4592,False,,159,1,,1789677949622.1802,,,,,,session_20260917_143315,Standstill,
,,,,,,False,,,False,1789677964697.3,,,unknown,[],,[],0,160,[],,,,,,,,,[],,,,,,,,,True,0.0,,,disarmed,False,,,1789677963561.515,False,,160,1,,,,,,,,session_20260917_143315,Left Fade,
,,,,,,False,,,False,1789677979117.4,,,unknown,[],,[],0,161,[],,,,,,,,,[],,,,,,,,,True,0.0,,,disarmed,False,,,1789677977767.0713,False,,161,1,,,,,,,,session_20260917_143315,Post Fade,
,,,,,,False,,,False,1789678012187.4,,,unknown,[],,[],0,162,[],,,,,,,,,[],,,,,,,,,True,0.0,,,disarmed,False,,,1789678011045.3237,False,,162,1,,,,,,,,session_20260917_143315,Left Fade,
,,,,,,False,,,False,1789678023145.7,,,unknown,[],,[],0,163,[],,,,,,,,,[],,,,,,,,,True,0.0,,,disarmed,False,,,1789678021941.1558,False,,163,1,,,,,,,,session_20260917_143315,Post Fade,
,,,,,,False,,,False,1789678025792.3,,,unknown,[],,[],0,164,[],,,,,,,,,[],,,,,,,,,True,0.0,,,disarmed,False,,,1789678024482.4194,False,,164,1,,,,,,,,session_20260917_143315,Right Fade,
,,,127.67999999999995,,,False,,,False,1789678034851.2,,SOLID CONTEST,contested,[],23.75,[],0,165,[],,,,,EXCELLENT,641.8,,,[],,,,,,,,,True,0.0,514.12,detect_loop,released,False,,,1789678033193.682,False,,165,1,,1789678033835.5125,,,,,,session_20260917_143315,Standstill,
,,,,,,False,,,False,1789678052935.3,,,unknown,[],,[],0,166,[],,,,,,,,,[],,,,,,,,,True,0.0,,,disarmed,False,,,1789678051603.5835,False,,166,1,,,,,,,,session_20260917_143315,Standstill,
,,,,,,False,,,False,1789678060775.0,,,unknown,[],,[],0,167,[],,,,,,,,,[],,,,,,,,,True,0.0,,,unanswered,False,,,1789678052609.1428,False,,167,1,,,,,,,,session_20260917_143315,Go-To,
,,,,,,False,,,False,1789678062389.2,,,unknown,[],,[],0,168,[],,,,,,,,,[],,,,,,,,,True,0.0,,,unanswered,False,,,1789678054311.282,False,,168,1,,,,,,,,session_20260917_143315,Go-To,
,,,,,,False,,,False,1789678063730.0,,,unknown,[],,[],0,169,[],,,,,,,,,[],,,,,,,,,True,0.0,,,unanswered,False,,,1789678055525.6614,False,,169,1,,,,,,,,session_20260917_143315,Go-To,
,,,127.77999999999997,,,False,,,False,1789678058667.8,,WIDE OPEN,open,[],27.083,[],0,170,[],,,,,EXCELLENT,646.4,,,[],,,,,,,,,True,0.0,518.62,detect_loop,released,False,,,1789678057270.44,False,,170,1,,1789678057916.833,,,,,,session_20260917_143315,Standstill,
,,,114.67999999999995,,,False,,,False,1789678110066.4,,SEMI-OPEN,unknown,[],25.5,[],0,171,[],,,,,LATE,805.0,,,[],,,,,,,,,True,0.0,690.32,detect_loop,released,False,,,1789678108126.1475,False,,171,1,,1789678108931.1877,,,,,,session_20260917_143315,Standstill,
,,,,,,False,,,False,1789678114482.6,,,unknown,[],,[],0,172,[],,,,,,,,,[],,,,,,,,,True,0.0,,,disarmed,False,,,1789678113140.7183,False,,172,1,,,,,,,,session_20260917_143315,Left Fade,
,,,,,,False,,,False,1789678142949.3,,,unknown,[],,[],0,173,[],,,,,,,,,[],,,,,,,,,True,0.0,,,disarmed,False,,,1789678140872.0886,False,,173,1,,,,,,,,session_20260917_143315,Standstill,
,,,,,,False,,,False,1789678153913.1,,,unknown,[],,[],0,174,[],,,,,,,,,[],,,,,,,,,True,0.0,,,disarmed,False,,,1789678152236.8223,False,,174,1,,,,,,,,session_20260917_143315,Left Fade,
,,,,,,False,,,False,1789678276962.5,,,unknown,[],,[],0,175,[],,,,,,,,,[],,,,,,,,,True,0.0,,,unanswered,False,,,1789678268867.679,False,,175,1,,,,,,,,session_20260917_143315,Go-To,
,,,,,,False,,,False,1789678328999.0,,,unknown,[],,[],0,176,[],,,,,,,,,[],,,,,,,,,True,0.0,,,unanswered,False,,,1789678320938.0015,False,,176,1,,,,,,,,session_20260917_143315,Go-To,
,,,,,,False,,,False,1789678377897.7,,,unknown,[],,[],0,177,[],,,,,,,,,[],,,,,,,,,True,0.0,,,unanswered,False,,,1789678369722.0603,False,,177,1,,,,,,,,session_20260917_143315,Go-To,
,,,,,,False,,,False,1789678377897.7,,,unknown,[],,[],0,178,[],,,,,,,,,[],,,,,,,,,True,0.0,,,unanswered,False,,,1789678369835.1921,False,,178,1,,,,,,,,session_20260917_143315,Go-To,
,,,,,,False,,,False,1789678441134.4,,,unknown,[],,[],0,179,[],,,,,,,,,[],,,,,,,,,True,0.0,,,unanswered,False,,,1789678432997.181,False,,179,1,,,,,,,,session_20260917_143315,Go-To,
,,,,,,False,,,False,1789678441134.4,,,unknown,[],,[],0,180,[],,,,,,,,,[],,,,,,,,,True,0.0,,,unanswered,False,,,1789678433117.564,False,,180,1,,,,,,,,session_20260917_143315,Go-To,
,,,,,,False,,,False,1789678533932.7,,,unknown,[],,[],0,181,[],,,,,,,,,[],,,,,,,,,True,0.0,,,unanswered,False,,,1789678525912.9397,False,,181,1,,,,,,,,session_20260917_143315,Go-To,
,,,,,,False,,,False,1789678534464.3,,,unknown,[],,[],0,182,[],,,,,,,,,[],,,,,,,,,True,0.0,,,unanswered,False,,,1789678525952.8655,False,,182,1,,,,,,,,session_20260917_143315,Go-To,
,,,,,,False,,,False,1789678629476.7,,,unknown,[],,[],0,183,[],,,,,,,,,[],,,,,,,,,True,0.0,,,disarmed,False,,,1789678628251.907,False,,183,1,,,,,,,,session_20260917_143315,Standstill,
,,,,,,False,,,False,1789678648305.9,,,unknown,[],,[],0,184,[],,,,,,,,,[],,,,,,,,,True,0.0,,,disarmed,False,,,1789678646953.564,False,,184,1,,,,,,,,session_20260917_143315,Post Fade,
,,,129.64000000000004,,,False,,,False,1789678666688.1,,WIDE OPEN,open,[],26.333,[],0,185,[],,,,,EXCELLENT,639.7,,,[],,,,,,,,,True,0.0,510.06,detect_loop,released,False,,,1789678665247.5674,False,,185,1,,1789678665887.2666,,,,,,session_20260917_143315,Standstill,
,,,,,,False,,,False,1789678674744.5,,,unknown,[],,[],0,186,[],,,,,,,,,[],,,,,,,,,True,0.0,,,disarmed,False,,,1789678673469.009,False,,186,1,,,,,,,,session_20260917_143315,Standstill,
,,,131.06,,,False,,,False,1789678684272.5,,OPEN,open,[],24.667,[],0,187,[],,,,,EXCELLENT,636.6,,,[],,,,,,,,,True,0.0,505.54,detect_loop,released,False,,,1789678682766.3823,False,,187,1,,1789678683403.005,,,,,,session_20260917_143315,Standstill,
,,,,,,False,,,False,1789678724672.8,,,unknown,[],,[],0,188,[],,,,,,,,,[],,,,,,,,,True,0.0,,,disarmed,False,,,1789678723522.58,False,,188,1,,,,,,,,session_20260917_143315,Post Fade,
,,,,,,False,,,False,1789678746517.9,,,unknown,[],,[],0,189,[],,,,,,,,,[],,,,,,,,,True,0.0,,,disarmed,False,,,1789678745194.7358,False,,189,1,,,,,,,,session_20260917_143315,No Dip,
,,,133.77999999999997,,,False,,,False,1789678756886.8,,LIGHT CONTEST,contested,[],23.667,[],0,190,[],,,,,LATE,666.3,,,[],,,,,,,,,True,0.0,532.52,detect_loop,released,False,,,1789678755032.9744,False,,190,1,,1789678755699.23,,,,,,session_20260917_143315,Standstill,
,,,,,,False,,,False,1789678761500.7,,,unknown,[],,[],0,191,[],,,,,,,,,[],,,,,,,,,True,0.0,,,disarmed,False,,,1789678760172.831,False,,191,1,,,,,,,,session_20260917_143315,Right Fade,
,,,110.2700000000001,,,False,,,False,1789678772222.6,,BOTHERED,unknown,[],19.833,[],0,192,[],,,,,EXCELLENT,952.2,,,[],,,,,,,,,True,0.0,841.93,detect_loop,released,False,,,1789678770309.5042,False,,192,1,,1789678771261.694,,,,,,session_20260917_143315,Right Fade,
,,,127.47000000000003,,,False,,,False,1789678784419.4,,BOTHERED,unknown,[],25.0,[],0,193,[],,,,,EARLY,638.6,,,[],,,,,,,,,True,0.0,511.13,detect_loop,released,False,,,1789678782609.32,False,,193,1,,1789678783247.9204,,,,,,session_20260917_143315,Standstill,
,,,,,,False,,,False,1789678787732.7,,,unknown,[],,[],0,194,[],,,,,,,,,[],,,,,,,,,True,0.0,,,disarmed,False,,,1789678786501.4138,False,,194,1,,,,,,,,session_20260917_143315,Left Fade,
,,,,,,False,,,False,1789678789422.5,,,unknown,[],,[],0,195,[],,,,,,,,,[],,,,,,,,,True,0.0,,,disarmed,False,,,1789678788253.4927,False,,195,1,,,,,,,,session_20260917_143315,Post Fade,
,,,,,,False,,,False,1789678790727.0,,,unknown,[],,[],0,196,[],,,,,,,,,[],,,,,,,,,True,0.0,,,disarmed,False,,,1789678789422.5461,False,,196,1,,,,,,,,session_20260917_143315,Post Fade,
,,,,,,False,,,False,1789678810321.6,,,unknown,[],,[],0,197,[],,,,,,,,,[],,,,,,,,,True,0.0,,,disarmed,False,,,1789678809002.9397,False,,197,1,,,,,,,,session_20260917_143315,Right Fade,
,,,,,,False,,,False,1789678831659.7,,,unknown,[],,[],0,198,[],,,,,,,,,[],,,,,,,,,True,0.0,,,disarmed,False,,,1789678830494.5554,False,,198,1,,,,,,,,session_20260917_143315,Post Fade,
,,,131.40000000000003,,,False,,,False,1789678848611.1,,BOTHERED,unknown,[],22.25,[],0,199,[],,,,,EARLY,637.1,,,[],,,,,,,,,True,0.0,505.7,detect_loop,released,False,,,1789678846790.9084,False,,199,1,,1789678847427.974,,,,,,session_20260917_143315,Standstill,
,,,,,,False,,,False,1789678851662.3,,,unknown,[],,[],0,200,[],,,,,,,,,[],,,,,,,,,True,0.0,,,disarmed,False,,,1789678850566.2217,False,,200,1,,,,,,,,session_20260917_143315,Right Fade,
,,,,,,False,,,False,1789678857218.2,,,unknown,[],,[],0,201,[],,,,,,,,,[],,,,,,,,,True,0.0,,,disarmed,False,,,1789678856113.78,False,,201,1,,,,,,,,session_20260917_143315,Right Fade,
,,,,,,False,,,False,1789678907882.7,,,unknown,[],,[],0,202,[],,,,,,,,,[],,,,,,,,,True,0.0,,,disarmed,False,,,1789678906748.671,False,,202,1,,,,,,,,session_20260917_143315,Standstill,
,,,,,,False,,,False,1789678929469.4,,,unknown,[],,[],0,203,[],,,,,,,,,[],,,,,,,,,True,0.0,644.26,detect_loop,disarmed,False,,,1789678926715.0254,False,,203,1,,,,,,,,session_20260917_143315,Standstill,
,,,,,,False,,,False,1789678959874.8,,,unknown,[],,[],0,204,[],,,,,,,,,[],,,,,,,,,True,0.0,,,unanswered,False,,,1789678951770.732,False,,204,1,,,,,,,,session_20260917_143315,Go-To,
,,,,,,False,,,False,1789678957074.0,,,unknown,[],,[],0,205,[],,,,,,,,,[],,,,,,,,,True,0.0,,,disarmed,False,,,1789678955871.06,False,,205,1,,,,,,,,session_20260917_143315,Standstill,
,,,134.85000000000002,,,False,,,False,1789678971224.0,,BOTHERED,unknown,[],26.833,[],0,206,[],,,,,LATE,648.5,,,[],,,,,,,,,True,0.0,513.65,detect_loop,released,False,,,1789678969443.1538,False,,206,1,,1789678970091.6414,,,,,,session_20260917_143315,Standstill,
,,,,,,False,,,False,1789678990818.8,,,unknown,[],,[],0,207,[],,,,,,,,,[],,,,,,,,,True,0.0,,,unanswered,False,,,1789678982667.6904,False,,207,1,,,,,,,,session_20260917_143315,Go-To,
,,,,,,False,,,False,1789678992372.6,,,unknown,[],,[],0,208,[],,,,,,,,,[],,,,,,,,,True,0.0,,,unanswered,False,,,1789678984184.4653,False,,208,1,,,,,,,,session_20260917_143315,Go-To,
,,,111.78999999999996,,,False,,,False,1789678987535.4,,,unknown,[],,[],0,209,[],,,,,EXCELLENT,912.4,,,[],,,,,,,,,True,0.0,800.61,detect_loop,released,False,,,1789678985822.714,False,,209,1,,1789678986735.1296,,,,,,session_20260917_143315,Left Fade,
,,,130.76999999999998,,,False,,,False,1789678999254.1,,OPEN,open,[],20.833,[],0,210,[],,,,,EXCELLENT,647.9,,,[],,,,,,,,,True,0.0,517.13,detect_loop,released,False,,,1789678997808.1357,False,,210,1,,1789678998456.0342,,,,,,session_20260917_143315,Standstill,
,,,132.81000000000006,,,False,,,False,1789679006971.4,,OPEN,open,[],26.167,[],0,211,[],,,,,EXCELLENT,648.7,,,[],,,,,,,,,True,0.0,515.89,detect_loop,released,False,,,1789679005540.7983,False,,211,1,,1789679006189.4578,,,,,,session_20260917_143315,Standstill,
,,,192.95999999999998,,,False,,,False,1789679018221.3,,LIGHT CONTEST,contested,[],24.5,[],0,212,[],,,,,LATE,655.5,,,[],,,,,,,,,True,0.0,462.54,detect_loop,released,False,,,1789679016433.3225,False,,212,1,,1789679017088.7832,,,,,,session_20260917_143315,Standstill,
,,,,,,False,,,False,1789679042067.3,,,unknown,[],,[],0,213,[],,,,,,,,,[],,,,,,,,,True,0.0,,,disarmed,False,,,1789679040698.548,False,,213,1,,,,,,,,session_20260917_143315,Standstill,
,,,,,,False,,,False,1789679050471.0,,,unknown,[],,[],0,214,[],,,,,,,,,[],,,,,,,,,True,0.0,372.03,detect_loop,unanswered,False,,,1789679042404.9763,False,,214,1,,,,,,,,session_20260917_143315,Go-To,
,,,,,,False,,,False,1789679046363.7,,,unknown,[],,[],0,215,[],,,,,,,,,[],,,,,,,,,True,0.0,,,disarmed,False,,,1789679044959.906,False,,215,1,,,,,,,,session_20260917_143315,Standstill,
,,,,,,False,,,False,1789679048917.9,,,unknown,[],,[],0,216,[],,,,,,,,,[],,,,,,,,,True,0.0,,,disarmed,False,,,1789679047639.7075,False,,216,1,,,,,,,,session_20260917_143315,Standstill,
,,,111.36000000000001,,,False,,,False,1789679051706.0,,LIGHT CONTEST,contested,[],19.083,[],0,217,[],,,,,EARLY,946.5,,,[],,,,,,,,,True,0.0,835.14,detect_loop,released,False,,,1789679049134.2183,False,,217,1,,1789679050080.6768,,,,,,session_20260917_143315,Right Fade,
,,,123.27999999999997,,,False,,,False,1789679067355.0,,WIDE OPEN,open,[],21.917,[],0,218,[],,,,,EXCELLENT,919.0,,,[],,,,,,,,,True,0.0,795.72,detect_loop,released,False,,,1789679065678.7239,False,,218,1,,1789679066597.7578,,,,,,session_20260917_143315,Left Fade,
,,,,,,False,,,False,1789679075929.5,,,unknown,[],,[],0,219,[],,,,,,,,,[],,,,,,,,,True,0.0,,,disarmed,False,,,1789679074763.7512,False,,219,1,,,,,,,,session_20260917_143315,Standstill,
,,,68.39,,,False,,,False,1789679078974.3,,,unknown,[],,[],0,220,[],,,,,,95.2,,,[],,,,,,,,,True,0.0,26.81,detect_loop,released,False,,,1789679075322.1895,False,,220,1,,1789679075417.428,,,,,,session_20260917_143315,Standstill,
,,,,,,False,,,False,1789679080786.6,,,unknown,[],,[],0,221,[],,,,,,,,,[],,,,,,,,,True,0.0,836.47,detect_loop,disarmed,False,,,1789679077918.3481,False,,221,1,,,,,,,,session_20260917_143315,Standstill,
,,,,,,False,,,False,1789679082846.8,,,unknown,[],,[],0,222,[],,,,,,,,,[],,,,,,,,,True,0.0,,,disarmed,False,,,1789679081575.8054,False,,222,1,,,,,,,,session_20260917_143315,Left Fade,
,,,,,,False,,,False,1789679084904.0,,,unknown,[],,[],0,223,[],,,,,,,,,[],,,,,,,,,True,0.0,,,disarmed,False,,,1789679083744.095,False,,223,1,,,,,,,,session_20260917_143315,Right Fade,
,,,,,,False,,,False,1789679093978.9,,,unknown,[],,[],0,224,[],,,,,,,,,[],,,,,,,,,True,0.0,,,disarmed,False,,,1789679092686.5789,False,,224,1,,,,,,,,session_20260917_143315,Post Fade,
,,,,,,False,,,False,1789679095537.0,,,unknown,[],,[],0,225,[],,,,,,,,,[],,,,,,,,,True,0.0,,,disarmed,False,,,1789679094272.278,False,,225,1,,,,,,,,session_20260917_143315,Left Fade,
,,,,,,False,,,False,1789679135929.4,,,unknown,[],,[],0,226,[],,,,,,,,,[],,,,,,,,,True,0.0,,,unanswered,False,,,1789679127924.7793,False,,226,1,,,,,,,,session_20260917_143315,Go-To,
,,,,,,False,,,False,1789679136989.0,,,unknown,[],,[],0,227,[],,,,,,,,,[],,,,,,,,,True,0.0,,,unanswered,False,,,1789679128819.6184,False,,227,1,,,,,,,,session_20260917_143315,Go-To,
,,,135.01,,,False,,,False,1789679132113.3,,WIDE OPEN,open,[],23.833,[],0,228,[],,,,,EXCELLENT,659.4,,,[],,,,,,,,,True,0.0,524.39,detect_loop,released,False,,,1789679130606.5652,False,,228,1,,1789679131266.008,,,,,,session_20260917_143315,Standstill,
,,,,,,False,,,False,1789681997945.1,,,unknown,[],,[],0,1,[],,,,,,,,,[],,,,,,,,,True,0.0,,,unanswered,False,,,1789681989751.0662,False,,1,1,,,,,,,,session_20260917_165232,Go-To,
,,,,,,False,,,False,1789681997945.1,,,unknown,[],,[],0,2,[],,,,,,,,,[],,,,,,,,,True,0.0,,,unanswered,False,,,1789681989827.4392,False,,2,1,,,,,,,,session_20260917_165232,Go-To,
,,,,,,False,,,False,1789682102381.6,,,unknown,[],,[],0,3,[],,,,,,,,,[],,,,,,,,,True,0.0,,,unanswered,False,,,1789682094220.4434,False,,3,1,,,,,,,,session_20260917_165232,Go-To,
,,,132.02999999999997,,,False,,,False,1789682096613.2,,WIDE OPEN,open,[],25.5,[],0,4,[],,,,,EARLY,662.5,,,[],,,,,,,,,True,0.0,530.47,detect_loop,released,False,,,1789682095150.7285,False,,4,1,,1789682095813.2295,,,,,,session_20260917_165232,Standstill,
,,,,,,False,,,False,1789682165381.1,,,unknown,[],,[],0,5,[],,,,,,,,,[],,,,,,,,,True,0.0,,,unanswered,False,,,1789682157305.5786,False,,5,1,,,,,,,,session_20260917_165232,Go-To,
,,,,,,False,,,False,1789682248136.8,,,unknown,[],,[],0,6,[],,,,,,,,,[],,,,,,,,,True,0.0,,,unanswered,False,,,1789682240025.5889,False,,6,1,,,,,,,,session_20260917_165232,Go-To,
,,,,,,False,,,False,1789682248136.8,,,unknown,[],,[],0,7,[],,,,,,,,,[],,,,,,,,,True,0.0,,,unanswered,False,,,1789682240128.8691,False,,7,1,,,,,,,,session_20260917_165232,Go-To,
,,,138.19999999999993,,,False,,,False,1789682242582.4,,OPEN,open,[],21.333,[],0,8,[],,,,,EXCELLENT,680.9,,,[],,,,,,,,,True,0.0,542.7,detect_loop,released,False,,,1789682241091.2207,False,,8,1,,1789682241772.146,,,,,,session_20260917_165232,Standstill,
,,,137.9000000000001,,,False,,,False,1789682251749.7,,LIGHT CONTEST,contested,[],24.917,[],0,9,[],,,,,LATE,697.7,,,[],,,,,,,,,True,0.0,559.8,detect_loop,released,False,,,1789682249857.5615,False,,9,1,,1789682250555.2905,,,,,,session_20260917_165232,Standstill,
,,,,,,False,,,False,1789682255062.7,,,unknown,[],,[],0,10,[],,,,,,,,,[],,,,,,,,,True,0.0,,,disarmed,False,,,1789682253920.3525,False,,10,1,,,,,,,,session_20260917_165232,Right Fade,
,,,122.51999999999998,,,False,,,False,1789682294866.0,,WIDE OPEN,open,[],24.917,[],0,11,[],,,,,EXCELLENT,675.1,,,[],,,,,,,,,True,0.0,552.58,detect_loop,released,False,,,1789682293427.5269,False,,11,1,,1789682294102.65,,,,,,session_20260917_165232,Standstill,
,,,,,,False,,,False,1789682310443.5,,,unknown,[],,[],0,12,[],,,,,,,,,[],,,,,,,,,True,0.0,,,unanswered,False,,,1789682302400.9316,False,,12,1,,,,,,,,session_20260917_165232,Go-To,
,,,,,,False,,,False,1789682312743.9,,,unknown,[],,[],0,13,[],,,,,,,,,[],,,,,,,,,True,0.0,,,unanswered,False,,,1789682304522.4314,False,,13,1,,,,,,,,session_20260917_165232,Go-To,
,,,,,,False,,,False,1789682350630.3,,,unknown,[],,[],0,14,[],,,,,,,,,[],,,,,,,,,True,0.0,,,disarmed,False,,,1789682349344.7512,False,,14,1,,,,,,,,session_20260917_165232,Right Fade,
,,,,,,False,,,False,1789682351929.7,,,unknown,[],,[],0,15,[],,,,,,,,,[],,,,,,,,,True,0.0,,,disarmed,False,,,1789682350639.474,False,,15,1,,,,,,,,session_20260917_165232,Post Fade,
,,,138.69,,,False,,,False,1789682354694.9,,LIGHT CONTEST,contested,[],21.75,[],0,16,[],,,,,EXCELLENT,648.1,,,[],,,,,,,,,True,0.0,509.41,detect_loop,released,False,,,1789682353069.0842,False,,16,1,,1789682353717.177,,,,,,session_20260917_165232,Standstill,
,,,,,,False,,,False,1789682376810.5,,,unknown,[],,[],0,17,[],,,,,,,,,[],,,,,,,,,True,0.0,,,unanswered,False,,,1789682368723.85,False,,17,1,,,,,,,,session_20260917_165232,Go-To,
,,,,,,False,,,False,1789682381370.9,,,unknown,[],,[],0,18,[],,,,,,,,,[],,,,,,,,,True,0.0,,,disarmed,False,,,1789682380188.3423,False,,18,1,,,,,,,,session_20260917_165232,Left Fade,
,,,,,,False,,,False,1789682382921.0,,,unknown,[],,[],0,19,[],,,,,,,,,[],,,,,,,,,True,0.0,,,disarmed,False,,,1789682381699.6765,False,,19,1,,,,,,,,session_20260917_165232,Left Fade,
,,,,,,False,,,False,1789682387231.2,,,unknown,[],,[],0,20,[],,,,,,,,,[],,,,,,,,,True,0.0,,,disarmed,False,,,1789682385902.9382,False,,20,1,,,,,,,,session_20260917_165232,Left Fade,
,,,,,,False,,,False,1789682441398.7,,,unknown,[],,[],0,21,[],,,,,,,,,[],,,,,,,,,True,0.0,,,disarmed,False,,,1789682440134.1355,False,,21,1,,,,,,,,session_20260917_165232,Post Fade,
,,,,,,False,,,False,1789682443696.2,,,unknown,[],,[],0,22,[],,,,,,,,,[],,,,,,,,,True,0.0,,,disarmed,False,,,1789682442477.0974,False,,22,1,,,,,,,,session_20260917_165232,Post Fade,
,,,,,,False,,,False,1789682462092.9,,,unknown,[],,[],0,23,[],,,,,,,,,[],,,,,,,,,True,0.0,,,unanswered,False,,,1789682454040.4062,False,,23,1,,,,,,,,session_20260917_165232,Go-To,
,,,,,,False,,,False,1789682463377.9,,,unknown,[],,[],0,24,[],,,,,,,,,[],,,,,,,,,True,0.0,,,unanswered,False,,,1789682455201.2607,False,,24,1,,,,,,,,session_20260917_165232,Go-To,
,,,,,,False,,,False,1789682463926.2,,,unknown,[],,[],0,25,[],,,,,,,,,[],,,,,,,,,True,0.0,,,unanswered,False,,,1789682455738.5315,False,,25,1,,,,,,,,session_20260917_165232,Go-To,
,,,138.04000000000002,,,False,,,False,1789682459041.1,,OPEN,open,[],24.917,[],0,26,[],,,,,EXCELLENT,632.5,,,[],,,,,,,,,True,0.0,494.46,detect_loop,released,False,,,1789682457595.2227,False,,26,1,,1789682458227.7073,,,,,,session_20260917_165232,Standstill,
,,,,,,False,,,False,1789682505328.8,,,unknown,[],,[],0,27,[],,,,,,,,,[],,,,,,,,,True,0.0,561.89,detect_loop,disarmed,False,,,1789682502275.0667,False,,27,1,,,,,,,,session_20260917_165232,Standstill,
,,,,,,False,,,False,1789682552465.4,,,unknown,[],,[],0,28,[],,,,,,,,,[],,,,,,,,,True,0.0,,,disarmed,False,,,1789682551229.0542,False,,28,1,,,,,,,,session_20260917_165232,Left Fade,
,,,,,,False,,,False,1789682558508.1,,,unknown,[],,[],0,29,[],,,,,,,,,[],,,,,,,,,True,0.0,1048.31,detect_loop,disarmed,False,,,1789682555886.3787,False,,29,1,,,,,,,,session_20260917_165232,Standstill,
,,,,,,False,,,False,1789682562313.1,,,unknown,[],,[],0,30,[],,,,,,,,,[],,,,,,,,,True,0.0,,,disarmed,False,,,1789682561118.2024,False,,30,1,,,,,,,,session_20260917_165232,Right Fade,
,,,,,,False,,,False,1789682566366.7,,,unknown,[],,[],0,31,[],,,,,,,,,[],,,,,,,,,True,0.0,,,disarmed,False,,,1789682565133.3252,False,,31,1,,,,,,,,session_20260917_165232,Post Fade,
,,,,,,False,,,False,1789682592965.1,,,unknown,[],,[],0,32,[],,,,,,,,,[],,,,,,,,,True,0.0,,,disarmed,False,,,1789682591653.1433,False,,32,1,,,,,,,,session_20260917_165232,Left Fade,
,,,,,,False,,,False,1789682613406.7,,,unknown,[],,[],0,33,[],,,,,,,,,[],,,,,,,,,True,0.0,,,disarmed,False,,,1789682612151.6875,False,,33,1,,,,,,,,session_20260917_165232,Right Fade,
,,,,,,False,,,False,1789682716563.4,,,unknown,[],,[],0,34,[],,,,,,,,,[],,,,,,,,,True,0.0,3973.93,detect_loop,unanswered,False,,,1789682708435.3342,False,,34,1,,,,,,,,session_20260917_165232,Go-To,
,,,,,,False,,,False,1789682730129.7,,,unknown,[],,[],0,35,[],,,,,,,,,[],,,,,,,,,True,0.0,,,unanswered,False,,,1789682722037.3152,False,,35,1,,,,,,,,session_20260917_165232,Go-To,
,,,,,,False,,,False,1789682903395.1,,,unknown,[],,[],0,36,[],,,,,,,,,[],,,,,,,,,True,0.0,,,unanswered,False,,,1789682895209.2256,False,,36,1,,,,,,,,session_20260917_165232,Go-To,
,,,,,,False,,,False,1789682905986.3,,,unknown,[],,[],0,37,[],,,,,,,,,[],,,,,,,,,True,0.0,,,unanswered,False,,,1789682897749.0408,False,,37,1,,,,,,,,session_20260917_165232,Go-To,
,,,114.46000000000004,,,False,,,False,1789682904442.8,,LIGHT CONTEST,contested,[],21.167,[],0,38,[],,,,,LATE,908.2,,,[],,,,,,,,,True,0.0,793.74,detect_loop,released,False,,,1789682899840.18,False,,38,1,,1789682900748.3958,,,,,,session_20260917_165232,Left Fade,
,,,,,,False,,,False,1789682918316.7,,,unknown,[],,[],0,39,[],,,,,,,,,[],,,,,,,,,True,0.0,,,disarmed,False,,,1789682917036.1013,False,,39,1,,,,,,,,session_20260917_165232,Standstill,
,,,,,,False,,,False,1789682918865.3,,,unknown,[],,[],0,40,[],,,,,,,,,[],,,,,,,,,True,0.0,,,disarmed,False,,,1789682917143.6003,False,,40,1,,,,,,,,session_20260917_165232,Standstill,
,,,134.07999999999998,,,False,,,False,1789683015365.8,,SOLID CONTEST,contested,[],,[],0,41,[],,,,,EXCELLENT,644.0,,,[],,,,,,,,,True,0.0,509.92,detect_loop,released,False,,,1789683013758.0735,False,,41,1,,1789683014402.0537,,,,,,session_20260917_165232,Standstill,
,,,,,,False,,,False,1789683183785.3,,,unknown,[],,[],0,42,[],,,,,,,,,[],,,,,,,,,True,0.0,561.71,detect_loop,unanswered,False,,,1789683175599.6675,False,,42,1,,,,,,,,session_20260917_165232,Go-To,
,,,,,,False,,,False,1789683190607.5,,,unknown,[],,[],0,43,[],,,,,,,,,[],,,,,,,,,True,0.0,4355.58,detect_loop,unanswered,False,,,1789683182439.6272,False,,43,1,,,,,,,,session_20260917_165232,Go-To,
,,,,,,False,,,False,1789683270967.5,,,unknown,[],,[],0,44,[],,,,,,,,,[],,,,,,,,,True,0.0,710.27,detect_loop,disarmed,False,,,1789683268031.353,False,,44,1,,,,,,,,session_20260917_165232,Standstill,
,,,,,,False,,,False,1789683311215.6,,,unknown,[],,[],0,45,[],,,,,,,,,[],,,,,,,,,True,0.0,,,unanswered,False,,,1789683303182.7888,False,,45,1,,,,,,,,session_20260917_165232,Go-To,
,,,138.19,,,False,,,False,1789683305414.9,,WIDE OPEN,open,[],23.75,[],0,46,[],,,,,EXCELLENT,643.9,,,[],,,,,,,,,True,0.0,505.71,detect_loop,released,False,,,1789683303993.6072,False,,46,1,,1789683304637.5225,,,,,,session_20260917_165232,Standstill,
,,,,,,False,,,False,1789683329810.6,,,unknown,[],,[],0,47,[],,,,,,,,,[],,,,,,,,,True,0.0,,,disarmed,False,,,1789683328474.5686,False,,47,1,,,,,,,,session_20260917_165232,Standstill,
,,,138.65999999999997,,,False,,,False,1789683385828.7,,WIDE OPEN,open,[],,[],0,48,[],,,,,EXCELLENT,705.1,,,[],,,,,,,,,True,0.0,566.44,detect_loop,released,False,,,1789683384428.8616,False,,48,1,,1789683385133.968,,,,,,session_20260917_165232,Standstill,
,,,,,,False,,,False,1789683419702.7,,,unknown,[],,[],0,49,[],,,,,,,,,[],,,,,,,,,True,0.0,3659.57,detect_loop,unanswered,False,,,1789683411669.0737,False,,49,1,,,,,,,,session_20260917_165232,Go-To,
,,,138.06,,,False,,,False,1789683433909.0,,OPEN,open,[],18.667,[],0,50,[],,,,,EXCELLENT,645.4,,,[],,,,,,,,,True,0.0,507.34,detect_loop,released,False,,,1789683432452.3594,False,,50,1,,1789683433097.7964,,,,,,session_20260917_165232,Standstill,
,,,131.13,,,False,,,False,1789683461507.6,,,unknown,[],,[],0,51,[],,,,,,890.6,,,[],,,,,,,,,True,0.0,759.47,detect_loop,released,False,,,1789683457097.7632,False,,51,1,,1789683457988.3347,,,,,,session_20260917_165232,Right Fade,
,,,,,,False,,,False,1789683502140.0,,,unknown,[],,[],0,52,[],,,,,,,,,[],,,,,,,,,True,0.0,,,disarmed,False,,,1789683501026.9092,False,,52,1,,,,,,,,session_20260917_165232,Post Fade,
,,,,,,False,,,False,1789683658784.4,,,unknown,[],,[],0,53,[],,,,,,,,,[],,,,,,,,,True,0.0,,,disarmed,False,,,1789683657461.0654,False,,53,1,,,,,,,,session_20260917_165232,Right Fade,
,,,,,,False,,,False,1789683713696.1,,,unknown,[],,[],0,54,[],,,,,,,,,[],,,,,,,,,True,0.0,,,disarmed,False,,,1789683712495.3418,False,,54,1,,,,,,,,session_20260917_165232,Left Fade,
,,,,,,False,,,False,1789683739041.9,,,unknown,[],,[],0,55,[],,,,,,,,,[],,,,,,,,,True,0.0,,,disarmed,False,,,1789683737750.3845,False,,55,1,,,,,,,,session_20260917_165232,No Dip,
,,,140.02000000000004,,,False,,,False,1789683751277.3,,,unknown,[],,[],0,56,[],,,,,EXCELLENT,643.6,,,[],,,,,,,,,True,0.0,503.58,detect_loop,released,False,,,1789683749955.195,False,,56,1,,1789683750598.7751,,,,,,session_20260917_165232,Standstill,
,,,,,,False,,,False,1789683758352.7,,,unknown,[],,[],0,57,[],,,,,,,,,[],,,,,,,,,True,0.0,,,disarmed,False,,,1789683757196.7188,False,,57,1,,,,,,,,session_20260917_165232,Right Fade,
,,,,,,False,,,False,1789683783821.3,,,unknown,[],,[],0,58,[],,,,,,,,,[],,,,,,,,,True,0.0,,,unanswered,False,,,1789683775788.9902,False,,58,1,,,,,,,,session_20260917_165232,Go-To,
,,,,,,False,,,False,1789683786179.1,,,unknown,[],,[],0,59,[],,,,,,,,,[],,,,,,,,,True,0.0,,,unanswered,False,,,1789683778033.6604,False,,59,1,,,,,,,,session_20260917_165232,Go-To,
,,,136.19,,,False,,,False,1789683781025.1,,SOLID CONTEST,contested,[],24.25,[],0,60,[],,,,,EARLY,635.6,,,[],,,,,,,,,True,0.0,499.41,detect_loop,released,False,,,1789683778977.7227,False,,60,1,,1789683779613.3318,,,,,,session_20260917_165232,Standstill,
,,,,,,False,,,False,1789683785377.1,,,unknown,[],,[],0,61,[],,,,,,,,,[],,,,,,,,,True,0.0,,,disarmed,False,,,1789683784283.66,False,,61,1,,,,,,,,session_20260917_165232,Right Fade,
,,,,,,False,,,False,1789683786501.0,,,unknown,[],,[],0,62,[],,,,,,,,,[],,,,,,,,,True,0.0,,,disarmed,False,,,1789683785186.4758,False,,62,1,,,,,,,,session_20260917_165232,Left Fade,
,,,,,,False,,,False,1789683821362.4,,,unknown,[],,[],0,63,[],,,,,,,,,[],,,,,,,,,True,0.0,,,disarmed,False,,,1789683820153.904,False,,63,1,,,,,,,,session_20260917_165232,Right Fade,
,,,102.70000000000005,,,False,,,False,1789683878006.3,,WIDE OPEN,open,[],23.75,[],0,64,[],,,,,EXCELLENT,648.2,,,[],,,,,,,,,True,0.0,545.5,detect_loop,released,False,,,1789683876595.5078,False,,64,1,,1789683877243.6843,,,,,,session_20260917_165232,Standstill,
,,,,,,False,,,False,1789683905351.5,,,unknown,[],,[],0,65,[],,,,,,,,,[],,,,,,,,,True,0.0,,,disarmed,False,,,1789683904181.3572,False,,65,1,,,,,,,,session_20260917_165232,Post Fade,
,,,,,,False,,,False,1789683907150.9,,,unknown,[],,[],0,66,[],,,,,,,,,[],,,,,,,,,True,0.0,,,disarmed,False,,,1789683906049.5352,False,,66,1,,,,,,,,session_20260917_165232,Post Fade,
,,,133.09000000000003,,,False,,,False,1789683918201.5,,BOTHERED,unknown,[],19.417,[],0,67,[],,,,,LATE,998.1,,,[],,,,,,,,,True,0.0,865.01,detect_loop,released,False,,,1789683916156.8452,False,,67,1,,1789683917154.96,,,,,,session_20260917_165232,Standstill,
,,,,,,False,,,False,1789683947321.4,,,unknown,[],,[],0,68,[],,,,,,,,,[],,,,,,,,,True,0.0,,,disarmed,False,,,1789683946065.7722,False,,68,1,,,,,,,,session_20260917_165232,Right Fade,
,,,139.87,,,False,,,False,1789684015931.2,,,unknown,[],22.25,[],0,69,[],,,,,EXCELLENT,912.7,,,[],,,,,,,,,True,0.0,772.83,detect_loop,released,False,,,1789684013775.5767,False,,69,1,,1789684014688.2363,,,,,,session_20260917_165232,Standstill,
,,,120.83000000000004,,,False,,,False,1789684029078.5,,,unknown,[],22.667,[],0,70,[],,,,,EXCELLENT,809.1,,,[],,,,,,,,,True,0.0,688.27,detect_loop,released,False,,,1789684027128.5793,False,,70,1,,1789684027937.6814,,,,,,session_20260917_165232,Standstill,
,,,138.76999999999998,,,False,,,False,1789684042778.4,,,unknown,[],22.917,[],0,71,[],,,,,EXCELLENT,1830.1,,,[],,,,,,,,,True,0.0,1691.33,detect_loop,released,False,,,1789684039754.4543,False,,71,1,,1789684041584.5605,,,,,,session_20260917_165232,Go-To,
,,,,,,False,,,False,1789684068641.6,,,unknown,[],,[],0,72,[],,,,,,,,,[],,,,,,,,,True,0.0,2729.56,detect_loop,unanswered,False,,,1789684060599.1282,False,,72,1,,,,,,,,session_20260917_165232,Go-To,
,,,117.13999999999999,,,False,,,False,1789684078528.1,,,unknown,[],24.417,[],0,73,[],,,,,LATE,1071.0,,,[],,,,,,,,,True,0.0,953.86,detect_loop,released,False,,,1789684075991.908,False,,73,1,,1789684077062.9297,,,,,,session_20260917_165232,Right Fade,
,,,119.75,,,False,,,False,1789684159639.8,,WIDE OPEN,open,[],11.417,[],0,74,[],,,,,EXCELLENT,1103.8,,,[],,,,,,,,,True,0.0,984.05,detect_loop,released,False,,,1789684157788.402,False,,74,1,,1789684158892.2283,,,,,,session_20260917_165232,Standstill,
,,,134.71000000000004,,,False,,,False,1789684200804.4,,WIDE OPEN,open,[],24.333,[],0,75,[],,,,,LATE,736.7,,,[],,,,,,,,,True,0.0,601.99,detect_loop,released,False,,,1789684199203.3115,False,,75,1,,1789684199940.0334,,,,,,session_20260917_165232,Standstill,
,,,135.81000000000006,,,False,,,False,1789684204821.5,,SEMI-OPEN,unknown,[],24.917,[],0,76,[],,,,,EXCELLENT,735.7,,,[],,,,,,,,,True,0.0,599.89,detect_loop,released,False,,,1789684203304.9692,False,,76,1,,1789684204040.6897,,,,,,session_20260917_165232,Standstill,
,,,,,,False,,,False,1789684223169.2,,,unknown,[],,[],0,77,[],,,,,,,,,[],,,,,,,,,True,0.0,,,disarmed,False,,,1789684222009.9768,False,,77,1,,,,,,,,session_20260917_165232,Post Fade,
,,,,,,False,,,False,1789684224720.8,,,unknown,[],,[],0,78,[],,,,,,,,,[],,,,,,,,,True,0.0,,,disarmed,False,,,1789684223508.5051,False,,78,1,,,,,,,,session_20260917_165232,Post Fade,
,,,,,,False,,,False,1789684265102.4,,,unknown,[],,[],0,79,[],,,,,,,,,[],,,,,,,,,True,0.0,,,disarmed,False,,,1789684263965.3562,False,,79,1,,,,,,,,session_20260917_165232,Right Fade,
,,,,,,False,,,False,1789684314489.1,,,unknown,[],,[],0,80,[],,,,,,,,,[],,,,,,,,,True,0.0,,,disarmed,False,,,1789684313364.7322,False,,80,1,,,,,,,,session_20260917_165232,Right Fade,
,,,,,,False,,,False,1789684350847.5,,,unknown,[],,[],0,81,[],,,,,,,,,[],,,,,,,,,True,0.0,,,disarmed,False,,,1789684349727.4016,False,,81,1,,,,,,,,session_20260917_165232,Left Fade,
,,,139.43,,,False,,,False,1789684379778.9,,WIDE OPEN,open,[],30.917,[],0,82,[],,,,,LATE,645.1,,,[],,,,,,,,,True,0.0,505.67,detect_loop,released,False,,,1789684378190.5713,False,,82,1,,1789684378835.6394,,,,,,session_20260917_165232,Standstill,
,,,,,,False,,,False,1789684404859.0,,,unknown,[],,[],0,83,[],,,,,,,,,[],,,,,,,,,True,0.0,,,disarmed,False,,,1789684403638.478,False,,83,1,,,,,,,,session_20260917_165232,Post Fade,
,,,114.0,,,False,,,False,1789684427397.4,,WIDE OPEN,open,[],27.25,[],0,84,[],,,,,EXCELLENT,683.3,,,[],,,,,,,,,True,0.0,569.3,detect_loop,released,False,,,1789684425942.8518,False,,84,1,,1789684426626.1255,,,,,,session_20260917_165232,Standstill,
,,,,,,False,,,False,1789684522403.8,,,unknown,[],,[],0,85,[],,,,,,,,,[],,,,,,,,,True,0.0,2042.19,detect_loop,unanswered,False,,,1789684514368.43,False,,85,1,,,,,,,,session_20260917_165232,Go-To,
,,,96.45999999999992,,,False,,,False,1789684523259.9,,,unknown,[],26.167,[],0,86,[],,,,,EARLY,978.9,,,[],,,,,,,,,True,0.0,882.44,detect_loop,released,False,,,1789684520652.575,False,,86,1,,1789684521631.4385,,,,,,session_20260917_165232,Left Fade,
,,,98.18999999999994,,,False,,,False,1789684529664.9,,,unknown,[],25.667,[],0,87,[],,,,,EARLY,928.8,,,[],,,,,,,,,True,0.0,830.61,detect_loop,released,False,,,1789684527318.9104,False,,87,1,,1789684528247.7231,,,,,,session_20260917_165232,Right Fade,
,,,,,,False,,,False,1789684577827.8,,,unknown,[],,[],0,88,[],,,,,,,,,[],,,,,,,,,True,0.0,,,disarmed,False,,,1789684576447.8733,False,,88,1,,,,,,,,session_20260917_165232,Standstill,
,,,,,,False,,,False,1789684610193.1,,,unknown,[],,[],0,89,[],,,,,,,,,[],,,,,,,,,True,0.0,,,disarmed,False,,,1789684609113.8196,False,,89,1,,,,,,,,session_20260917_165232,Post Fade,
,,,,,,False,,,False,1789684611992.4,,,unknown,[],,[],0,90,[],,,,,,,,,[],,,,,,,,,True,0.0,,,disarmed,False,,,1789684610670.898,False,,90,1,,,,,,,,session_20260917_165232,Left Fade,
,,,,,,False,,,False,1789684677670.7,,,unknown,[],,[],0,91,[],,,,,,,,,[],,,,,,,,,True,0.0,,,disarmed,False,,,1789684676458.4563,False,,91,1,,,,,,,,session_20260917_165232,Post Fade,
,,,,,,False,,,False,1789684683403.9,,,unknown,[],,[],0,92,[],,,,,,,,,[],,,,,,,,,True,0.0,,,disarmed,False,,,1789684682308.787,False,,92,1,,,,,,,,session_20260917_165232,Right Fade,
,,,,,,False,,,False,1789684683573.5,,,unknown,[],,[],0,93,[],,,,,,,,,[],,,,,,,,,True,0.0,,,disarmed,False,,,1789684682447.7412,False,,93,1,,,,,,,,session_20260917_165232,Right Fade,
,,,,,,False,,,False,1789684683728.2,,,unknown,[],,[],0,94,[],,,,,,,,,[],,,,,,,,,True,0.0,,,disarmed,False,,,1789684682605.192,False,,94,1,,,,,,,,session_20260917_165232,Right Fade,
,,,,,,False,,,False,1789684684024.8,,,unknown,[],,[],0,95,[],,,,,,,,,[],,,,,,,,,True,0.0,,,disarmed,False,,,1789684682762.3083,False,,95,1,,,,,,,,session_20260917_165232,Right Fade,
,,,,,,False,,,False,1789684684024.8,,,unknown,[],,[],0,96,[],,,,,,,,,[],,,,,,,,,True,0.0,,,disarmed,False,,,1789684682916.9011,False,,96,1,,,,,,,,session_20260917_165232,Right Fade,
,,,,,,False,,,False,1789684684357.9,,,unknown,[],,[],0,97,[],,,,,,,,,[],,,,,,,,,True,0.0,,,disarmed,False,,,1789684683099.7427,False,,97,1,,,,,,,,session_20260917_165232,Right Fade,
,,,,,,False,,,False,1789684684357.9,,,unknown,[],,[],0,98,[],,,,,,,,,[],,,,,,,,,True,0.0,,,disarmed,False,,,1789684683241.1802,False,,98,1,,,,,,,,session_20260917_165232,Right Fade,
,,,,,,False,,,False,1789684684690.9,,,unknown,[],,[],0,99,[],,,,,,,,,[],,,,,,,,,True,0.0,,,disarmed,False,,,1789684683403.9265,False,,99,1,,,,,,,,session_20260917_165232,Right Fade,
,,,,,,False,,,False,1789684684690.9,,,unknown,[],,[],0,100,[],,,,,,,,,[],,,,,,,,,True,0.0,,,disarmed,False,,,1789684683573.4766,False,,100,1,,,,,,,,session_20260917_165232,Right Fade,
,,,,,,False,,,False,1789684685046.8,,,unknown,[],,[],0,101,[],,,,,,,,,[],,,,,,,,,True,0.0,,,disarmed,False,,,1789684683728.1865,False,,101,1,,,,,,,,session_20260917_165232,Right Fade,
,,,,,,False,,,False,1789684698869.7,,,unknown,[],,[],0,102,[],,,,,,,,,[],,,,,,,,,True,0.0,,,disarmed,False,,,1789684697476.6824,False,,102,1,,,,,,,,session_20260917_165232,Standstill,
,,,,,,False,,,False,1789684751431.9,,,unknown,[],,[],0,103,[],,,,,,,,,[],,,,,,,,,True,0.0,,,unanswered,False,,,1789684743253.1462,False,,103,1,,,,,,,,session_20260917_165232,Go-To,
,,,137.72000000000003,,,False,,,False,1789684747380.2,,WIDE OPEN,open,[],25.25,[],0,104,[],,,,,EXCELLENT,666.7,,,[],,,,,,,,,True,0.0,528.98,detect_loop,released,False,,,1789684745900.6228,False,,104,1,,1789684746567.3274,,,,,,session_20260917_165232,Standstill,
,,,,,,False,,,False,1789684755995.8,,,unknown,[],,[],0,105,[],,,,,,,,,[],,,,,,,,,True,0.0,,,disarmed,False,,,1789684754692.501,False,,105,1,,,,,,,,session_20260917_165232,Post Fade,
,,,,,,False,,,False,1789684850530.1,,,unknown,[],,[],0,106,[],,,,,,,,,[],,,,,,,,,True,0.0,,,disarmed,False,,,1789684849283.3716,False,,106,1,,,,,,,,session_20260917_165232,Post Fade,
,,,,,,False,,,False,1789684852079.2,,,unknown,[],,[],0,107,[],,,,,,,,,[],,,,,,,,,True,0.0,,,disarmed,False,,,1789684850795.552,False,,107,1,,,,,,,,session_20260917_165232,Post Fade,
,,,,,,False,,,False,1789684880414.8,,,unknown,[],,[],0,108,[],,,,,,,,,[],,,,,,,,,True,0.0,,,unanswered,False,,,1789684872218.0078,False,,108,1,,,,,,,,session_20260917_165232,Go-To,
,,,121.89999999999998,,,False,,,False,1789684874608.4,,SEMI-OPEN,unknown,[],26.417,[],0,109,[],,,,,EXCELLENT,800.3,,,[],,,,,,,,,True,0.0,678.4,detect_loop,released,False,,,1789684872912.789,False,,109,1,,1789684873713.0935,,,,,,session_20260917_165232,Standstill,
,,,,,,False,,,False,1789684981433.6,,,unknown,[],,[],0,110,[],,,,,,,,,[],,,,,,,,,True,0.0,,,disarmed,False,,,1789684980134.9517,False,,110,1,,,,,,,,session_20260917_165232,Standstill,
,,,131.09000000000003,,,False,,,False,1789685009466.5,,BOTHERED,unknown,[],,[],0,111,[],,,,,EXCELLENT,752.1,,,[],,,,,,,,,True,0.0,621.01,detect_loop,released,False,,,1789685007862.4897,False,,111,1,,1789685008614.5798,,,,,,session_20260917_165232,Left Fade,
,,,,,,False,,,False,1789685021031.0,,,unknown,[],,[],0,112,[],,,,,,,,,[],,,,,,,,,True,0.0,,,disarmed,False,,,1789685019727.2498,False,,112,1,,,,,,,,session_20260917_165232,Right Fade,
,,,,,,False,,,False,1789685032612.2,,,unknown,[],,[],0,113,[],,,,,,,,,[],,,,,,,,,True,0.0,,,disarmed,False,,,1789685031449.4312,False,,113,1,,,,,,,,session_20260917_165232,Right Fade,
,,,,,,False,,,False,1789685068281.3,,,unknown,[],,[],0,114,[],,,,,,,,,[],,,,,,,,,True,0.0,,,unanswered,False,,,1789685060174.6155,False,,114,1,,,,,,,,session_20260917_165232,Go-To,
,,,,,,False,,,False,1789685063235.5,,,unknown,[],,[],0,115,[],,,,,,,,,[],,,,,,,,,True,0.0,,,disarmed,False,,,1789685061160.6018,False,,115,1,,,,,,,,session_20260917_165232,Standstill,
,,,138.74,,,False,,,False,1789685092346.5,,OPEN,open,[],28.25,[],0,116,[],,,,,EXCELLENT,633.5,,,[],,,,,,,,,True,0.0,494.76,detect_loop,released,False,,,1789685090818.5117,False,,116,1,,1789685091451.9897,,,,,,session_20260917_165232,Standstill,
,,,,,,False,,,False,1789685097410.1,,,unknown,[],,[],0,117,[],,,,,,,,,[],,,,,,,,,True,0.0,,,disarmed,False,,,1789685096274.7546,False,,117,1,,,,,,,,session_20260917_165232,Post Fade,
,,,,,,False,,,False,1789685115426.9,,,unknown,[],,[],0,118,[],,,,,,,,,[],,,,,,,,,True,0.0,,,unanswered,False,,,1789685107360.8115,False,,118,1,,,,,,,,session_20260917_165232,Go-To,
,,,137.19,,,False,,,False,1789685109878.7,,WIDE OPEN,open,[],32.083,[],0,119,[],,,,,EARLY,640.5,,,[],,,,,,,,,True,0.0,503.31,detect_loop,released,False,,,1789685108293.6147,False,,119,1,,1789685108934.1338,,,,,,session_20260917_165232,Standstill,
,,,122.15999999999997,,,False,,,False,1789685137330.5,,WIDE OPEN,open,[],24.667,[],0,120,[],,,,,EXCELLENT,665.1,,,[],,,,,,,,,True,0.0,542.94,detect_loop,released,False,,,1789685135967.7563,False,,120,1,,1789685136632.8245,,,,,,session_20260917_165232,Standstill,
,,,,,,False,,,False,1789685144575.7,,,unknown,[],,[],0,121,[],,,,,,,,,[],,,,,,,,,True,0.0,,,disarmed,False,,,1789685143489.5103,False,,121,1,,,,,,,,session_20260917_165232,Right Fade,
,,,,,,False,,,False,1789685145632.1,,,unknown,[],,[],0,122,[],,,,,,,,,[],,,,,,,,,True,0.0,,,disarmed,False,,,1789685144496.2483,False,,122,1,,,,,,,,session_20260917_165232,Right Fade,
,,,137.67999999999995,,,False,,,False,1789685254756.4,,OPEN,open,[],24.25,[],0,123,[],,,,,EXCELLENT,615.4,,,[],,,,,,,,,True,0.0,477.72,detect_loop,released,False,,,1789685253396.0254,False,,123,1,,1789685254011.4668,,,,,,session_20260917_165232,Standstill,
,,,,,,False,,,False,1789685275098.0,,,unknown,[],,[],0,124,[],,,,,,,,,[],,,,,,,,,True,0.0,,,disarmed,False,,,1789685273733.109,False,,124,1,,,,,,,,session_20260917_165232,Standstill,
,,,,,,False,,,False,1789685279657.0,,,unknown,[],,[],0,125,[],,,,,,,,,[],,,,,,,,,True,0.0,,,disarmed,False,,,1789685278451.5574,False,,125,1,,,,,,,,session_20260917_165232,Left Fade,
,,,,,,False,,,False,1789685296513.4,,,unknown,[],,[],0,126,[],,,,,,,,,[],,,,,,,,,True,0.0,,,disarmed,False,,,1789685295255.836,False,,126,1,,,,,,,,session_20260917_165232,Left Fade,
,,,,,,False,,,False,1789685306584.4,,,unknown,[],,[],0,127,[],,,,,,,,,[],,,,,,,,,True,0.0,,,disarmed,False,,,1789685305439.046,False,,127,1,,,,,,,,session_20260917_165232,Post Fade,
,,,120.00999999999999,,,False,,,False,1789685313171.3,,WIDE OPEN,open,[],23.25,[],0,128,[],,,,,EXCELLENT,835.7,,,[],,,,,,,,,True,0.0,715.69,detect_loop,released,False,,,1789685311589.212,False,,128,1,,1789685312424.9521,,,,,,session_20260917_165232,Standstill,
,,,,,,False,,,False,1789685320745.3,,,unknown,[],,[],0,129,[],,,,,,,,,[],,,,,,,,,True,0.0,,,disarmed,False,,,1789685319395.7358,False,,129,1,,,,,,,,session_20260917_165232,Post Fade,
,,,,,,False,,,False,1789685323562.4,,,unknown,[],,[],0,130,[],,,,,,,,,[],,,,,,,,,True,0.0,,,disarmed,False,,,1789685322375.21,False,,130,1,,,,,,,,session_20260917_165232,Left Fade,
,,,,,,False,,,False,1789685345163.6,,,unknown,[],,[],0,131,[],,,,,,,,,[],,,,,,,,,True,0.0,,,disarmed,False,,,1789685343827.0964,False,,131,1,,,,,,,,session_20260917_165232,Left Fade,
,,,,,,False,,,False,1789685370015.1,,,unknown,[],,[],0,132,[],,,,,,,,,[],,,,,,,,,True,0.0,5.89,detect_loop,disarmed,False,,,1789685368795.4875,False,,132,1,,,,,,,,session_20260917_165232,Right Fade,
,,,,,,False,,,False,1789685392864.3,,,unknown,[],,[],0,133,[],,,,,,,,,[],,,,,,,,,True,0.0,,,disarmed,False,,,1789685391654.6084,False,,133,1,,,,,,,,session_20260917_165232,Left Fade,
,,,,,,False,,,False,1789685395663.5,,,unknown,[],,[],0,134,[],,,,,,,,,[],,,,,,,,,True,0.0,,,disarmed,False,,,1789685394571.461,False,,134,1,,,,,,,,session_20260917_165232,Left Fade,
,,,,,,False,,,False,1789685398972.1,,,unknown,[],,[],0,135,[],,,,,,,,,[],,,,,,,,,True,0.0,,,disarmed,False,,,1789685397668.2441,False,,135,1,,,,,,,,session_20260917_165232,Right Fade,
,,,,,,False,,,False,1789685408293.1,,,unknown,[],,[],0,136,[],,,,,,,,,[],,,,,,,,,True,0.0,,,disarmed,False,,,1789685407085.3196,False,,136,1,,,,,,,,session_20260917_165232,Left Fade,
,,,,,,False,,,False,1789685454454.0,,,unknown,[],,[],0,137,[],,,,,,,,,[],,,,,,,,,True,0.0,,,disarmed,False,,,1789685453176.5127,False,,137,1,,,,,,,,session_20260917_165232,Right Fade,
,,,,,,False,,,False,1789685456250.1,,,unknown,[],,[],0,138,[],,,,,,,,,[],,,,,,,,,True,0.0,,,disarmed,False,,,1789685454949.731,False,,138,1,,,,,,,,session_20260917_165232,Right Fade,
,,,,,,False,,,False,1789685476841.3,,,unknown,[],,[],0,139,[],,,,,,,,,[],,,,,,,,,True,0.0,,,disarmed,False,,,1789685475538.3845,False,,139,1,,,,,,,,session_20260917_165232,Left Fade,
,,,,,,False,,,False,1789685490412.3,,,unknown,[],,[],0,140,[],,,,,,,,,[],,,,,,,,,True,0.0,,,disarmed,False,,,1789685489163.605,False,,140,1,,,,,,,,session_20260917_165232,Left Fade,
,,,,,,False,,,False,1789685506235.6,,,unknown,[],,[],0,141,[],,,,,,,,,[],,,,,,,,,True,0.0,,,disarmed,False,,,1789685504901.5952,False,,141,1,,,,,,,,session_20260917_165232,Left Fade,
,,,,,,False,,,False,1789685673402.0,,,unknown,[],,[],0,142,[],,,,,,,,,[],,,,,,,,,True,0.0,,,disarmed,False,,,1789685672230.7495,False,,142,1,,,,,,,,session_20260917_165232,Right Fade,
,,,147.09000000000003,,,False,,,False,1789685684136.7,,WIDE OPEN,open,[],23.75,[],0,143,[],,,,,EXCELLENT,667.4,,,[],,,,,,,,,True,0.0,520.31,detect_loop,released,False,,,1789685682668.6118,False,,143,1,,1789685683335.9666,,,,,,session_20260917_165232,Standstill,
,,,139.89,,,False,,,False,1789685772886.1,,OPEN,open,[],24.25,[],0,144,[],,,,,LATE,712.5,,,[],,,,,,,,,True,0.0,572.61,detect_loop,released,False,,,1789685771293.0034,False,,144,1,,1789685772005.51,,,,,,session_20260917_165232,Standstill,
,,,,,,False,,,False,1789685803488.8,,,unknown,[],,[],0,145,[],,,,,,,,,[],,,,,,,,,True,0.0,,,disarmed,False,,,1789685802054.3162,False,,145,1,,,,,,,,session_20260917_165232,Standstill,
,,,,,,False,,,False,1789685811396.1,,,unknown,[],,[],0,146,[],,,,,,,,,[],,,,,,,,,True,0.0,,,unanswered,False,,,1789685803303.8223,False,,146,1,,,,,,,,session_20260917_165232,Go-To,
,,,154.73000000000002,,,False,,,False,1789685807582.0,,SEMI-OPEN,unknown,[],23.667,[],0,147,[],,,,,LATE,762.1,,,[],,,,,,,,,True,0.0,607.37,detect_loop,released,False,,,1789685805808.676,False,,147,1,,1789685806570.7566,,,,,,session_20260917_165232,Standstill,
,,,,,,False,,,False,1789685832503.9,,,unknown,[],,[],0,148,[],,,,,,,,,[],,,,,,,,,True,0.0,,,disarmed,False,,,1789685831196.5522,False,,148,1,,,,,,,,session_20260917_165232,No Dip,
,,,,,,False,,,False,1789685837320.9,,,unknown,[],,[],0,149,[],,,,,,,,,[],,,,,,,,,True,0.0,,,disarmed,False,,,1789685836119.85,False,,149,1,,,,,,,,session_20260917_165232,Standstill,
,,,,,,False,,,False,1789685856915.5,,,unknown,[],,[],0,150,[],,,,,,,,,[],,,,,,,,,True,0.0,,,disarmed,False,,,1789685855648.8542,False,,150,1,,,,,,,,session_20260917_165232,No Dip,
,,,144.29000000000008,,,False,,,False,1789685879965.7,,HEAVY CONTEST,contested,[],22.75,[],0,151,[],,,,,LATE,757.1,,,[],,,,,,,,,True,0.0,612.81,detect_loop,released,False,,,1789685877986.3286,False,,151,1,,1789685878743.4624,,,,,,session_20260917_165232,Standstill,
,,,,,,False,,,False,1789685883016.7,,,unknown,[],,[],0,152,[],,,,,,,,,[],,,,,,,,,True,0.0,,,disarmed,False,,,1789685881791.1562,False,,152,1,,,,,,,,session_20260917_165232,Left Fade,
,,,140.89999999999998,,,False,,,False,1789685891316.8,,WIDE OPEN,open,[],24.75,[],0,153,[],,,,,LATE,657.6,,,[],,,,,,,,,True,0.0,516.7,detect_loop,released,False,,,1789685889818.9675,False,,153,1,,1789685890476.5735,,,,,,session_20260917_165232,Standstill,
,,,,,,False,,,False,1789685902895.9,,,unknown,[],,[],0,154,[],,,,,,,,,[],,,,,,,,,True,0.0,,,disarmed,False,,,1789685901606.091,False,,154,1,,,,,,,,session_20260917_165232,Standstill,
,,,,,,False,,,False,1789685910716.4,,,unknown,[],,[],0,155,[],,,,,,,,,[],,,,,,,,,True,0.0,,,disarmed,False,,,1789685909460.2466,False,,155,1,,,,,,,,session_20260917_165232,Right Fade,
,,,,,,False,,,False,1789685963462.0,,,unknown,[],,[],0,156,[],,,,,,,,,[],,,,,,,,,True,0.0,,,unanswered,False,,,1789685962117.9104,False,,156,1,,,,,,,,session_20260917_165232,Go-To,
,,,,,,False,,,False,1789685963523.7,,,unknown,[],,[],0,157,[],,,,,,,,,[],,,,,,,,,True,0.0,,,unanswered,False,,,1789685962375.8623,False,,157,1,,,,,,,,session_20260917_165232,Go-To,
,,,,,,False,,,False,1789685963694.0,,,unknown,[],,[],0,158,[],,,,,,,,,[],,,,,,,,,True,0.0,,,unanswered,False,,,1789685962653.593,False,,158,1,,,,,,,,session_20260917_165232,Go-To,
,,,,,,False,,,False,1789685963736.7,,,unknown,[],,[],0,159,[],,,,,,,,,[],,,,,,,,,True,0.0,,,unanswered,False,,,1789685962721.5605,False,,159,1,,,,,,,,session_20260917_165232,Go-To,
,,,,,,False,,,False,1789685963949.6,,,unknown,[],,[],0,160,[],,,,,,,,,[],,,,,,,,,True,0.0,,,unanswered,False,,,1789685962924.142,False,,160,1,,,,,,,,session_20260917_165232,Go-To,
,,,,,,False,,,False,1789685964005.3,,,unknown,[],,[],0,161,[],,,,,,,,,[],,,,,,,,,True,0.0,,,unanswered,False,,,1789685962961.6536,False,,161,1,,,,,,,,session_20260917_165232,Go-To,
,,,,,,False,,,False,1789685964210.5,,,unknown,[],,[],0,162,[],,,,,,,,,[],,,,,,,,,True,0.0,,,unanswered,False,,,1789685963178.361,False,,162,1,,,,,,,,session_20260917_165232,Go-To,
,,,,,,False,,,False,1789685964472.8,,,unknown,[],,[],0,163,[],,,,,,,,,[],,,,,,,,,True,0.0,,,unanswered,False,,,1789685963241.1138,False,,163,1,,,,,,,,session_20260917_165232,Go-To,
,,,,,,False,,,False,1789685964552.4,,,unknown,[],,[],0,164,[],,,,,,,,,[],,,,,,,,,True,0.0,,,unanswered,False,,,1789685963461.9768,False,,164,1,,,,,,,,session_20260917_165232,Go-To,
,,,,,,False,,,False,1789685971606.0,,,unknown,[],,[],0,165,[],,,,,,,,,[],,,,,,,,,True,0.0,,,unanswered,False,,,1789685963523.7036,False,,165,1,,,,,,,,session_20260917_165232,Go-To,
,,,,,,False,,,False,1789685971907.2,,,unknown,[],,[],0,166,[],,,,,,,,,[],,,,,,,,,True,0.0,,,unanswered,False,,,1789685963693.965,False,,166,1,,,,,,,,session_20260917_165232,Go-To,
,,,,,,False,,,False,1789685971907.2,,,unknown,[],,[],0,167,[],,,,,,,,,[],,,,,,,,,True,0.0,,,unanswered,False,,,1789685963736.7302,False,,167,1,,,,,,,,session_20260917_165232,Go-To,
,,,,,,False,,,False,1789685972285.9,,,unknown,[],,[],0,168,[],,,,,,,,,[],,,,,,,,,True,0.0,,,unanswered,False,,,1789685963949.615,False,,168,1,,,,,,,,session_20260917_165232,Go-To,
,,,,,,False,,,False,1789685972285.9,,,unknown,[],,[],0,169,[],,,,,,,,,[],,,,,,,,,True,0.0,,,unanswered,False,,,1789685964005.3264,False,,169,1,,,,,,,,session_20260917_165232,Go-To,
,,,,,,False,,,False,1789685972285.9,,,unknown,[],,[],0,170,[],,,,,,,,,[],,,,,,,,,True,0.0,,,unanswered,False,,,1789685964210.4678,False,,170,1,,,,,,,,session_20260917_165232,Go-To,
,,,,,,False,,,False,1789685972630.6,,,unknown,[],,[],0,171,[],,,,,,,,,[],,,,,,,,,True,0.0,,,unanswered,False,,,1789685964472.785,False,,171,1,,,,,,,,session_20260917_165232,Go-To,
,,,,,,False,,,False,1789685972630.6,,,unknown,[],,[],0,172,[],,,,,,,,,[],,,,,,,,,True,0.0,,,unanswered,False,,,1789685964552.4243,False,,172,1,,,,,,,,session_20260917_165232,Go-To,
,,,,,,False,,,False,1789686015570.1,,,unknown,[],,[],0,173,[],,,,,,,,,[],,,,,,,,,True,0.0,722.85,detect_loop,unanswered,False,,,1789686007416.9666,False,,173,1,,,,,,,,session_20260917_165232,Go-To,
,,,,,,False,,,False,1789686025373.1,,,unknown,[],,[],0,174,[],,,,,,,,,[],,,,,,,,,True,0.0,,,disarmed,False,,,1789686024159.3833,False,,174,1,,,,,,,,session_20260917_165232,Standstill,
,,,124.76999999999998,,,False,,,False,1789686029939.5,,,unknown,[],,[],0,175,[],,,,,EXCELLENT,786.6,,,[],,,,,,,,,True,0.0,661.83,detect_loop,released,False,,,1789686027963.102,False,,175,1,,1789686028749.6848,,,,,,session_20260917_165232,Standstill,
,,,608.6999999999999,,,False,,,False,1789686033040.3,,,unknown,[],37.667,[],0,176,[],,,,,EXCELLENT,760.8,,,[],,,,,,,,,True,0.0,152.1,detect_loop,released,False,,,1789686030955.4443,False,,176,1,,1789686031716.2744,,,,,,session_20260917_165232,Standstill,
,,,120.61000000000001,,,False,,,False,1789686035739.1,,,unknown,[],,[],0,177,[],,,,,EXCELLENT,637.2,,,[],,,,,,,,,True,0.0,516.59,detect_loop,released,False,,,1789686033746.358,False,,177,1,,1789686034383.5325,,,,,,session_20260917_165232,Standstill,
,,,110.70000000000005,,,False,,,False,1789686039790.6,,,unknown,[],40.417,[],0,178,[],,,,,LATE,632.1,,,[],,,,,,,,,True,0.0,521.4,detect_loop,released,False,,,1789686037167.7393,False,,178,1,,1789686037799.8281,,,,,,session_20260917_165232,Standstill,
,,,124.59000000000003,,,False,,,False,1789686042491.3,,,unknown,[],29.667,[],0,179,[],,,,,EXCELLENT,683.5,,,[],,,,,,,,,True,0.0,558.91,detect_loop,released,False,,,1789686040399.5356,False,,179,1,,1789686041083.0256,,,,,,session_20260917_165232,Standstill,
,,,632.23,,,False,,,False,1789686045487.5,,,unknown,[],36.5,[],0,180,[],,,,,EARLY,636.2,,,[],,,,,,,,,True,0.0,3.97,detect_loop,released,False,,,1789686043327.1882,False,,180,1,,1789686043963.4111,,,,,,session_20260917_165232,Standstill,
,,,479.64000000000004,,,False,,,False,1789686048088.2,,,unknown,[],26.25,[],0,181,[],,,,,EARLY,482.6,,,[],,,,,,,,,True,0.0,2.96,detect_loop,released,False,,,1789686045973.4524,False,,181,1,,1789686046456.0894,,,,,,session_20260917_165232,Standstill,
,,,126.95999999999992,,,False,,,False,1789686050987.7,,,unknown,[],24.833,[],0,182,[],,,,,EXCELLENT,639.4,,,[],,,,,,,,,True,0.0,512.44,detect_loop,released,False,,,1789686049060.0552,False,,182,1,,1789686049699.4158,,,,,,session_20260917_165232,Standstill,
,,,101.41000000000008,,,False,,,False,1789686054521.2,,,unknown,[],25.0,[],0,183,[],,,,,EARLY,896.2,,,[],,,,,,,,,True,0.0,794.79,detect_loop,released,False,,,1789686052027.8687,False,,183,1,,1789686052924.0881,,,,,,session_20260917_165232,Left Fade,
,,,106.25999999999999,,,False,,,False,1789686058337.6,,,unknown,[],24.417,[],0,184,[],,,,,EARLY,945.5,,,[],,,,,,,,,True,0.0,839.24,detect_loop,released,False,,,1789686055902.6978,False,,184,1,,1789686056848.24,,,,,,session_20260917_165232,Right Fade,
,,,100.7700000000001,,,False,,,False,1789686063037.7,,,unknown,[],22.833,[],0,185,[],,,,,EARLY,977.7,,,[],,,,,,,,,True,0.0,876.93,detect_loop,released,False,,,1789686060546.2024,False,,185,1,,1789686061523.8677,,,,,,session_20260917_165232,Left Fade,
,,,127.68,,,False,,,False,1789688144921.8,,,unknown,[],24.333,[],0,1,[],,,,,EXCELLENT,635.1,,,[],,,,,,,,,True,0.0,507.42,detect_loop,released,False,,,1789688143028.863,False,,1,1,,1789688143663.9395,,,,,,session_20260917_183515,Standstill,
,,,384.97999999999996,,,False,,,False,1789688149970.1,,,unknown,[],25.0,[],0,2,[],,,,,EXCELLENT,636.8,,,[],,,,,,,,,True,0.0,251.82,detect_loop,released,False,,,1789688145709.3025,False,,2,1,,1789688146346.1392,,,,,,session_20260917_183515,Standstill,
,,,71.13,,,False,,,False,1789688150820.4,,,unknown,[],26.833,[],0,3,[],,,,,EARLY,898.1,,,[],,,,,,,,,True,0.0,826.97,detect_loop,released,False,,,1789688148624.4692,False,,3,1,,1789688149522.6177,,,,,,session_20260917_183515,Left Fade,
,,,110.88999999999999,,,False,,,False,1789688154773.1,,,unknown,[],28.667,[],0,4,[],,,,,LATE,899.1,,,[],,,,,,,,,True,0.0,788.21,detect_loop,released,False,,,1789688152165.013,False,,4,1,,1789688153064.1396,,,,,,session_20260917_183515,Left Fade,
,,,126.3900000000001,,,False,,,False,1789688157567.9,,,unknown,[],25.0,[],0,5,[],,,,,EXCELLENT,659.7,,,[],,,,,,,,,True,0.0,533.31,detect_loop,released,False,,,1789688155586.3027,False,,5,1,,1789688156245.9722,,,,,,session_20260917_183515,Standstill,
,,,129.38,,,False,,,False,1789688160373.2,,,unknown,[],26.25,[],0,6,[],,,,,EARLY,497.6,,,[],,,,,,,,,True,0.0,368.22,detect_loop,released,False,,,1789688158195.905,False,,6,1,,1789688158693.537,,,,,,session_20260917_183515,Standstill,
,,,124.62,,,False,,,False,1789688163670.3,,,unknown,[],24.5,[],0,7,[],,,,,EXCELLENT,634.1,,,[],,,,,,,,,True,0.0,509.48,detect_loop,released,False,,,1789688161728.165,False,,7,1,,1789688162362.2356,,,,,,session_20260917_183515,Standstill,
,,,639.68,,,False,,,False,1789688168232.4,,,unknown,[],,[],0,8,[],,,,,,640.4,,,[],,,,,,,,,True,0.0,0.72,detect_loop,released,False,,,1789688164010.5518,False,,8,1,,1789688164650.9866,,,,,,session_20260917_183515,Go-To,
,,,104.97000000000003,,,False,,,False,1789688170601.3,,,unknown,[],22.917,[],0,9,[],,,,,EXCELLENT,1902.5,,,[],,,,,,,,,True,0.0,1797.53,detect_loop,released,False,,,1789688167476.1953,False,,9,1,,1789688169378.6821,,,,,,session_20260917_183515,Go-To,
,,,123.25,,,False,,,False,1789688177419.2,,,unknown,[],,[],0,10,[],,,,,,2085.5,,,[],,,,,,,,,True,0.0,1962.25,detect_loop,released,False,,,1789688171776.969,False,,10,1,,1789688173862.5142,,,,,,session_20260917_183515,Go-To,
,,,117.81999999999994,,,False,,,False,1789688181917.3,,,unknown,[],27.333,[],0,11,[],,,,,LATE,771.8,,,[],,,,,,,,,True,0.0,653.98,detect_loop,released,False,,,1789688178935.1343,False,,11,1,,1789688179706.921,,,,,,session_20260917_183515,Standstill,
,,,137.57999999999993,,,False,,,False,1789688184053.6,,,unknown,[],24.333,[],0,12,[],,,,,EXCELLENT,604.3,,,[],,,,,,,,,True,0.0,466.72,detect_loop,released,False,,,1789688182086.4465,False,,12,1,,1789688182690.7722,,,,,,session_20260917_183515,Standstill,
,,,630.17,,,False,,,False,1789688186270.3,,,unknown,[],23.917,[],0,13,[],,,,,EXCELLENT,633.9,,,[],,,,,,,,,True,0.0,3.73,detect_loop,released,False,,,1789688184289.295,False,,13,1,,1789688184923.2244,,,,,,session_20260917_183515,Standstill,
,,,,,,False,,,False,1789688188827.0,,,unknown,[],,[],0,14,[],,,,,,,,,[],,,,,,,,,True,0.0,345.62,detect_loop,disarmed,False,,,1789688186988.3027,False,,14,1,,,,,,,,session_20260917_183515,Standstill,
,,,116.07999999999993,,,False,,,False,1789688192303.2,,,unknown,[],23.75,[],0,15,[],,,,,LATE,684.8,,,[],,,,,,,,,True,0.0,568.72,detect_loop,released,False,,,1789688189788.2134,False,,15,1,,1789688190472.968,,,,,,session_20260917_183515,Standstill,
,,,132.88,,,False,,,False,1789688194300.4,,,unknown,[],23.75,[],0,16,[],,,,,EXCELLENT,648.3,,,[],,,,,,,,,True,0.0,515.42,detect_loop,released,False,,,1789688192407.9585,False,,16,1,,1789688193056.2668,,,,,,session_20260917_183515,Standstill,
,,,112.32000000000005,,,False,,,False,1789688198234.1,,,unknown,[],24.75,[],0,17,[],,,,,EXCELLENT,632.6,,,[],,,,,,,,,True,0.0,520.28,detect_loop,released,False,,,1789688196280.131,False,,17,1,,1789688196912.7551,,,,,,session_20260917_183515,Standstill,
,,,106.40999999999997,,,False,,,False,1789688201850.3,,,unknown,[],22.75,[],0,18,[],,,,,EARLY,934.6,,,[],,,,,,,,,True,0.0,828.19,detect_loop,released,False,,,1789688199509.2278,False,,18,1,,1789688200443.8499,,,,,,session_20260917_183515,Right Fade,
,,,109.90000000000009,,,False,,,False,1789688204998.4,,,unknown,[],20.5,[],0,19,[],,,,,EXCELLENT,894.2,,,[],,,,,,,,,True,0.0,784.3,detect_loop,released,False,,,1789688202815.7139,False,,19,1,,1789688203709.8733,,,,,,session_20260917_183515,Left Fade,
,,,103.00999999999999,,,False,,,False,1789688209000.2,,,unknown,[],20.167,[],0,20,[],,,,,EARLY,931.3,,,[],,,,,,,,,True,0.0,828.29,detect_loop,released,False,,,1789688206537.2922,False,,20,1,,1789688207468.583,,,,,,session_20260917_183515,Right Fade,
,,,103.64999999999998,,,False,,,False,1789688213301.4,,,unknown,[],17.833,[],0,21,[],,,,,EARLY,940.6,,,[],,,,,,,,,True,0.0,836.95,detect_loop,released,False,,,1789688211007.1492,False,,21,1,,1789688211947.7,,,,,,session_20260917_183515,Right Fade,
,,,119.38000000000005,,,False,,,False,1789688215800.1,,,unknown,[],20.833,[],0,22,[],,,,,EXCELLENT,624.2,,,[],,,,,,,,,True,0.0,504.82,detect_loop,released,False,,,1789688214002.42,False,,22,1,,1789688214626.5964,,,,,,session_20260917_183515,Standstill,
,,,125.95999999999998,,,False,,,False,1789688218219.0,,,unknown,[],22.167,[],0,23,[],,,,,EXCELLENT,627.8,,,[],,,,,,,,,True,0.0,501.84,detect_loop,released,False,,,1789688216265.1243,False,,23,1,,1789688216892.8765,,,,,,session_20260917_183515,Standstill,
,,,691.74,,,False,,,False,1789688221271.5,,,unknown,[],24.75,[],0,24,[],,,,,EXCELLENT,693.3,,,[],,,,,,,,,True,0.0,1.56,detect_loop,released,False,,,1789688219216.0562,False,,24,1,,1789688219909.4048,,,,,,session_20260917_183515,Standstill,
,,,126.03999999999996,,,False,,,False,1789688225667.4,,,unknown,[],25.75,[],0,25,[],,,,,LATE,652.8,,,[],,,,,,,,,True,0.0,526.76,detect_loop,released,False,,,1789688223908.0933,False,,25,1,,1789688224560.9075,,,,,,session_20260917_183515,Standstill,
,,,287.25,,,False,,,False,1789688229869.0,,,unknown,[],24.583,[],0,26,[],,,,,LATE,681.1,,,[],,,,,,,,,True,0.0,393.85,detect_loop,released,False,,,1789688226280.4668,False,,26,1,,1789688226961.5935,,,,,,session_20260917_183515,Standstill,
,,,288.65000000000003,,,False,,,False,1789688230668.4,,,unknown,[],24.417,[],0,27,[],,,,,EXCELLENT,633.7,,,[],,,,,,,,,True,0.0,345.05,detect_loop,released,False,,,1789688228726.621,False,,27,1,,1789688229360.3022,,,,,,session_20260917_183515,Standstill,
,,,106.75000000000006,,,False,,,False,1789688235267.0,,,unknown,[],22.417,[],0,28,[],,,,,EXCELLENT,606.2,,,[],,,,,,,,,True,0.0,499.45,detect_loop,released,False,,,1789688232634.6135,False,,28,1,,1789688233240.8066,,,,,,session_20260917_183515,Standstill,
,,,106.44000000000005,,,False,,,False,1789688238418.2,,,unknown,[],22.5,[],0,29,[],,,,,EARLY,631.2,,,[],,,,,,,,,True,0.0,524.76,detect_loop,released,False,,,1789688236342.8743,False,,29,1,,1789688236974.0894,,,,,,session_20260917_183515,Standstill,
,,,104.63999999999999,,,False,,,False,1789690253068.3,,,unknown,[],22.5,[],0,1,[],,,,,EXCELLENT,616.4,,,[],,,,,,,,,True,0.0,511.76,detect_loop,released,False,,,1789690249872.3777,False,,1,1,,1789690250488.7458,,,,,,session_20260917_190715,Standstill,
,,,106.02999999999997,,,False,,,False,1789690255162.5,,,unknown,[],22.417,[],0,2,[],,,,,EXCELLENT,669.9,,,[],,,,,,,,,True,0.0,563.87,detect_loop,released,False,,,1789690253218.6533,False,,2,1,,1789690253888.5684,,,,,,session_20260917_190715,Standstill,
,,,391.47999999999996,,,False,,,False,1789690257762.7,,,unknown,[],23.583,[],0,3,[],,,,,EARLY,677.9,,,[],,,,,,,,,True,0.0,286.42,detect_loop,released,False,,,1789690255694.6685,False,,3,1,,1789690256372.5488,,,,,,session_20260917_190715,Standstill,
,,,119.04000000000008,,,False,,,False,1789690264862.5,,,unknown,[],23.667,[],0,4,[],,,,,LATE,724.2,,,[],,,,,,,,,True,0.0,605.16,detect_loop,released,False,,,1789690262977.3472,False,,4,1,,1789690263701.4993,,,,,,session_20260917_190715,Standstill,
,,,,,,False,,,False,1789690267913.5,,,unknown,[],,[],0,5,[],,,,,,,,,[],,,,,,,,,True,0.0,98.88,detect_loop,disarmed,False,,,1789690266114.6265,False,,5,1,,,,,,,,session_20260917_190715,Standstill,
,,,121.01999999999998,,,False,,,False,1789690269414.3,,,unknown,[],25.0,[],0,6,[],,,,,EXCELLENT,697.5,,,[],,,,,,,,,True,0.0,576.48,detect_loop,released,False,,,1789690267520.5632,False,,6,1,,1789690268218.0374,,,,,,session_20260917_190715,Standstill,
,,,120.89999999999998,,,False,,,False,1789690273739.6,,,unknown,[],,[],0,7,[],,,,,,336.2,,,[],,,,,,,,,True,0.0,215.3,detect_loop,released,False,,,1789690269881.554,False,,7,1,,1789690270217.8015,,,,,,session_20260917_190715,Standstill,
,,,121.02999999999997,,,False,,,False,1789690273214.0,,,unknown,[],24.833,[],0,8,[],,,,,EXCELLENT,643.0,,,[],,,,,,,,,True,0.0,521.97,detect_loop,released,False,,,1789690271208.329,False,,8,1,,1789690271851.3208,,,,,,session_20260917_190715,Standstill,
,,,119.55999999999995,,,False,,,False,1789690277212.7,,,unknown,[],23.75,[],0,9,[],,,,,EXCELLENT,635.0,,,[],,,,,,,,,True,0.0,515.44,detect_loop,released,False,,,1789690275249.2437,False,,9,1,,1789690275884.2405,,,,,,session_20260917_190715,Standstill,
,,,119.81000000000006,,,False,,,False,1789690281512.8,,,unknown,[],27.833,[],0,10,[],,,,,EXCELLENT,620.2,,,[],,,,,,,,,True,0.0,500.39,detect_loop,released,False,,,1789690279497.2363,False,,10,1,,1789690280117.4556,,,,,,session_20260917_190715,Standstill,
,,,120.36000000000001,,,False,,,False,1789690285862.1,,,unknown,[],24.417,[],0,11,[],,,,,EXCELLENT,958.5,,,[],,,,,,,,,True,0.0,838.14,detect_loop,released,False,,,1789690283541.745,False,,11,1,,1789690284500.2156,,,,,,session_20260917_190715,Right Fade,
,,,119.74000000000001,,,False,,,False,1789690289662.0,,,unknown,[],22.583,[],0,12,[],,,,,EXCELLENT,817.4,,,[],,,,,,,,,True,0.0,697.66,detect_loop,released,False,,,1789690287633.0327,False,,12,1,,1789690288450.3948,,,,,,session_20260917_190715,Left Fade,
,,,170.9000000000001,,,False,,,False,1789690293661.6,,,unknown,[],27.417,[],0,13,[],,,,,LATE,964.2,,,[],,,,,,,,,True,0.0,793.3,detect_loop,released,False,,,1789690291319.3027,False,,13,1,,1789690292283.4968,,,,,,session_20260917_190715,Left Fade,
,,,711.01,,,False,,,False,1789690296462.1,,,unknown,[],28.5,[],0,14,[],,,,,EXCELLENT,712.2,,,[],,,,,,,,,True,0.0,1.19,detect_loop,released,False,,,1789690294387.5823,False,,14,1,,1789690295099.778,,,,,,session_20260917_190715,Standstill,
,,,137.22000000000003,,,False,,,False,1789690301010.6,,,unknown,[],25.167,[],0,15,[],,,,,EXCELLENT,972.0,,,[],,,,,,,,,True,0.0,834.78,detect_loop,released,False,,,1789690298744.2793,False,,15,1,,1789690299716.2815,,,,,,session_20260917_190715,Left Fade,
,,,118.72000000000003,,,False,,,False,1789690304511.5,,,unknown,[],24.75,[],0,16,[],,,,,EXCELLENT,644.1,,,[],,,,,,,,,True,0.0,525.38,detect_loop,released,False,,,1789690302538.8816,False,,16,1,,1789690303182.9731,,,,,,session_20260917_190715,Standstill,
,,,94.8599999999999,,,False,,,False,1789690308010.4,,,unknown,[],22.25,[],0,17,[],,,,,EARLY,943.3,,,[],,,,,,,,,True,0.0,848.44,detect_loop,released,False,,,1789690305831.396,False,,17,1,,1789690306774.6643,,,,,,session_20260917_190715,Right Fade,
,,,121.01999999999998,,,False,,,False,1789690311211.4,,,unknown,[],21.833,[],0,18,[],,,,,EXCELLENT,917.8,,,[],,,,,,,,,True,0.0,796.78,detect_loop,released,False,,,1789690309098.1392,False,,18,1,,1789690310015.9617,,,,,,session_20260917_190715,Left Fade,
,,,,,,False,,,False,1789690312274.4,,,unknown,[],,[],0,19,[],,,,,,,,,[],,,,,,,,,True,0.0,,,disarmed,False,,,1789690311041.6824,False,,19,1,,,,,,,,session_20260917_190715,Standstill,
,,,137.20000000000005,,,False,,,False,1789690314612.5,,,unknown,[],25.0,[],0,20,[],,,,,EXCELLENT,694.2,,,[],,,,,,,,,True,0.0,557.0,detect_loop,released,False,,,1789690312638.3018,False,,20,1,,1789690313332.5164,,,,,,session_20260917_190715,Standstill,
,,,111.67999999999995,,,False,,,False,1789690318342.8,,,unknown,[],21.167,[],0,21,[],,,,,EXCELLENT,974.9,,,[],,,,,,,,,True,0.0,863.22,detect_loop,released,False,,,1789690315965.09,False,,21,1,,1789690316940.0315,,,,,,session_20260917_190715,Left Fade,
,,,114.33000000000004,,,False,,,False,1789690321740.9,,,unknown,[],16.5,[],0,22,[],,,,,EXCELLENT,948.2,,,[],,,,,,,,,True,0.0,833.87,detect_loop,released,False,,,1789690319641.3823,False,,22,1,,1789690320589.598,,,,,,session_20260917_190715,Right Fade,
,,,122.52999999999997,,,False,,,False,1789690326541.3,,,unknown,[],18.083,[],0,23,[],,,,,EXCELLENT,949.0,,,[],,,,,,,,,True,0.0,826.47,detect_loop,released,False,,,1789690324481.7197,False,,23,1,,1789690325430.695,,,,,,session_20260917_190715,Right Fade,
,,,121.27000000000021,,,False,,,False,1789690341292.2,,,unknown,[],25.5,[],0,24,[],,,,,EXCELLENT,2053.3,,,[],,,,,,,,,True,0.0,1932.03,detect_loop,released,False,,,1789690337910.4414,False,,24,1,,1789690339963.7505,,,,,,session_20260917_190715,Go-To,
,,,142.75,,,False,,,False,1789690346589.8,,,unknown,[],25.333,[],0,25,[],,,,,EXCELLENT,691.0,,,[],,,,,,,,,True,0.0,548.25,detect_loop,released,False,,,1789690344543.7126,False,,25,1,,1789690345234.7173,,,,,,session_20260917_190715,Standstill,
,,,126.65999999999997,,,False,,,False,1789690350256.0,,,unknown,[],24.667,[],0,26,[],,,,,EXCELLENT,961.8,,,[],,,,,,,,,True,0.0,835.14,detect_loop,released,False,,,1789690347955.9941,False,,26,1,,1789690348917.7546,,,,,,session_20260917_190715,Left Fade,
,,,143.94000000000005,,,False,,,False,1789690353057.4,,,unknown,[],27.25,[],0,27,[],,,,,EXCELLENT,702.2,,,[],,,,,,,,,True,0.0,558.26,detect_loop,released,False,,,1789690351015.7544,False,,27,1,,1789690351717.968,,,,,,session_20260917_190715,Standstill,
,,,144.46000000000004,,,False,,,False,1789690356055.7,,,unknown,[],24.417,[],0,28,[],,,,,LATE,693.2,,,[],,,,,,,,,True,0.0,548.74,detect_loop,released,False,,,1789690353874.7449,False,,28,1,,1789690354567.9668,,,,,,session_20260917_190715,Standstill,
,,,292.20000000000005,,,False,,,False,1789690358555.7,,,unknown,[],23.917,[],0,29,[],,,,,EXCELLENT,724.7,,,[],,,,,,,,,True,0.0,432.5,detect_loop,released,False,,,1789690356526.2583,False,,29,1,,1789690357250.9976,,,,,,session_20260917_190715,Standstill,
,,,142.22000000000003,,,False,,,False,1789690363473.2,,,unknown,[],31.5,[],0,30,[],,,,,LATE,765.6,,,[],,,,,,,,,True,0.0,623.38,detect_loop,released,False,,,1789690361151.635,False,,30,1,,1789690361917.1855,,,,,,session_20260917_190715,Standstill,
,,,126.1400000000001,,,False,,,False,1789690366406.2,,,unknown,[],31.667,[],0,31,[],,,,,LATE,777.7,,,[],,,,,,,,,True,0.0,651.56,detect_loop,released,False,,,1789690364105.9885,False,,31,1,,1789690364883.6914,,,,,,session_20260917_190715,Standstill,
,,,144.13,,,False,,,False,1789690369205.5,,,unknown,[],31.5,[],0,32,[],,,,,EXCELLENT,702.0,,,[],,,,,,,,,True,0.0,557.87,detect_loop,released,False,,,1789690367131.7979,False,,32,1,,1789690367833.8208,,,,,,session_20260917_190715,Standstill,
,,,,,,False,,,False,1789690371514.8,,,unknown,[],,[],0,33,[],,,,,,,,,[],,,,,,,,,True,0.0,,,disarmed,False,,,1789690370286.7498,False,,33,1,,,,,,,,session_20260917_190715,Standstill,
,,,126.88999999999999,,,False,,,False,1789690375406.0,,,unknown,[],25.333,[],0,34,[],,,,,EARLY,893.1,,,[],,,,,,,,,True,0.0,766.21,detect_loop,released,False,,,1789690373073.7627,False,,34,1,,1789690373966.839,,,,,,session_20260917_190715,Right Fade,
,,,125.76999999999998,,,False,,,False,1789690378906.5,,,unknown,[],19.333,[],0,35,[],,,,,EXCELLENT,980.1,,,[],,,,,,,,,True,0.0,854.33,detect_loop,released,False,,,1789690376586.4773,False,,35,1,,1789690377566.6045,,,,,,session_20260917_190715,Right Fade,
,,,143.18999999999994,,,False,,,False,1789690383555.8,,,unknown,[],24.333,[],0,36,[],,,,,EXCELLENT,707.4,,,[],,,,,,,,,True,0.0,564.21,detect_loop,released,False,,,1789690381575.546,False,,36,1,,1789690382282.9785,,,,,,session_20260917_190715,Standstill,
,,,277.28,,,False,,,False,1789690386955.4,,,unknown,[],26.917,[],0,37,[],,,,,EXCELLENT,974.0,,,[],,,,,,,,,True,0.0,696.72,detect_loop,released,False,,,1789690384643.536,False,,37,1,,1789690385617.4946,,,,,,session_20260917_190715,Left Fade,
,,,118.84000000000015,,,False,,,False,1789690391156.0,,,unknown,[],24.417,[],0,38,[],,,,,LATE,1057.4,,,[],,,,,,,,,True,0.0,938.56,detect_loop,released,False,,,1789690388833.7507,False,,38,1,,1789690389891.1616,,,,,,session_20260917_190715,Right Fade,
,,,441.73,,,False,,,False,1789690394356.1,,,unknown,[],23.75,[],0,39,[],,,,,LATE,714.0,,,[],,,,,,,,,True,0.0,272.27,detect_loop,released,False,,,1789690391685.496,False,,39,1,,1789690392399.4783,,,,,,session_20260917_190715,Standstill,
,,,292.9,,,False,,,False,1789690396403.5,,,unknown,[],23.75,[],0,40,[],,,,,EXCELLENT,654.8,,,[],,,,,,,,,True,0.0,361.9,detect_loop,released,False,,,1789690394477.5852,False,,40,1,,1789690395132.3484,,,,,,session_20260917_190715,Standstill,
,,,127.38,,,False,,,False,1789690400620.5,,,unknown,[],22.833,[],0,41,[],,,,,EXCELLENT,1023.0,,,[],,,,,,,,,True,0.0,895.62,detect_loop,released,False,,,1789690398375.988,False,,41,1,,1789690399398.9495,,,,,,session_20260917_190715,Right Fade,
,,,119.15999999999997,,,False,,,False,1789690404726.3,,,unknown,[],22.75,[],0,42,[],,,,,EXCELLENT,949.6,,,[],,,,,,,,,True,0.0,830.44,detect_loop,released,False,,,1789690402474.3318,False,,42,1,,1789690403423.9434,,,,,,session_20260917_190715,Left Fade,
,,,125.40999999999985,,,False,,,False,1789690408623.9,,,unknown,[],24.417,[],0,43,[],,,,,EXCELLENT,1026.1,,,[],,,,,,,,,True,0.0,900.69,detect_loop,released,False,,,1789690406306.2249,False,,43,1,,1789690407332.3323,,,,,,session_20260917_190715,Right Fade,
,,,125.22000000000003,,,False,,,False,1789690412966.8,,,unknown,[],23.0,[],0,44,[],,,,,EXCELLENT,1013.5,,,[],,,,,,,,,True,0.0,888.28,detect_loop,released,False,,,1789690410552.023,False,,44,1,,1789690411565.5493,,,,,,session_20260917_190715,Right Fade,
,,,,,,False,,,False,1789690499724.7,,,unknown,[],,[],0,45,[],,,,,,,,,[],,,,,,,,,True,0.0,,,unanswered,False,,,1789690491724.4363,False,,45,1,,,,,,,,session_20260917_190715,Go-To,
,,,,,,False,,,False,1789690616268.1,,,unknown,[],,[],0,46,[],,,,,,,,,[],,,,,,,,,True,0.0,,,disarmed,False,,,1789690614980.137,False,,46,1,,,,,,,,session_20260917_190715,Post Fade,
,,,,,,False,,,False,1789690673057.6,,,unknown,[],,[],0,47,[],,,,,,,,,[],,,,,,,,,True,0.0,,,unanswered,False,,,1789690664861.38,False,,47,1,,,,,,,,session_20260917_190715,Go-To,
,,,,,,False,,,False,1789690668448.2,,,unknown,[],,[],0,48,[],,,,,,,,,[],,,,,,,,,True,0.0,996.42,detect_loop,disarmed,False,,,1789690665782.2034,False,,48,1,,,,,,,,session_20260917_190715,Standstill,
,,,,,,False,,,False,1789690670996.6,,,unknown,[],,[],0,49,[],,,,,,,,,[],,,,,,,,,True,0.0,,,disarmed,False,,,1789690669864.3853,False,,49,1,,,,,,,,session_20260917_190715,Right Fade,
,,,,,,False,,,False,1789690686133.6,,,unknown,[],,[],0,50,[],,,,,,,,,[],,,,,,,,,True,0.0,,,disarmed,False,,,1789690684916.2808,False,,50,1,,,,,,,,session_20260917_190715,Right Fade,
,,,,,,False,,,False,1789690718006.6,,,unknown,[],,[],0,51,[],,,,,,,,,[],,,,,,,,,True,0.0,,,disarmed,False,,,1789690716920.7966,False,,51,1,,,,,,,,session_20260917_190715,Left Fade,
,,,,,,False,,,False,1789690751119.2,,,unknown,[],,[],0,52,[],,,,,,,,,[],,,,,,,,,True,0.0,,,disarmed,False,,,1789690749958.238,False,,52,1,,,,,,,,session_20260917_190715,Standstill,
,,,118.03999999999996,,,False,,,False,1789690754041.2,,LIGHT CONTEST,contested,[],24.917,[],0,53,[],,,,,EARLY,631.3,,,[],,,,,,,,,True,0.0,513.26,detect_loop,released,False,,,1789690751964.745,False,,53,1,,1789690752596.041,,,,,,session_20260917_190715,Standstill,
,,,,,,False,,,False,1789694885612.9,,,unknown,[],,[],0,1,[],,,,,,,,,[],,,,,,,,,True,0.0,,,disarmed,False,,,1789694884443.4595,False,,1,1,,,,,,,,session_20260917_201500,Standstill,
,,,136.27999999999997,,,False,,,False,1789694891112.0,,,unknown,[],26.917,[],0,2,[],,,,,EXCELLENT,766.5,,,[],,,,,,,,,True,0.0,630.22,detect_loop,released,False,,,1789694889116.761,False,,2,1,,1789694889883.309,,,,,,session_20260917_201500,Standstill,
,,,137.45999999999992,,,False,,,False,1789694894213.2,,,unknown,[],24.333,[],0,3,[],,,,,LATE,766.9,,,[],,,,,,,,,True,0.0,629.44,detect_loop,released,False,,,1789694892216.0642,False,,3,1,,1789694892983.0022,,,,,,session_20260917_201500,Standstill,
,,,122.48000000000002,,,False,,,False,1789694897261.5,,,unknown,[],23.75,[],0,4,[],,,,,EARLY,626.1,,,[],,,,,,,,,True,0.0,503.62,detect_loop,released,False,,,1789694894810.524,False,,4,1,,1789694895436.61,,,,,,session_20260917_201500,Standstill,
,,,138.12,,,False,,,False,1789694899861.9,,,unknown,[],24.167,[],0,5,[],,,,,EXCELLENT,653.9,,,[],,,,,,,,,True,0.0,515.78,detect_loop,released,False,,,1789694897863.745,False,,5,1,,1789694898517.666,,,,,,session_20260917_201500,Standstill,
,,,436.0,,,False,,,False,1789694902660.8,,,unknown,[],24.833,[],0,6,[],,,,,EXCELLENT,653.0,,,[],,,,,,,,,True,0.0,217.0,detect_loop,released,False,,,1789694900697.3088,False,,6,1,,1789694901350.3105,,,,,,session_20260917_201500,Standstill,
,,,371.86000000000007,,,False,,,False,1789694905360.5,,,unknown,[],24.917,[],0,7,[],,,,,EXCELLENT,651.7,,,[],,,,,,,,,True,0.0,279.84,detect_loop,released,False,,,1789694903198.6414,False,,7,1,,1789694903850.3171,,,,,,session_20260917_201500,Standstill,
,,,,,,False,,,False,1789694959531.6,,,unknown,[],,[],0,8,[],,,,,,,,,[],,,,,,,,,True,0.0,,,unanswered,False,,,1789694951395.0046,False,,8,1,,,,,,,,session_20260917_201500,Go-To,
,,,136.10000000000002,,,False,,,False,1789695032425.8,,WIDE OPEN,open,[],26.417,[],0,9,[],,,,,EARLY,540.0,,,[],,,,,,,,,True,0.0,403.9,detect_loop,released,False,,,1789695030889.341,False,,9,1,,1789695031429.371,,,,,,session_20260917_201500,Standstill,
,,,,,,False,,,False,1789695037679.3,,,unknown,[],,[],0,10,[],,,,,,,,,[],,,,,,,,,True,0.0,,,disarmed,False,,,1789695036379.9714,False,,10,1,,,,,,,,session_20260917_201500,Left Fade,
,,,133.91999999999996,,,False,,,False,1789695042657.5,,LIGHT CONTEST,contested,[],7.583,[],0,11,[],,,,,EARLY,722.3,,,[],,,,,,,,,True,0.0,588.38,detect_loop,released,False,,,1789695041006.6523,False,,11,1,,1789695041728.9443,,,,,,session_20260917_201500,Right Fade,
,,,118.77999999999997,,,False,,,False,1789695101818.3,,,unknown,[],,[],0,12,[],,,,,EXCELLENT,996.8,,,[],,,,,,,,,True,0.0,878.02,detect_loop,released,False,,,1789695100010.9778,False,,12,1,,1789695101007.7996,,,,,,session_20260917_201500,Right Fade,
,,,138.61,,,False,,,False,1789695114252.2,,OPEN,open,[],24.833,[],0,13,[],,,,,LATE,650.6,,,[],,,,,,,,,True,0.0,511.99,detect_loop,released,False,,,1789695112739.4487,False,,13,1,,1789695113390.0735,,,,,,session_20260917_201500,Standstill,
,,,,,,False,,,False,1789695117801.9,,,unknown,[],,[],0,14,[],,,,,,,,,[],,,,,,,,,True,0.0,,,disarmed,False,,,1789695116634.9238,False,,14,1,,,,,,,,session_20260917_201500,Left Fade,
,,,127.41999999999996,,,False,,,False,1789695155098.5,,BOTHERED,unknown,[],28.333,[],0,15,[],,,,,EXCELLENT,628.9,,,[],,,,,,,,,True,0.0,501.48,detect_loop,released,False,,,1789695153347.1052,False,,15,1,,1789695153976.0532,,,,,,session_20260917_201500,Standstill,
,,,127.44,,,False,,,False,1789695186581.6,,WIDE OPEN,open,[],24.417,[],0,16,[],,,,,EXCELLENT,635.0,,,[],,,,,,,,,True,0.0,507.56,detect_loop,released,False,,,1789695185239.7898,False,,16,1,,1789695185874.8225,,,,,,session_20260917_201500,Standstill,
,,,127.1400000000001,,,False,,,False,1789695196700.1,,SEMI-OPEN,unknown,[],25.667,[],0,17,[],,,,,EXCELLENT,643.2,,,[],,,,,,,,,True,0.0,516.06,detect_loop,released,False,,,1789695195214.3892,False,,17,1,,1789695195857.593,,,,,,session_20260917_201500,Standstill,
,,,127.88,,,False,,,False,1789695208347.1,,WIDE OPEN,open,[],23.75,[],0,18,[],,,,,EXCELLENT,632.4,,,[],,,,,,,,,True,0.0,504.52,detect_loop,released,False,,,1789695207024.2842,False,,18,1,,1789695207656.675,,,,,,session_20260917_201500,Standstill,
,,,,,,False,,,False,1789695225493.2,,,unknown,[],,[],0,19,[],,,,,,,,,[],,,,,,,,,True,0.0,,,unanswered,False,,,1789695217389.815,False,,19,1,,,,,,,,session_20260917_201500,Go-To,
,,,126.09999999999991,,,False,,,False,1789695222434.0,,,unknown,[],,[],0,20,[],,,,,,651.8,,,[],,,,,,,,,True,0.0,525.7,detect_loop,released,False,,,1789695218205.8596,False,,20,1,,1789695218857.6934,,,,,,session_20260917_201500,Standstill,
,,,126.44,,,False,,,False,1789695226681.7,,OPEN,open,[],20.083,[],0,21,[],,,,,EXCELLENT,638.4,,,[],,,,,,,,,True,0.0,511.96,detect_loop,released,False,,,1789695225251.3167,False,,21,1,,1789695225889.689,,,,,,session_20260917_201500,Standstill,
,,,150.5,,,False,,,False,1789695237927.1,,WIDE OPEN,open,[],25.333,[],0,22,[],,,,,LATE,718.1,,,[],,,,,,,,,True,0.0,567.6,detect_loop,released,False,,,1789695236382.7188,False,,22,1,,1789695237100.8044,,,,,,session_20260917_201500,Standstill,
,,,,,,False,,,False,1789695243985.7,,,unknown,[],,[],0,23,[],,,,,,,,,[],,,,,,,,,True,0.0,,,disarmed,False,,,1789695242753.6477,False,,23,1,,,,,,,,session_20260917_201500,Left Fade,
,,,,,,False,,,False,1789695252045.7,,,unknown,[],,[],0,24,[],,,,,,,,,[],,,,,,,,,True,0.0,,,disarmed,False,,,1789695250035.108,False,,24,1,,,,,,,,session_20260917_201500,Standstill,
,,,,,,False,,,False,1789695259463.1,,,unknown,[],,[],0,25,[],,,,,,,,,[],,,,,,,,,True,0.0,,,unanswered,False,,,1789695251448.4553,False,,25,1,,,,,,,,session_20260917_201500,Go-To,
,,,,,,False,,,False,1789695256116.7,,,unknown,[],,[],0,26,[],,,,,,,,,[],,,,,,,,,True,0.0,,,disarmed,False,,,1789695254122.578,False,,26,1,,,,,,,,session_20260917_201500,Standstill,
,,,,,,False,,,False,1789695256662.6,,,unknown,[],,[],0,27,[],,,,,,,,,[],,,,,,,,,True,0.0,,,disarmed,False,,,1789695255047.5574,False,,27,1,,,,,,,,session_20260917_201500,Standstill,
,,,,,,False,,,False,1789695271031.5,,,unknown,[],,[],0,28,[],,,,,,,,,[],,,,,,,,,True,0.0,,,disarmed,False,,,1789695268837.4424,False,,28,1,,,,,,,,session_20260917_201500,Standstill,
,,,,,,False,,,False,1789695272763.2,,,unknown,[],,[],0,29,[],,,,,,,,,[],,,,,,,,,True,0.0,,,disarmed,False,,,1789695270815.4124,False,,29,1,,,,,,,,session_20260917_201500,Left Fade,
,,,,,,False,,,False,1789695275700.1,,,unknown,[],,[],0,30,[],,,,,,,,,[],,,,,,,,,True,0.0,544.62,detect_loop,unanswered,False,,,1789695272067.8381,False,,30,1,,,,,,,,session_20260917_201500,Go-To,
,,,,,,False,,,False,1789695275887.4,,,unknown,[],,[],0,31,[],,,,,,,,,[],,,,,,,,,True,0.0,0.52,detect_loop,unanswered,False,,,1789695272763.2488,False,,31,1,,,,,,,,session_20260917_201500,Go-To,
,,,,,,False,,,False,1789695280831.4,,,unknown,[],,[],0,32,[],,,,,,,,,[],,,,,,,,,True,0.0,1612.82,detect_loop,unanswered,False,,,1789695272783.4387,False,,32,1,,,,,,,,session_20260917_201500,Go-To,
,,,,,,False,,,False,1789695275887.4,,,unknown,[],,[],0,33,[],,,,,,,,,[],,,,,,,,,True,0.0,,,disarmed,False,,,1789695274705.28,False,,33,1,,,,,,,,session_20260917_201500,Standstill,
,,,,,,False,,,False,1789695276100.5,,,unknown,[],,[],0,34,[],,,,,,,,,[],,,,,,,,,True,0.0,4.3,detect_loop,disarmed,False,,,1789695274943.766,False,,34,1,,,,,,,,session_20260917_201500,Standstill,
,,,,,,False,,,False,1789695276321.1,,,unknown,[],,[],0,35,[],,,,,,,,,[],,,,,,,,,True,0.0,,,disarmed,False,,,1789695275137.7632,False,,35,1,,,,,,,,session_20260917_201500,Standstill,
,,,,,,False,,,False,1789695276602.4,,,unknown,[],,[],0,36,[],,,,,,,,,[],,,,,,,,,True,0.0,,,disarmed,False,,,1789695275304.922,False,,36,1,,,,,,,,session_20260917_201500,Standstill,
,,,,,,False,,,False,1789695276891.2,,,unknown,[],,[],0,37,[],,,,,,,,,[],,,,,,,,,True,0.0,,,disarmed,False,,,1789695275504.6128,False,,37,1,,,,,,,,session_20260917_201500,Standstill,
,,,,,,False,,,False,1789695276891.2,,,unknown,[],,[],0,38,[],,,,,,,,,[],,,,,,,,,True,0.0,,,disarmed,False,,,1789695275700.1362,False,,38,1,,,,,,,,session_20260917_201500,Standstill,
,,,,,,False,,,False,1789695277212.6,,,unknown,[],,[],0,39,[],,,,,,,,,[],,,,,,,,,True,0.0,,,disarmed,False,,,1789695275887.3691,False,,39,1,,,,,,,,session_20260917_201500,Standstill,
,,,,,,False,,,False,1789695277501.2,,,unknown,[],,[],0,40,[],,,,,,,,,[],,,,,,,,,True,0.0,,,disarmed,False,,,1789695276100.464,False,,40,1,,,,,,,,session_20260917_201500,Standstill,
,,,,,,False,,,False,1789695277501.2,,,unknown,[],,[],0,41,[],,,,,,,,,[],,,,,,,,,True,0.0,,,disarmed,False,,,1789695276321.1433,False,,41,1,,,,,,,,session_20260917_201500,Standstill,
,,,,,,False,,,False,1789695283389.6,,,unknown,[],,[],0,42,[],,,,,,,,,[],,,,,,,,,True,0.0,,,disarmed,False,,,1789695281317.7495,False,,42,1,,,,,,,,session_20260917_201500,Right Fade,
,,,,,,False,,,False,1789695286698.1,,,unknown,[],,[],0,43,[],,,,,,,,,[],,,,,,,,,True,0.0,,,disarmed,False,,,1789695285129.8818,False,,43,1,,,,,,,,session_20260917_201500,Standstill,
,,,,,,False,,,False,1789695287001.5,,,unknown,[],,[],0,44,[],,,,,,,,,[],,,,,,,,,True,0.0,,,disarmed,False,,,1789695285741.3232,False,,44,1,,,,,,,,session_20260917_201500,Standstill,
,,,,,,False,,,False,1789695287289.9,,,unknown,[],,[],0,45,[],,,,,,,,,[],,,,,,,,,True,0.0,,,disarmed,False,,,1789695285946.3542,False,,45,1,,,,,,,,session_20260917_201500,Standstill,
,,,,,,False,,,False,1789695287289.9,,,unknown,[],,[],0,46,[],,,,,,,,,[],,,,,,,,,True,0.0,,,disarmed,False,,,1789695286121.7197,False,,46,1,,,,,,,,session_20260917_201500,Standstill,
,,,,,,False,,,False,1789695294628.1,,,unknown,[],,[],0,47,[],,,,,,,,,[],,,,,,,,,True,0.0,,,disarmed,False,,,1789695293465.3289,False,,47,1,,,,,,,,session_20260917_201500,Standstill,
,,,,,,False,,,False,1789695335260.2,,,unknown,[],,[],0,48,[],,,,,,,,,[],,,,,,,,,True,0.0,,,unanswered,False,,,1789695327137.742,False,,48,1,,,,,,,,session_20260917_201500,Go-To,
,,,,,,False,,,False,1789695350386.6,,,unknown,[],,[],0,49,[],,,,,,,,,[],,,,,,,,,True,0.0,,,unanswered,False,,,1789695342166.2693,False,,49,1,,,,,,,,session_20260917_201500,Go-To,
,,,,,,False,,,False,1789695346575.2,,,unknown,[],,[],0,50,[],,,,,,,,,[],,,,,,,,,True,0.0,180.85,detect_loop,disarmed,False,,,1789695344330.0613,False,,50,1,,,,,,,,session_20260917_201500,Standstill,
,,,,,,False,,,False,1789695361963.8,,,unknown,[],,[],0,51,[],,,,,,,,,[],,,,,,,,,True,0.0,,,disarmed,False,,,1789695360131.425,False,,51,1,,,,,,,,session_20260917_201500,Right Fade,
,,,,,,False,,,False,1789695488332.5,,,unknown,[],,[],0,52,[],,,,,,,,,[],,,,,,,,,True,0.0,,,disarmed,False,,,1789695487027.4229,False,,52,1,,,,,,,,session_20260917_201500,Right Fade,
,,,119.26999999999998,,,False,,,False,1789695504222.9,,WIDE OPEN,open,[],25.833,[],0,53,[],,,,,EXCELLENT,639.0,,,[],,,,,,,,,True,0.0,519.73,detect_loop,released,False,,,1789695502790.9067,False,,53,1,,1789695503429.8787,,,,,,session_20260917_201500,Standstill,
,,,,,,False,,,False,1789695526230.1,,,unknown,[],,[],0,54,[],,,,,,,,,[],,,,,,,,,True,0.0,,,unanswered,False,,,1789695518054.5862,False,,54,1,,,,,,,,session_20260917_201500,Go-To,
,,,,,,False,,,False,1789695527782.7,,,unknown,[],,[],0,55,[],,,,,,,,,[],,,,,,,,,True,0.0,,,unanswered,False,,,1789695519757.137,False,,55,1,,,,,,,,session_20260917_201500,Go-To,
,,,115.22000000000003,,,False,,,False,1789695522440.8,,WIDE OPEN,open,[],21.167,[],0,56,[],,,,,EXCELLENT,645.1,,,[],,,,,,,,,True,0.0,529.88,detect_loop,released,False,,,1789695520950.5657,False,,56,1,,1789695521595.679,,,,,,session_20260917_201500,Standstill,
,,,122.32000000000005,,,False,,,False,1789695530645.1,,SEMI-OPEN,unknown,[],25.583,[],0,57,[],,,,,EXCELLENT,624.2,,,[],,,,,,,,,True,0.0,501.88,detect_loop,released,False,,,1789695529174.1907,False,,57,1,,1789695529798.4219,,,,,,session_20260917_201500,Standstill,
,,,,,,False,,,False,1789695545974.9,,,unknown,[],,[],0,58,[],,,,,,,,,[],,,,,,,,,True,0.0,,,unanswered,False,,,1789695537741.919,False,,58,1,,,,,,,,session_20260917_201500,Go-To,
,,,116.56000000000006,,,False,,,False,1789695564589.6,,WIDE OPEN,open,[],26.75,[],0,59,[],,,,,EXCELLENT,648.1,,,[],,,,,,,,,True,0.0,531.54,detect_loop,released,False,,,1789695563131.8882,False,,59,1,,1789695563779.9573,,,,,,session_20260917_201500,Standstill,
,,,132.86,,,False,,,False,1789695575487.9,,WIDE OPEN,open,[],26.5,[],0,60,[],,,,,EXCELLENT,640.5,,,[],,,,,,,,,True,0.0,507.64,detect_loop,released,False,,,1789695574077.882,False,,60,1,,1789695574718.3992,,,,,,session_20260917_201500,Standstill,
,,,,,,False,,,False,1789695598078.4,,,unknown,[],,[],0,61,[],,,,,,,,,[],,,,,,,,,True,0.0,,,disarmed,False,,,1789695596920.3625,False,,61,1,,,,,,,,session_20260917_201500,Standstill,
,,,,,,False,,,False,1789695607332.9,,,unknown,[],,[],0,62,[],,,,,,,,,[],,,,,,,,,True,0.0,,,unanswered,False,,,1789695599177.089,False,,62,1,,,,,,,,session_20260917_201500,Go-To,
,,,538.51,,,False,,,False,1789695602766.9,,SEMI-OPEN,unknown,[],26.083,[],0,63,[],,,,,LATE,745.3,,,[],,,,,,,,,True,0.0,206.79,detect_loop,released,False,,,1789695601166.457,False,,63,1,,1789695601911.7764,,,,,,session_20260917_201500,Standstill,
,,,851.5899999999999,,,False,,,False,1789695608465.9,,WIDE OPEN,open,[],21.917,[],0,64,[],,,,,EXCELLENT,905.3,,,[],,,,,,,,,True,0.0,53.71,detect_loop,released,False,,,1789695606820.5469,False,,64,1,,1789695607725.8215,,,,,,session_20260917_201500,Left Fade,
,,,130.26999999999998,,,False,,,False,1789695739692.4,,,unknown,[],,[],0,65,[],,,,,,591.4,,,[],,,,,,,,,True,0.0,461.13,detect_loop,released,False,,,1789695735387.4426,False,,65,1,,1789695735978.8604,,,,,,session_20260917_201500,Standstill,
,,,,,,False,,,False,1789695739811.2,,,unknown,[],,[],0,66,[],,,,,,,,,[],,,,,,,,,True,0.0,,,disarmed,False,,,1789695738698.3647,False,,66,1,,,,,,,,session_20260917_201500,Right Fade,
,,,,,,False,,,False,1789695741051.2,,,unknown,[],,[],0,67,[],,,,,,,,,[],,,,,,,,,True,0.0,,,disarmed,False,,,1789695739728.2205,False,,67,1,,,,,,,,session_20260917_201500,Post Fade,
,,,,,,False,,,False,1789695742662.1,,,unknown,[],,[],0,68,[],,,,,,,,,[],,,,,,,,,True,0.0,,,disarmed,False,,,1789695741330.3171,False,,68,1,,,,,,,,session_20260917_201500,Left Fade,
,,,125.33000000000004,,,False,,,False,1789695755863.4,,WIDE OPEN,open,[],23.75,[],0,69,[],,,,,EXCELLENT,673.0,,,[],,,,,,,,,True,0.0,547.67,detect_loop,released,False,,,1789695754404.4575,False,,69,1,,1789695755077.467,,,,,,session_20260917_201500,Standstill,
,,,108.70999999999992,,,False,,,False,1789695768013.6,,WIDE OPEN,open,[],29.333,[],0,70,[],,,,,LATE,649.9,,,[],,,,,,,,,True,0.0,541.19,detect_loop,released,False,,,1789695766377.4636,False,,70,1,,1789695767027.331,,,,,,session_20260917_201500,Standstill,
,,,,,,False,,,False,1789699879416.0,,,unknown,[],,[],0,1,[],,,,,,,,,[],,,,,,,,,True,0.0,,,unanswered,False,,,1789699871210.8252,False,,1,1,,,,,,,,session_20260917_215034,Go-To,
,,,,,,False,,,False,1789699879416.0,,,unknown,[],,[],0,2,[],,,,,,,,,[],,,,,,,,,True,0.0,,,unanswered,False,,,1789699871403.1565,False,,2,1,,,,,,,,session_20260917_215034,Go-To,
,,,,,,False,,,False,1789699882276.3,,,unknown,[],,[],0,3,[],,,,,,,,,[],,,,,,,,,True,0.0,,,unanswered,False,,,1789699874108.7424,False,,3,1,,,,,,,,session_20260917_215034,Go-To,
,,,,,,False,,,False,1789699884682.3,,,unknown,[],,[],0,4,[],,,,,,,,,[],,,,,,,,,True,0.0,5401.46,detect_loop,unanswered,False,,,1789699876533.9785,False,,4,1,,,,,,,,session_20260917_215034,Go-To,
,,,122.16999999999996,,,False,,,False,1789699942721.4,,OPEN,open,[],25.5,[],0,5,[],,,,,EXCELLENT,645.0,,,[],,,,,,,,,True,0.0,522.83,detect_loop,released,False,,,1789699941306.3699,False,,5,1,,1789699941951.323,,,,,,session_20260917_215034,Standstill,
,,,123.91000000000008,,,False,,,False,1789699954673.3,,BOTHERED,unknown,[],24.75,[],0,6,[],,,,,LATE,651.7,,,[],,,,,,,,,True,0.0,527.79,detect_loop,released,False,,,1789699952948.847,False,,6,1,,1789699953600.5625,,,,,,session_20260917_215034,Standstill,
,,,,,,False,,,False,1789699957727.4,,,unknown,[],,[],0,7,[],,,,,,,,,[],,,,,,,,,True,0.0,,,disarmed,False,,,1789699956619.6719,False,,7,1,,,,,,,,session_20260917_215034,Right Fade,
,,,,,,False,,,False,1789699958031.1,,,unknown,[],,[],0,8,[],,,,,,,,,[],,,,,,,,,True,0.0,,,disarmed,False,,,1789699956759.7517,False,,8,1,,,,,,,,session_20260917_215034,Right Fade,
,,,,,,False,,,False,1789699995169.0,,,unknown,[],,[],0,9,[],,,,,,,,,[],,,,,,,,,True,0.0,,,disarmed,False,,,1789699993859.2788,False,,9,1,,,,,,,,session_20260917_215034,Left Fade,
,,,,,,False,,,False,1789700016502.5,,,unknown,[],,[],0,10,[],,,,,,,,,[],,,,,,,,,True,0.0,,,disarmed,False,,,1789700015211.3252,False,,10,1,,,,,,,,session_20260917_215034,Standstill,
,,,,,,False,,,False,1789700018294.1,,,unknown,[],,[],0,11,[],,,,,,,,,[],,,,,,,,,True,0.0,,,disarmed,False,,,1789700017138.1917,False,,11,1,,,,,,,,session_20260917_215034,Left Fade,
,,,,,,False,,,False,1789700031872.1,,,unknown,[],,[],0,12,[],,,,,,,,,[],,,,,,,,,True,0.0,,,disarmed,False,,,1789700030679.7776,False,,12,1,,,,,,,,session_20260917_215034,Right Fade,
,,,,,,False,,,False,1789700067479.3,,,unknown,[],,[],0,13,[],,,,,,,,,[],,,,,,,,,True,0.0,,,disarmed,False,,,1789700066088.2734,False,,13,1,,,,,,,,session_20260917_215034,Standstill,
,,,128.38,,,False,,,False,1789700083441.6,,WIDE OPEN,open,[],26.75,[],0,14,[],,,,,EXCELLENT,697.8,,,[],,,,,,,,,True,0.0,569.42,detect_loop,released,False,,,1789700081922.029,False,,14,1,,1789700082619.8394,,,,,,session_20260917_215034,Standstill,
,,,127.23000000000002,,,False,,,False,1789700106207.3,,WIDE OPEN,open,[],24.667,[],0,15,[],,,,,EXCELLENT,645.6,,,[],,,,,,,,,True,0.0,518.37,detect_loop,released,False,,,1789700104806.426,False,,15,1,,1789700105452.0742,,,,,,session_20260917_215034,Standstill,
,,,126.73000000000002,,,False,,,False,1789700124338.5,,LIGHT CONTEST,contested,[],17.75,[],0,16,[],,,,,EXCELLENT,821.7,,,[],,,,,,,,,True,0.0,694.97,detect_loop,released,False,,,1789700122529.9463,False,,16,1,,1789700123351.6292,,,,,,session_20260917_215034,Right Fade,
,,,103.75999999999999,,,False,,,False,1789700151522.5,,BOTHERED,unknown,[],21.333,[],0,17,[],,,,,EARLY,895.4,,,[],,,,,,,,,True,0.0,791.64,detect_loop,released,False,,,1789700149163.1821,False,,17,1,,1789700150058.6125,,,,,,session_20260917_215034,Left Fade,
,,,,,,False,,,False,1789700166595.3,,,unknown,[],,[],0,18,[],,,,,,,,,[],,,,,,,,,True,0.0,,,disarmed,False,,,1789700165371.4253,False,,18,1,,,,,,,,session_20260917_215034,Left Fade,
,,,,,,False,,,False,1789700182918.8,,,unknown,[],,[],0,19,[],,,,,,,,,[],,,,,,,,,True,0.0,,,disarmed,False,,,1789700181745.5852,False,,19,1,,,,,,,,session_20260917_215034,Post Fade,
,,,,,,False,,,False,1789700184464.5,,,unknown,[],,[],0,20,[],,,,,,,,,[],,,,,,,,,True,0.0,,,disarmed,False,,,1789700183119.4324,False,,20,1,,,,,,,,session_20260917_215034,Post Fade,
,,,,,,False,,,False,1789700325845.1,,,unknown,[],,[],0,21,[],,,,,,,,,[],,,,,,,,,True,0.0,,,disarmed,False,,,1789700324526.3027,False,,21,1,,,,,,,,session_20260917_215034,Post Fade,
,,,,,,False,,,False,1789700372231.7,,,unknown,[],,[],0,22,[],,,,,,,,,[],,,,,,,,,True,0.0,,,disarmed,False,,,1789700371042.7268,False,,22,1,,,,,,,,session_20260917_215034,Left Fade,
,,,,,,False,,,False,1789700388446.4,,,unknown,[],,[],0,23,[],,,,,,,,,[],,,,,,,,,True,0.0,,,disarmed,False,,,1789700387271.7554,False,,23,1,,,,,,,,session_20260917_215034,Left Fade,
,,,,,,False,,,False,1789700389548.9,,,unknown,[],,[],0,24,[],,,,,,,,,[],,,,,,,,,True,0.0,,,disarmed,False,,,1789700388362.1338,False,,24,1,,,,,,,,session_20260917_215034,Post Fade,
,,,,,,False,,,False,1789700391418.0,,,unknown,[],,[],0,25,[],,,,,,,,,[],,,,,,,,,True,0.0,,,disarmed,False,,,1789700390138.5552,False,,25,1,,,,,,,,session_20260917_215034,Post Fade,
,,,,,,False,,,False,1789700405359.2,,,unknown,[],,[],0,26,[],,,,,,,,,[],,,,,,,,,True,0.0,,,unanswered,False,,,1789700397168.599,False,,26,1,,,,,,,,session_20260917_215034,Go-To,
,,,46.539999999999964,,,False,,,False,1789700399579.0,,OPEN,open,[],27.75,[],0,27,[],,,,,EXCELLENT,640.9,,,[],,,,,,,,,True,0.0,594.36,detect_loop,released,False,,,1789700397972.4106,False,,27,1,,1789700398613.2732,,,,,,session_20260917_215034,Standstill,
,,,124.24000000000001,,,False,,,False,1789700423578.7,,BOTHERED,unknown,[],25.583,[],0,28,[],,,,,LATE,643.1,,,[],,,,,,,,,True,0.0,518.86,detect_loop,released,False,,,1789700421911.187,False,,28,1,,1789700422554.2495,,,,,,session_20260917_215034,Standstill,
,,,,,,False,,,False,1789700428281.8,,,unknown,[],,[],0,29,[],,,,,,,,,[],,,,,,,,,True,0.0,,,disarmed,False,,,1789700427063.8848,False,,29,1,,,,,,,,session_20260917_215034,Left Fade,
,,,,,,False,,,False,1789700459161.9,,,unknown,[],,[],0,30,[],,,,,,,,,[],,,,,,,,,True,0.0,,,disarmed,False,,,1789700457878.7073,False,,30,1,,,,,,,,session_20260917_215034,Left Fade,
,,,,,,False,,,False,1789700462838.6,,,unknown,[],,[],0,31,[],,,,,,,,,[],,,,,,,,,True,0.0,,,disarmed,False,,,1789700461578.2493,False,,31,1,,,,,,,,session_20260917_215034,Post Fade,
,,,,,,False,,,False,1789700588459.2,,,unknown,[],,[],0,32,[],,,,,,,,,[],,,,,,,,,True,0.0,,,unanswered,False,,,1789700580310.662,False,,32,1,,,,,,,,session_20260917_215034,Go-To,
,,,,,,False,,,False,1789700588459.2,,,unknown,[],,[],0,33,[],,,,,,,,,[],,,,,,,,,True,0.0,,,unanswered,False,,,1789700580389.2654,False,,33,1,,,,,,,,session_20260917_215034,Go-To,
,,,,,,False,,,False,1789700670983.6,,,unknown,[],,[],0,34,[],,,,,,,,,[],,,,,,,,,True,0.0,,,disarmed,False,,,1789700668888.6748,False,,34,1,,,,,,,,session_20260917_215034,Standstill,
,,,126.9799999999999,,,False,,,False,1789700671566.3,,LIGHT CONTEST,contested,[],20.5,[],0,35,[],,,,,EXCELLENT,644.3,,,[],,,,,,,,,True,0.0,517.32,detect_loop,released,False,,,1789700669897.3381,False,,35,1,,1789700670541.6335,,,,,,session_20260917_215034,Standstill,
,,,,,,False,,,False,1789700682143.3,,,unknown,[],,[],0,36,[],,,,,,,,,[],,,,,,,,,True,0.0,609.54,detect_loop,disarmed,False,,,1789700679440.2998,False,,36,1,,,,,,,,session_20260917_215034,Standstill,
,,,124.79999999999995,,,False,,,False,1789700698063.5,,SEMI-OPEN,unknown,[],23.833,[],0,37,[],,,,,EXCELLENT,653.0,,,[],,,,,,,,,True,0.0,528.2,detect_loop,released,False,,,1789700696470.711,False,,37,1,,1789700697123.6646,,,,,,session_20260917_215034,Standstill,
,,,126.89999999999998,,,False,,,False,1789700711419.4,,LIGHT CONTEST,contested,[],24.583,[],0,38,[],,,,,EARLY,635.0,,,[],,,,,,,,,True,0.0,508.1,detect_loop,released,False,,,1789700707036.3484,False,,38,1,,1789700707671.327,,,,,,session_20260917_215034,Standstill,
,,,,,,False,,,False,1789700713218.1,,,unknown,[],,[],0,39,[],,,,,,,,,[],,,,,,,,,True,0.0,,,disarmed,False,,,1789700711834.7803,False,,39,1,,,,,,,,session_20260917_215034,Standstill,
,,,,,,False,,,False,1789700714767.3,,,unknown,[],,[],0,40,[],,,,,,,,,[],,,,,,,,,True,0.0,,,disarmed,False,,,1789700712846.0596,False,,40,1,,,,,,,,session_20260917_215034,Right Fade,
,,,,,,False,,,False,1789700724829.9,,,unknown,[],,[],0,41,[],,,,,,,,,[],,,,,,,,,True,0.0,,,disarmed,False,,,1789700723640.2288,False,,41,1,,,,,,,,session_20260917_215034,Left Fade,
,,,,,,False,,,False,1789700740406.1,,,unknown,[],,[],0,42,[],,,,,,,,,[],,,,,,,,,True,0.0,,,disarmed,False,,,1789700739229.3723,False,,42,1,,,,,,,,session_20260917_215034,Right Fade,
,,,,,,False,,,False,1789700760473.8,,,unknown,[],,[],0,43,[],,,,,,,,,[],,,,,,,,,True,0.0,,,disarmed,False,,,1789700759299.0059,False,,43,1,,,,,,,,session_20260917_215034,Left Fade,
,,,,,,False,,,False,1789700761650.9,,,unknown,[],,[],0,44,[],,,,,,,,,[],,,,,,,,,True,0.0,,,disarmed,False,,,1789700760543.9558,False,,44,1,,,,,,,,session_20260917_215034,Post Fade,
,,,,,,False,,,False,1789700762699.3,,,unknown,[],,[],0,45,[],,,,,,,,,[],,,,,,,,,True,0.0,,,disarmed,False,,,1789700761563.7012,False,,45,1,,,,,,,,session_20260917_215034,Post Fade,
,,,,,,False,,,False,1789700770016.7,,,unknown,[],,[],0,46,[],,,,,,,,,[],,,,,,,,,True,0.0,,,disarmed,False,,,1789700768774.8958,False,,46,1,,,,,,,,session_20260917_215034,Post Fade,
,,,,,,False,,,False,1789700795117.1,,,unknown,[],,[],0,47,[],,,,,,,,,[],,,,,,,,,True,0.0,,,disarmed,False,,,1789700793955.5496,False,,47,1,,,,,,,,session_20260917_215034,Post Fade,
,,,128.89999999999998,,,False,,,False,1789700815238.0,,OPEN,open,[],21.167,[],0,48,[],,,,,EXCELLENT,661.4,,,[],,,,,,,,,True,0.0,532.5,detect_loop,released,False,,,1789700813738.0073,False,,48,1,,1789700814399.3813,,,,,,session_20260917_215034,Standstill,
,,,127.56,,,False,,,False,1789700823637.0,,OPEN,open,[],22.75,[],0,49,[],,,,,EXCELLENT,633.6,,,[],,,,,,,,,True,0.0,506.04,detect_loop,released,False,,,1789700822248.9287,False,,49,1,,1789700822882.5198,,,,,,session_20260917_215034,Standstill,
,,,,,,False,,,False,1789700836463.7,,,unknown,[],,[],0,50,[],,,,,,,,,[],,,,,,,,,True,0.0,,,disarmed,False,,,1789700835177.7024,False,,50,1,,,,,,,,session_20260917_215034,Right Fade,
,,,,,,False,,,False,1789700845048.9,,,unknown,[],,[],0,51,[],,,,,,,,,[],,,,,,,,,True,0.0,,,unanswered,False,,,1789700836817.181,False,,51,1,,,,,,,,session_20260917_215034,Go-To,
,,,128.02999999999997,,,False,,,False,1789700838986.4,,WIDE OPEN,open,[],26.0,[],0,52,[],,,,,EXCELLENT,644.8,,,[],,,,,,,,,True,0.0,516.77,detect_loop,released,False,,,1789700837670.0562,False,,52,1,,1789700838314.8926,,,,,,session_20260917_215034,Standstill,
,,,277.42999999999995,,,False,,,False,1789700849235.6,,OPEN,open,[],18.667,[],0,53,[],,,,,EXCELLENT,913.8,,,[],,,,,,,,,True,0.0,636.37,detect_loop,released,False,,,1789700847583.8247,False,,53,1,,1789700848497.628,,,,,,session_20260917_215034,Left Fade,
,,,,,,False,,,False,1789700864594.9,,,unknown,[],,[],0,54,[],,,,,,,,,[],,,,,,,,,True,0.0,,,unanswered,False,,,1789700856423.9998,False,,54,1,,,,,,,,session_20260917_215034,Go-To,
,,,469.88,,,False,,,False,1789700861559.8,,SEMI-OPEN,unknown,[],28.333,[],0,55,[],,,,,LATE,705.4,,,[],,,,,,,,,True,0.0,235.52,detect_loop,released,False,,,1789700857349.9734,False,,55,1,,1789700858055.3384,,,,,,session_20260917_215034,Standstill,
,,,,,,False,,,False,1789700870422.7,,,unknown,[],,[],0,56,[],,,,,,,,,[],,,,,,,,,True,0.0,,,unanswered,False,,,1789700862288.9084,False,,56,1,,,,,,,,session_20260917_215034,Go-To,
,,,144.35999999999996,,,False,,,False,1789700865102.4,,,unknown,[],,[],0,57,[],,,,,EXCELLENT,642.9,,,[],,,,,,,,,True,0.0,498.54,detect_loop,released,False,,,1789700863770.4727,False,,57,1,,1789700864413.3787,,,,,,session_20260917_215034,Standstill,
,,,128.69999999999993,,,False,,,False,1789700873849.9,,WIDE OPEN,open,[],28.833,[],0,58,[],,,,,EXCELLENT,665.9,,,[],,,,,,,,,True,0.0,537.2,detect_loop,released,False,,,1789700872230.6714,False,,58,1,,1789700872896.6042,,,,,,session_20260917_215034,Standstill,
,,,126.82000000000005,,,False,,,False,1789700883949.8,,OPEN,open,[],29.917,[],0,59,[],,,,,EXCELLENT,686.1,,,[],,,,,,,,,True,0.0,559.28,detect_loop,released,False,,,1789700882259.7705,False,,59,1,,1789700882945.8716,,,,,,session_20260917_215034,Standstill,
,,,,,,False,,,False,1789701031022.9,,,unknown,[],,[],0,60,[],,,,,,,,,[],,,,,,,,,True,0.0,,,disarmed,False,,,1789701029803.0947,False,,60,1,,,,,,,,session_20260917_215034,Post Fade,
,,,,,,False,,,False,1789701046165.3,,,unknown,[],,[],0,61,[],,,,,,,,,[],,,,,,,,,True,0.0,,,disarmed,False,,,1789701044903.1257,False,,61,1,,,,,,,,session_20260917_215034,Left Fade,
,,,115.75999999999999,,,False,,,False,1789701056565.4,,WIDE OPEN,open,[],17.083,[],0,62,[],,,,,EXCELLENT,988.7,,,[],,,,,,,,,True,0.0,872.94,detect_loop,released,False,,,1789701054816.1875,False,,62,1,,1789701055804.934,,,,,,session_20260917_215034,Left Fade,
,,,121.43000000000006,,,False,,,False,1789701067413.1,,WIDE OPEN,open,[],28.0,[],0,63,[],,,,,EXCELLENT,652.1,,,[],,,,,,,,,True,0.0,530.67,detect_loop,released,False,,,1789701065818.3076,False,,63,1,,1789701066470.402,,,,,,session_20260917_215034,Standstill,
,,,,,,False,,,False,1789701083937.2,,,unknown,[],,[],0,64,[],,,,,,,,,[],,,,,,,,,True,0.0,,,unanswered,False,,,1789701075743.2898,False,,64,1,,,,,,,,session_20260917_215034,Go-To,
,,,,,,False,,,False,1789701079488.5,,,unknown,[],,[],0,65,[],,,,,,,,,[],,,,,,,,,True,0.0,,,disarmed,False,,,1789701078233.033,False,,65,1,,,,,,,,session_20260917_215034,Left Fade,
,,,121.11000000000013,,,False,,,False,1789701081529.8,,OPEN,open,[],17.333,[],0,66,[],,,,,EXCELLENT,1247.9,,,[],,,,,,,,,True,0.0,1126.79,detect_loop,released,False,,,1789701079488.4844,False,,66,1,,1789701080736.3513,,,,,,session_20260917_215034,Right Fade,
,,,121.13,,,False,,,False,1789701090167.5,,BOTHERED,unknown,[],23.75,[],0,67,[],,,,,EXCELLENT,770.0,,,[],,,,,,,,,True,0.0,648.87,detect_loop,released,False,,,1789701088432.205,False,,67,1,,1789701089202.2156,,,,,,session_20260917_215034,Standstill,
,,,120.91999999999996,,,False,,,False,1789701164259.6,,WIDE OPEN,open,[],23.667,[],0,68,[],,,,,LATE,749.4,,,[],,,,,,,,,True,0.0,628.48,detect_loop,released,False,,,1789701162649.4329,False,,68,1,,1789701163398.8376,,,,,,session_20260917_215034,Standstill,
,,,,,,False,,,False,1789701168748.3,,,unknown,[],,[],0,69,[],,,,,,,,,[],,,,,,,,,True,0.0,,,disarmed,False,,,1789701167468.1206,False,,69,1,,,,,,,,session_20260917_215034,Left Fade,
,,,,,,False,,,False,1789701170618.7,,,unknown,[],,[],0,70,[],,,,,,,,,[],,,,,,,,,True,0.0,,,disarmed,False,,,1789701169319.838,False,,70,1,,,,,,,,session_20260917_215034,Post Fade,
,,,,,,False,,,False,1789701207725.3,,,unknown,[],,[],0,71,[],,,,,,,,,[],,,,,,,,,True,0.0,,,disarmed,False,,,1789701206481.606,False,,71,1,,,,,,,,session_20260917_215034,Left Fade,
,,,126.95000000000005,,,False,,,False,1789701225601.6,,WIDE OPEN,open,[],23.667,[],0,72,[],,,,,LATE,697.6,,,[],,,,,,,,,True,0.0,570.65,detect_loop,released,False,,,1789701223796.6143,False,,72,1,,1789701224494.1914,,,,,,session_20260917_215034,Standstill,
,,,,,,False,,,False,1789701228651.5,,,unknown,[],,[],0,73,[],,,,,,,,,[],,,,,,,,,True,0.0,,,disarmed,False,,,1789701227472.5232,False,,73,1,,,,,,,,session_20260917_215034,Right Fade,
,,,,,,False,,,False,1789701237954.8,,,unknown,[],,[],0,74,[],,,,,,,,,[],,,,,,,,,True,0.0,,,disarmed,False,,,1789701236721.6453,False,,74,1,,,,,,,,session_20260917_215034,Standstill,
,,,,,,False,,,False,1789701240260.6,,,unknown,[],,[],0,75,[],,,,,,,,,[],,,,,,,,,True,0.0,,,disarmed,False,,,1789701238915.3203,False,,75,1,,,,,,,,session_20260917_215034,Post Fade,
,,,,,,False,,,False,1789701252598.5,,,unknown,[],,[],0,76,[],,,,,,,,,[],,,,,,,,,True,0.0,,,disarmed,False,,,1789701251478.0432,False,,76,1,,,,,,,,session_20260917_215034,Right Fade,
,,,126.44999999999993,,,False,,,False,1789701266249.3,,WIDE OPEN,open,[],,[],0,77,[],,,,,EXCELLENT,639.8,,,[],,,,,,,,,True,0.0,513.35,detect_loop,released,False,,,1789701264952.6672,False,,77,1,,1789701265592.4219,,,,,,session_20260917_215034,Standstill,
,,,,,,False,,,False,1789701282112.1,,,unknown,[],,[],0,78,[],,,,,,,,,[],,,,,,,,,True,0.0,,,unanswered,False,,,1789701274004.8933,False,,78,1,,,,,,,,session_20260917_215034,Go-To,
,,,,,,False,,,False,1789701283405.8,,,unknown,[],,[],0,79,[],,,,,,,,,[],,,,,,,,,True,0.0,,,unanswered,False,,,1789701275272.6694,False,,79,1,,,,,,,,session_20260917_215034,Go-To,
,,,125.87,,,False,,,False,1789701277998.7,,SOLID CONTEST,contested,[],21.25,[],0,80,[],,,,,LATE,639.4,,,[],,,,,,,,,True,0.0,513.53,detect_loop,released,False,,,1789701276151.8943,False,,80,1,,1789701276791.2542,,,,,,session_20260917_215034,Standstill,
,,,,,,False,,,False,1789701281808.1,,,unknown,[],,[],0,81,[],,,,,,,,,[],,,,,,,,,True,0.0,,,disarmed,False,,,1789701280677.7659,False,,81,1,,,,,,,,session_20260917_215034,Left Fade,
,,,,,,False,,,False,1789701336068.5,,,unknown,[],,[],0,82,[],,,,,,,,,[],,,,,,,,,True,0.0,,,disarmed,False,,,1789701334892.5515,False,,82,1,,,,,,,,session_20260917_215034,Post Fade,
,,,,,,False,,,False,1789701337864.7,,,unknown,[],,[],0,83,[],,,,,,,,,[],,,,,,,,,True,0.0,,,disarmed,False,,,1789701336557.6396,False,,83,1,,,,,,,,session_20260917_215034,Post Fade,
,,,,,,False,,,False,1789701358959.2,,,unknown,[],,[],0,84,[],,,,,,,,,[],,,,,,,,,True,0.0,,,disarmed,False,,,1789701357642.3872,False,,84,1,,,,,,,,session_20260917_215034,Left Fade,
,,,,,,False,,,False,1789701360752.3,,,unknown,[],,[],0,85,[],,,,,,,,,[],,,,,,,,,True,0.0,,,disarmed,False,,,1789701359436.8953,False,,85,1,,,,,,,,session_20260917_215034,Post Fade,
,,,,,,False,,,False,1789702881168.3,,,unknown,[],,[],0,1,[],,,,,,,,,[],,,,,,,,,True,0.0,,,unanswered,False,,,1789702872980.0586,False,,1,1,,,,,,,,session_20260917_224059,Go-To,
,,,,,,False,,,False,1789702907284.3,,,unknown,[],,[],0,2,[],,,,,,,,,[],,,,,,,,,True,0.0,,,unanswered,False,,,1789702899130.271,False,,2,1,,,,,,,,session_20260917_224059,Standstill,
,,,,,,False,,,False,1789702913845.7,,,unknown,[],,[],0,3,[],,,,,,,,,[],,,,,,,,,True,0.0,,,unanswered,False,,,1789702905697.606,False,,3,1,,,,,,,,session_20260917_224059,Standstill,
,,,,,,False,,,False,1789702923674.8,,,unknown,[],,[],0,4,[],,,,,,,,,[],,,,,,,,,True,0.0,,,unanswered,False,,,1789702915458.3608,False,,4,1,,,,,,,,session_20260917_224059,Standstill,
,,,,,,False,,,False,1789703059042.9,,,unknown,[],,[],0,5,[],,,,,,,,,[],,,,,,,,,True,0.0,,,unanswered,False,,,1789703050869.166,False,,5,1,,,,,,,,session_20260917_224059,Go-To,
,,,,,,False,,,False,1789703109462.3,,,unknown,[],,[],0,6,[],,,,,,,,,[],,,,,,,,,True,0.0,,,unanswered,False,,,1789703101407.1255,False,,6,1,,,,,,,,session_20260917_224059,Go-To,
,,,,,,False,,,False,1789703110257.0,,,unknown,[],,[],0,7,[],,,,,,,,,[],,,,,,,,,True,0.0,695.97,detect_loop,unanswered,False,,,1789703102022.7966,False,,7,1,,,,,,,,session_20260917_224059,Go-To,
,,,,,,False,,,False,1789703111802.7,,,unknown,[],,[],0,8,[],,,,,,,,,[],,,,,,,,,True,0.0,582.48,detect_loop,unanswered,False,,,1789703103787.2622,False,,8,1,,,,,,,,session_20260917_224059,Go-To,
,,,,,,False,,,False,1789703114360.9,,,unknown,[],,[],0,9,[],,,,,,,,,[],,,,,,,,,True,0.0,570.22,detect_loop,unanswered,False,,,1789703106162.7603,False,,9,1,,,,,,,,session_20260917_224059,Go-To,
,,,,,,False,,,False,1789703117428.4,,,unknown,[],,[],0,10,[],,,,,,,,,[],,,,,,,,,True,0.0,,,unanswered,False,,,1789703109287.1833,False,,10,1,,,,,,,,session_20260917_224059,Go-To,
,,,,,,False,,,False,1789703118452.9,,,unknown,[],,[],0,11,[],,,,,,,,,[],,,,,,,,,True,0.0,,,unanswered,False,,,1789703110291.8667,False,,11,1,,,,,,,,session_20260917_224059,Go-To,
,,,,,,False,,,False,1789703121505.3,,,unknown,[],,[],0,12,[],,,,,,,,,[],,,,,,,,,True,0.0,,,unanswered,False,,,1789703113365.8618,False,,12,1,,,,,,,,session_20260917_224059,Go-To,
,,,,,,False,,,False,1789703125061.7,,,unknown,[],,[],0,13,[],,,,,,,,,[],,,,,,,,,True,0.0,,,unanswered,False,,,1789703116998.662,False,,13,1,,,,,,,,session_20260917_224059,Go-To,
,,,,,,False,,,False,1789703128530.6,,,unknown,[],,[],0,14,[],,,,,,,,,[],,,,,,,,,True,0.0,,,unanswered,False,,,1789703120419.3662,False,,14,1,,,,,,,,session_20260917_224059,Go-To,
,,,,,,False,,,False,1789703129828.7,,,unknown,[],,[],0,15,[],,,,,,,,,[],,,,,,,,,True,0.0,,,unanswered,False,,,1789703121768.0376,False,,15,1,,,,,,,,session_20260917_224059,Go-To,
,,,,,,False,,,False,1789703136638.3,,,unknown,[],,[],0,16,[],,,,,,,,,[],,,,,,,,,True,0.0,,,unanswered,False,,,1789703128530.5896,False,,16,1,,,,,,,,session_20260917_224059,Go-To,
,,,,,,False,,,False,1789703140696.6,,,unknown,[],,[],0,17,[],,,,,,,,,[],,,,,,,,,True,0.0,,,unanswered,False,,,1789703132649.6772,False,,17,1,,,,,,,,session_20260917_224059,Go-To,
,,,,,,False,,,False,1789703146006.5,,,unknown,[],,[],0,18,[],,,,,,,,,[],,,,,,,,,True,0.0,,,unanswered,False,,,1789703137984.6462,False,,18,1,,,,,,,,session_20260917_224059,Go-To,
,,,,,,False,,,False,1789703194471.1,,,unknown,[],,[],0,19,[],,,,,,,,,[],,,,,,,,,True,0.0,,,unanswered,False,,,1789703192789.6433,False,,19,1,,,,,,,,session_20260917_224059,Go-To,
,,,,,,False,,,False,1789703194637.4,,,unknown,[],,[],0,20,[],,,,,,,,,[],,,,,,,,,True,0.0,,,unanswered,False,,,1789703193142.693,False,,20,1,,,,,,,,session_20260917_224059,Go-To,
,,,,,,False,,,False,1789703194778.8,,,unknown,[],,[],0,21,[],,,,,,,,,[],,,,,,,,,True,0.0,,,unanswered,False,,,1789703193393.051,False,,21,1,,,,,,,,session_20260917_224059,Go-To,
,,,,,,False,,,False,1789703194932.8,,,unknown,[],,[],0,22,[],,,,,,,,,[],,,,,,,,,True,0.0,,,unanswered,False,,,1789703193609.3242,False,,22,1,,,,,,,,session_20260917_224059,Go-To,
,,,,,,False,,,False,1789703195074.0,,,unknown,[],,[],0,23,[],,,,,,,,,[],,,,,,,,,True,0.0,,,unanswered,False,,,1789703193800.6636,False,,23,1,,,,,,,,session_20260917_224059,Go-To,
,,,,,,False,,,False,1789703195234.7,,,unknown,[],,[],0,24,[],,,,,,,,,[],,,,,,,,,True,0.0,,,unanswered,False,,,1789703193971.6516,False,,24,1,,,,,,,,session_20260917_224059,Go-To,
,,,,,,False,,,False,1789703195362.5,,,unknown,[],,[],0,25,[],,,,,,,,,[],,,,,,,,,True,0.0,,,unanswered,False,,,1789703194135.1672,False,,25,1,,,,,,,,session_20260917_224059,Go-To,
,,,,,,False,,,False,1789703195511.7,,,unknown,[],,[],0,26,[],,,,,,,,,[],,,,,,,,,True,0.0,,,unanswered,False,,,1789703194317.2007,False,,26,1,,,,,,,,session_20260917_224059,Go-To,
,,,,,,False,,,False,1789703195623.9,,,unknown,[],,[],0,27,[],,,,,,,,,[],,,,,,,,,True,0.0,,,unanswered,False,,,1789703194471.107,False,,27,1,,,,,,,,session_20260917_224059,Go-To,
,,,,,,False,,,False,1789703195782.2,,,unknown,[],,[],0,28,[],,,,,,,,,[],,,,,,,,,True,0.0,,,unanswered,False,,,1789703194637.3552,False,,28,1,,,,,,,,session_20260917_224059,Go-To,
,,,,,,False,,,False,1789703195891.7,,,unknown,[],,[],0,29,[],,,,,,,,,[],,,,,,,,,True,0.0,,,unanswered,False,,,1789703194778.843,False,,29,1,,,,,,,,session_20260917_224059,Go-To,
,,,,,,False,,,False,1789703196043.4,,,unknown,[],,[],0,30,[],,,,,,,,,[],,,,,,,,,True,0.0,,,unanswered,False,,,1789703194932.7522,False,,30,1,,,,,,,,session_20260917_224059,Go-To,
,,,,,,False,,,False,1789703196161.1,,,unknown,[],,[],0,31,[],,,,,,,,,[],,,,,,,,,True,0.0,,,unanswered,False,,,1789703195073.9707,False,,31,1,,,,,,,,session_20260917_224059,Go-To,
,,,,,,False,,,False,1789703196314.9,,,unknown,[],,[],0,32,[],,,,,,,,,[],,,,,,,,,True,0.0,,,unanswered,False,,,1789703195234.738,False,,32,1,,,,,,,,session_20260917_224059,Go-To,
,,,,,,False,,,False,1789703196434.5,,,unknown,[],,[],0,33,[],,,,,,,,,[],,,,,,,,,True,0.0,,,unanswered,False,,,1789703195362.543,False,,33,1,,,,,,,,session_20260917_224059,Go-To,
,,,,,,False,,,False,1789703196589.4,,,unknown,[],,[],0,34,[],,,,,,,,,[],,,,,,,,,True,0.0,,,unanswered,False,,,1789703195511.7195,False,,34,1,,,,,,,,session_20260917_224059,Go-To,
,,,,,,False,,,False,1789703196698.3,,,unknown,[],,[],0,35,[],,,,,,,,,[],,,,,,,,,True,0.0,,,unanswered,False,,,1789703195623.8633,False,,35,1,,,,,,,,session_20260917_224059,Go-To,
,,,,,,False,,,False,1789703196848.0,,,unknown,[],,[],0,36,[],,,,,,,,,[],,,,,,,,,True,0.0,,,unanswered,False,,,1789703195782.1763,False,,36,1,,,,,,,,session_20260917_224059,Go-To,
,,,,,,False,,,False,1789703196954.4,,,unknown,[],,[],0,37,[],,,,,,,,,[],,,,,,,,,True,0.0,,,unanswered,False,,,1789703195891.6726,False,,37,1,,,,,,,,session_20260917_224059,Go-To,
,,,,,,False,,,False,1789703197097.5,,,unknown,[],,[],0,38,[],,,,,,,,,[],,,,,,,,,True,0.0,,,unanswered,False,,,1789703196043.4102,False,,38,1,,,,,,,,session_20260917_224059,Go-To,
,,,,,,False,,,False,1789703197230.1,,,unknown,[],,[],0,39,[],,,,,,,,,[],,,,,,,,,True,0.0,,,unanswered,False,,,1789703196161.124,False,,39,1,,,,,,,,session_20260917_224059,Go-To,
,,,,,,False,,,False,1789703197429.2,,,unknown,[],,[],0,40,[],,,,,,,,,[],,,,,,,,,True,0.0,,,unanswered,False,,,1789703196314.9421,False,,40,1,,,,,,,,session_20260917_224059,Go-To,
,,,,,,False,,,False,1789703197563.0,,,unknown,[],,[],0,41,[],,,,,,,,,[],,,,,,,,,True,0.0,,,unanswered,False,,,1789703196434.5308,False,,41,1,,,,,,,,session_20260917_224059,Go-To,
,,,,,,False,,,False,1789703197724.7,,,unknown,[],,[],0,42,[],,,,,,,,,[],,,,,,,,,True,0.0,,,unanswered,False,,,1789703196589.4343,False,,42,1,,,,,,,,session_20260917_224059,Go-To,
,,,,,,False,,,False,1789703197854.0,,,unknown,[],,[],0,43,[],,,,,,,,,[],,,,,,,,,True,0.0,,,unanswered,False,,,1789703196698.2598,False,,43,1,,,,,,,,session_20260917_224059,Go-To,
,,,,,,False,,,False,1789703198008.6,,,unknown,[],,[],0,44,[],,,,,,,,,[],,,,,,,,,True,0.0,,,unanswered,False,,,1789703196848.0215,False,,44,1,,,,,,,,session_20260917_224059,Go-To,
,,,,,,False,,,False,1789703198183.1,,,unknown,[],,[],0,45,[],,,,,,,,,[],,,,,,,,,True,0.0,,,unanswered,False,,,1789703196954.4033,False,,45,1,,,,,,,,session_20260917_224059,Go-To,
,,,,,,False,,,False,1789703198386.9,,,unknown,[],,[],0,46,[],,,,,,,,,[],,,,,,,,,True,0.0,,,unanswered,False,,,1789703197097.4824,False,,46,1,,,,,,,,session_20260917_224059,Go-To,
,,,,,,False,,,False,1789703198563.0,,,unknown,[],,[],0,47,[],,,,,,,,,[],,,,,,,,,True,0.0,,,unanswered,False,,,1789703197230.1199,False,,47,1,,,,,,,,session_20260917_224059,Go-To,
,,,,,,False,,,False,1789703198703.0,,,unknown,[],,[],0,48,[],,,,,,,,,[],,,,,,,,,True,0.0,,,unanswered,False,,,1789703197429.2039,False,,48,1,,,,,,,,session_20260917_224059,Go-To,
,,,,,,False,,,False,1789703198849.0,,,unknown,[],,[],0,49,[],,,,,,,,,[],,,,,,,,,True,0.0,,,unanswered,False,,,1789703197562.995,False,,49,1,,,,,,,,session_20260917_224059,Go-To,
,,,,,,False,,,False,1789703198994.4,,,unknown,[],,[],0,50,[],,,,,,,,,[],,,,,,,,,True,0.0,,,unanswered,False,,,1789703197724.672,False,,50,1,,,,,,,,session_20260917_224059,Go-To,
,,,,,,False,,,False,1789703199139.4,,,unknown,[],,[],0,51,[],,,,,,,,,[],,,,,,,,,True,0.0,,,unanswered,False,,,1789703197853.974,False,,51,1,,,,,,,,session_20260917_224059,Go-To,
,,,,,,False,,,False,1789703199281.9,,,unknown,[],,[],0,52,[],,,,,,,,,[],,,,,,,,,True,0.0,,,unanswered,False,,,1789703198008.5847,False,,52,1,,,,,,,,session_20260917_224059,Go-To,
,,,,,,False,,,False,1789703199402.1,,,unknown,[],,[],0,53,[],,,,,,,,,[],,,,,,,,,True,0.0,,,unanswered,False,,,1789703198183.0696,False,,53,1,,,,,,,,session_20260917_224059,Go-To,
,,,,,,False,,,False,1789703199538.7,,,unknown,[],,[],0,54,[],,,,,,,,,[],,,,,,,,,True,0.0,,,unanswered,False,,,1789703198386.8542,False,,54,1,,,,,,,,session_20260917_224059,Go-To,
,,,,,,False,,,False,1789703199668.4,,,unknown,[],,[],0,55,[],,,,,,,,,[],,,,,,,,,True,0.0,,,unanswered,False,,,1789703198563.0334,False,,55,1,,,,,,,,session_20260917_224059,Go-To,
,,,,,,False,,,False,1789703199799.6,,,unknown,[],,[],0,56,[],,,,,,,,,[],,,,,,,,,True,0.0,,,unanswered,False,,,1789703198702.9905,False,,56,1,,,,,,,,session_20260917_224059,Go-To,
,,,,,,False,,,False,1789703199922.8,,,unknown,[],,[],0,57,[],,,,,,,,,[],,,,,,,,,True,0.0,,,unanswered,False,,,1789703198848.9678,False,,57,1,,,,,,,,session_20260917_224059,Go-To,
,,,,,,False,,,False,1789703200048.0,,,unknown,[],,[],0,58,[],,,,,,,,,[],,,,,,,,,True,0.0,,,unanswered,False,,,1789703198994.3652,False,,58,1,,,,,,,,session_20260917_224059,Go-To,
,,,,,,False,,,False,1789703200171.1,,,unknown,[],,[],0,59,[],,,,,,,,,[],,,,,,,,,True,0.0,,,unanswered,False,,,1789703199139.412,False,,59,1,,,,,,,,session_20260917_224059,Go-To,
,,,,,,False,,,False,1789703200301.0,,,unknown,[],,[],0,60,[],,,,,,,,,[],,,,,,,,,True,0.0,,,unanswered,False,,,1789703199281.9014,False,,60,1,,,,,,,,session_20260917_224059,Go-To,
,,,,,,False,,,False,1789703200423.0,,,unknown,[],,[],0,61,[],,,,,,,,,[],,,,,,,,,True,0.0,,,unanswered,False,,,1789703199402.1265,False,,61,1,,,,,,,,session_20260917_224059,Go-To,
,,,,,,False,,,False,1789703200547.3,,,unknown,[],,[],0,62,[],,,,,,,,,[],,,,,,,,,True,0.0,,,unanswered,False,,,1789703199538.7205,False,,62,1,,,,,,,,session_20260917_224059,Go-To,
,,,,,,False,,,False,1789703200668.4,,,unknown,[],,[],0,63,[],,,,,,,,,[],,,,,,,,,True,0.0,,,unanswered,False,,,1789703199668.43,False,,63,1,,,,,,,,session_20260917_224059,Go-To,
,,,,,,False,,,False,1789703200796.3,,,unknown,[],,[],0,64,[],,,,,,,,,[],,,,,,,,,True,0.0,,,unanswered,False,,,1789703199799.563,False,,64,1,,,,,,,,session_20260917_224059,Go-To,
,,,,,,False,,,False,1789703200913.4,,,unknown,[],,[],0,65,[],,,,,,,,,[],,,,,,,,,True,0.0,,,unanswered,False,,,1789703199922.8364,False,,65,1,,,,,,,,session_20260917_224059,Go-To,
,,,,,,False,,,False,1789703201033.9,,,unknown,[],,[],0,66,[],,,,,,,,,[],,,,,,,,,True,0.0,,,unanswered,False,,,1789703200048.0168,False,,66,1,,,,,,,,session_20260917_224059,Go-To,
,,,,,,False,,,False,1789703201145.7,,,unknown,[],,[],0,67,[],,,,,,,,,[],,,,,,,,,True,0.0,,,unanswered,False,,,1789703200171.0615,False,,67,1,,,,,,,,session_20260917_224059,Go-To,
,,,,,,False,,,False,1789703201266.7,,,unknown,[],,[],0,68,[],,,,,,,,,[],,,,,,,,,True,0.0,,,unanswered,False,,,1789703200300.958,False,,68,1,,,,,,,,session_20260917_224059,Go-To,
,,,,,,False,,,False,1789703201382.5,,,unknown,[],,[],0,69,[],,,,,,,,,[],,,,,,,,,True,0.0,,,unanswered,False,,,1789703200422.9854,False,,69,1,,,,,,,,session_20260917_224059,Go-To,
,,,,,,False,,,False,1789703201502.8,,,unknown,[],,[],0,70,[],,,,,,,,,[],,,,,,,,,True,0.0,,,unanswered,False,,,1789703200547.2688,False,,70,1,,,,,,,,session_20260917_224059,Go-To,
,,,,,,False,,,False,1789703201616.3,,,unknown,[],,[],0,71,[],,,,,,,,,[],,,,,,,,,True,0.0,,,unanswered,False,,,1789703200668.4087,False,,71,1,,,,,,,,session_20260917_224059,Go-To,
,,,,,,False,,,False,1789703201752.8,,,unknown,[],,[],0,72,[],,,,,,,,,[],,,,,,,,,True,0.0,,,unanswered,False,,,1789703200796.254,False,,72,1,,,,,,,,session_20260917_224059,Go-To,
,,,,,,False,,,False,1789703209051.9,,,unknown,[],,[],0,73,[],,,,,,,,,[],,,,,,,,,True,0.0,,,unanswered,False,,,1789703200913.4465,False,,73,1,,,,,,,,session_20260917_224059,Go-To,
,,,,,,False,,,False,1789703209051.9,,,unknown,[],,[],0,74,[],,,,,,,,,[],,,,,,,,,True,0.0,,,unanswered,False,,,1789703201033.85,False,,74,1,,,,,,,,session_20260917_224059,Go-To,
,,,,,,False,,,False,1789703209402.2,,,unknown,[],,[],0,75,[],,,,,,,,,[],,,,,,,,,True,0.0,,,unanswered,False,,,1789703201145.7437,False,,75,1,,,,,,,,session_20260917_224059,Go-To,
,,,,,,False,,,False,1789703209402.2,,,unknown,[],,[],0,76,[],,,,,,,,,[],,,,,,,,,True,0.0,,,unanswered,False,,,1789703201266.6792,False,,76,1,,,,,,,,session_20260917_224059,Go-To,
,,,,,,False,,,False,1789703209402.2,,,unknown,[],,[],0,77,[],,,,,,,,,[],,,,,,,,,True,0.0,,,unanswered,False,,,1789703201382.5488,False,,77,1,,,,,,,,session_20260917_224059,Go-To,
,,,,,,False,,,False,1789703209780.8,,,unknown,[],,[],0,78,[],,,,,,,,,[],,,,,,,,,True,0.0,,,unanswered,False,,,1789703201502.7764,False,,78,1,,,,,,,,session_20260917_224059,Go-To,
,,,,,,False,,,False,1789703209780.8,,,unknown,[],,[],0,79,[],,,,,,,,,[],,,,,,,,,True,0.0,,,unanswered,False,,,1789703201616.3167,False,,79,1,,,,,,,,session_20260917_224059,Go-To,
,,,,,,False,,,False,1789703209780.8,,,unknown,[],,[],0,80,[],,,,,,,,,[],,,,,,,,,True,0.0,377.85,detect_loop,unanswered,False,,,1789703201752.7866,False,,80,1,,,,,,,,session_20260917_224059,Go-To,
,,,,,,False,,,False,1789703219527.2,,,unknown,[],,[],0,81,[],,,,,,,,,[],,,,,,,,,True,0.0,,,unanswered,False,,,1789703212206.794,False,,81,1,,,,,,,,session_20260917_224059,Go-To,
,,,,,,False,,,False,1789703220171.1,,,unknown,[],,[],0,82,[],,,,,,,,,[],,,,,,,,,True,0.0,,,unanswered,False,,,1789703213397.0164,False,,82,1,,,,,,,,session_20260917_224059,Go-To,
,,,,,,False,,,False,1789703220284.6,,,unknown,[],,[],0,83,[],,,,,,,,,[],,,,,,,,,True,0.0,,,unanswered,False,,,1789703216966.8926,False,,83,1,,,,,,,,session_20260917_224059,Go-To,
,,,,,,False,,,False,1789703220470.7,,,unknown,[],,[],0,84,[],,,,,,,,,[],,,,,,,,,True,0.0,,,unanswered,False,,,1789703217183.823,False,,84,1,,,,,,,,session_20260917_224059,Go-To,
,,,,,,False,,,False,1789703220575.6,,,unknown,[],,[],0,85,[],,,,,,,,,[],,,,,,,,,True,0.0,,,unanswered,False,,,1789703218332.6658,False,,85,1,,,,,,,,session_20260917_224059,Go-To,
,,,,,,False,,,False,1789703221569.4,,,unknown,[],,[],0,86,[],,,,,,,,,[],,,,,,,,,True,0.0,,,unanswered,False,,,1789703218432.329,False,,86,1,,,,,,,,session_20260917_224059,Go-To,
,,,,,,False,,,False,1789703222189.4,,,unknown,[],,[],0,87,[],,,,,,,,,[],,,,,,,,,True,0.0,,,unanswered,False,,,1789703218891.7688,False,,87,1,,,,,,,,session_20260917_224059,Go-To,
,,,,,,False,,,False,1789703222332.3,,,unknown,[],,[],0,88,[],,,,,,,,,[],,,,,,,,,True,0.0,,,unanswered,False,,,1789703218985.486,False,,88,1,,,,,,,,session_20260917_224059,Go-To,
,,,,,,False,,,False,1789703222426.1,,,unknown,[],,[],0,89,[],,,,,,,,,[],,,,,,,,,True,0.0,,,unanswered,False,,,1789703219527.173,False,,89,1,,,,,,,,session_20260917_224059,Go-To,
,,,,,,False,,,False,1789703222598.2,,,unknown,[],,[],0,90,[],,,,,,,,,[],,,,,,,,,True,0.0,,,unanswered,False,,,1789703220171.1277,False,,90,1,,,,,,,,session_20260917_224059,Go-To,
,,,,,,False,,,False,1789703222711.1,,,unknown,[],,[],0,91,[],,,,,,,,,[],,,,,,,,,True,0.0,,,unanswered,False,,,1789703220284.6191,False,,91,1,,,,,,,,session_20260917_224059,Go-To,
,,,,,,False,,,False,1789703222885.7,,,unknown,[],,[],0,92,[],,,,,,,,,[],,,,,,,,,True,0.0,,,unanswered,False,,,1789703220470.7456,False,,92,1,,,,,,,,session_20260917_224059,Go-To,
,,,,,,False,,,False,1789703222993.0,,,unknown,[],,[],0,93,[],,,,,,,,,[],,,,,,,,,True,0.0,,,unanswered,False,,,1789703220575.6,False,,93,1,,,,,,,,session_20260917_224059,Go-To,
,,,,,,False,,,False,1789703223138.2,,,unknown,[],,[],0,94,[],,,,,,,,,[],,,,,,,,,True,0.0,,,unanswered,False,,,1789703221569.4363,False,,94,1,,,,,,,,session_20260917_224059,Go-To,
,,,,,,False,,,False,1789703223250.7,,,unknown,[],,[],0,95,[],,,,,,,,,[],,,,,,,,,True,0.0,,,unanswered,False,,,1789703222189.4485,False,,95,1,,,,,,,,session_20260917_224059,Go-To,
,,,,,,False,,,False,1789703223421.0,,,unknown,[],,[],0,96,[],,,,,,,,,[],,,,,,,,,True,0.0,,,unanswered,False,,,1789703222332.3337,False,,96,1,,,,,,,,session_20260917_224059,Go-To,
,,,,,,False,,,False,1789703223531.1,,,unknown,[],,[],0,97,[],,,,,,,,,[],,,,,,,,,True,0.0,,,unanswered,False,,,1789703222426.1316,False,,97,1,,,,,,,,session_20260917_224059,Go-To,
,,,,,,False,,,False,1789703223696.9,,,unknown,[],,[],0,98,[],,,,,,,,,[],,,,,,,,,True,0.0,,,unanswered,False,,,1789703222598.1873,False,,98,1,,,,,,,,session_20260917_224059,Go-To,
,,,,,,False,,,False,1789703223817.5,,,unknown,[],,[],0,99,[],,,,,,,,,[],,,,,,,,,True,0.0,,,unanswered,False,,,1789703222711.0505,False,,99,1,,,,,,,,session_20260917_224059,Go-To,
,,,,,,False,,,False,1789703223980.2,,,unknown,[],,[],0,100,[],,,,,,,,,[],,,,,,,,,True,0.0,,,unanswered,False,,,1789703222885.6687,False,,100,1,,,,,,,,session_20260917_224059,Go-To,
,,,,,,False,,,False,1789703224096.8,,,unknown,[],,[],0,101,[],,,,,,,,,[],,,,,,,,,True,0.0,,,unanswered,False,,,1789703222993.0408,False,,101,1,,,,,,,,session_20260917_224059,Go-To,
,,,,,,False,,,False,1789703224241.1,,,unknown,[],,[],0,102,[],,,,,,,,,[],,,,,,,,,True,0.0,,,unanswered,False,,,1789703223138.2275,False,,102,1,,,,,,,,session_20260917_224059,Go-To,
,,,,,,False,,,False,1789703224361.8,,,unknown,[],,[],0,103,[],,,,,,,,,[],,,,,,,,,True,0.0,,,unanswered,False,,,1789703223250.6917,False,,103,1,,,,,,,,session_20260917_224059,Go-To,
,,,,,,False,,,False,1789703224512.3,,,unknown,[],,[],0,104,[],,,,,,,,,[],,,,,,,,,True,0.0,,,unanswered,False,,,1789703223421.014,False,,104,1,,,,,,,,session_20260917_224059,Go-To,
,,,,,,False,,,False,1789703224649.6,,,unknown,[],,[],0,105,[],,,,,,,,,[],,,,,,,,,True,0.0,,,unanswered,False,,,1789703223531.104,False,,105,1,,,,,,,,session_20260917_224059,Go-To,
,,,,,,False,,,False,1789703224786.2,,,unknown,[],,[],0,106,[],,,,,,,,,[],,,,,,,,,True,0.0,,,unanswered,False,,,1789703223696.857,False,,106,1,,,,,,,,session_20260917_224059,Go-To,
,,,,,,False,,,False,1789703224916.2,,,unknown,[],,[],0,107,[],,,,,,,,,[],,,,,,,,,True,0.0,,,unanswered,False,,,1789703223817.481,False,,107,1,,,,,,,,session_20260917_224059,Go-To,
,,,,,,False,,,False,1789703225081.9,,,unknown,[],,[],0,108,[],,,,,,,,,[],,,,,,,,,True,0.0,,,unanswered,False,,,1789703223980.1821,False,,108,1,,,,,,,,session_20260917_224059,Go-To,
,,,,,,False,,,False,1789703225177.7,,,unknown,[],,[],0,109,[],,,,,,,,,[],,,,,,,,,True,0.0,,,unanswered,False,,,1789703224096.8147,False,,109,1,,,,,,,,session_20260917_224059,Go-To,
,,,,,,False,,,False,1789703225354.6,,,unknown,[],,[],0,110,[],,,,,,,,,[],,,,,,,,,True,0.0,,,unanswered,False,,,1789703224241.0828,False,,110,1,,,,,,,,session_20260917_224059,Go-To,
,,,,,,False,,,False,1789703225469.1,,,unknown,[],,[],0,111,[],,,,,,,,,[],,,,,,,,,True,0.0,,,unanswered,False,,,1789703224361.7856,False,,111,1,,,,,,,,session_20260917_224059,Go-To,
,,,,,,False,,,False,1789703225632.2,,,unknown,[],,[],0,112,[],,,,,,,,,[],,,,,,,,,True,0.0,,,unanswered,False,,,1789703224512.3022,False,,112,1,,,,,,,,session_20260917_224059,Go-To,
,,,,,,False,,,False,1789703225765.1,,,unknown,[],,[],0,113,[],,,,,,,,,[],,,,,,,,,True,0.0,,,unanswered,False,,,1789703224649.6047,False,,113,1,,,,,,,,session_20260917_224059,Go-To,
,,,,,,False,,,False,1789703225921.8,,,unknown,[],,[],0,114,[],,,,,,,,,[],,,,,,,,,True,0.0,,,unanswered,False,,,1789703224786.203,False,,114,1,,,,,,,,session_20260917_224059,Go-To,
,,,,,,False,,,False,1789703226034.3,,,unknown,[],,[],0,115,[],,,,,,,,,[],,,,,,,,,True,0.0,,,unanswered,False,,,1789703224916.2087,False,,115,1,,,,,,,,session_20260917_224059,Go-To,
,,,,,,False,,,False,1789703226198.3,,,unknown,[],,[],0,116,[],,,,,,,,,[],,,,,,,,,True,0.0,,,unanswered,False,,,1789703225081.8923,False,,116,1,,,,,,,,session_20260917_224059,Go-To,
,,,,,,False,,,False,1789703226314.0,,,unknown,[],,[],0,117,[],,,,,,,,,[],,,,,,,,,True,0.0,,,unanswered,False,,,1789703225177.679,False,,117,1,,,,,,,,session_20260917_224059,Go-To,
,,,,,,False,,,False,1789703226475.3,,,unknown,[],,[],0,118,[],,,,,,,,,[],,,,,,,,,True,0.0,,,unanswered,False,,,1789703225354.5796,False,,118,1,,,,,,,,session_20260917_224059,Go-To,
,,,,,,False,,,False,1789703226598.4,,,unknown,[],,[],0,119,[],,,,,,,,,[],,,,,,,,,True,0.0,,,unanswered,False,,,1789703225469.0986,False,,119,1,,,,,,,,session_20260917_224059,Go-To,
,,,,,,False,,,False,1789703226771.4,,,unknown,[],,[],0,120,[],,,,,,,,,[],,,,,,,,,True,0.0,,,unanswered,False,,,1789703225632.1807,False,,120,1,,,,,,,,session_20260917_224059,Go-To,
,,,,,,False,,,False,1789703226892.1,,,unknown,[],,[],0,121,[],,,,,,,,,[],,,,,,,,,True,0.0,,,unanswered,False,,,1789703225765.0906,False,,121,1,,,,,,,,session_20260917_224059,Go-To,
,,,,,,False,,,False,1789703227050.7,,,unknown,[],,[],0,122,[],,,,,,,,,[],,,,,,,,,True,0.0,,,unanswered,False,,,1789703225921.8496,False,,122,1,,,,,,,,session_20260917_224059,Go-To,
,,,,,,False,,,False,1789703227167.1,,,unknown,[],,[],0,123,[],,,,,,,,,[],,,,,,,,,True,0.0,,,unanswered,False,,,1789703226034.3054,False,,123,1,,,,,,,,session_20260917_224059,Go-To,
,,,,,,False,,,False,1789703227325.1,,,unknown,[],,[],0,124,[],,,,,,,,,[],,,,,,,,,True,0.0,,,unanswered,False,,,1789703226198.2756,False,,124,1,,,,,,,,session_20260917_224059,Go-To,
,,,,,,False,,,False,1789703227453.9,,,unknown,[],,[],0,125,[],,,,,,,,,[],,,,,,,,,True,0.0,,,unanswered,False,,,1789703226314.0464,False,,125,1,,,,,,,,session_20260917_224059,Go-To,
,,,,,,False,,,False,1789703227619.8,,,unknown,[],,[],0,126,[],,,,,,,,,[],,,,,,,,,True,0.0,,,unanswered,False,,,1789703226475.2908,False,,126,1,,,,,,,,session_20260917_224059,Go-To,
,,,,,,False,,,False,1789703227741.2,,,unknown,[],,[],0,127,[],,,,,,,,,[],,,,,,,,,True,0.0,,,unanswered,False,,,1789703226598.3552,False,,127,1,,,,,,,,session_20260917_224059,Go-To,
,,,,,,False,,,False,1789703227924.2,,,unknown,[],,[],0,128,[],,,,,,,,,[],,,,,,,,,True,0.0,,,unanswered,False,,,1789703226771.4463,False,,128,1,,,,,,,,session_20260917_224059,Go-To,
,,,,,,False,,,False,1789703228052.8,,,unknown,[],,[],0,129,[],,,,,,,,,[],,,,,,,,,True,0.0,,,unanswered,False,,,1789703226892.1255,False,,129,1,,,,,,,,session_20260917_224059,Go-To,
,,,,,,False,,,False,1789703228202.3,,,unknown,[],,[],0,130,[],,,,,,,,,[],,,,,,,,,True,0.0,,,unanswered,False,,,1789703227050.7493,False,,130,1,,,,,,,,session_20260917_224059,Go-To,
,,,,,,False,,,False,1789703228323.8,,,unknown,[],,[],0,131,[],,,,,,,,,[],,,,,,,,,True,0.0,,,unanswered,False,,,1789703227167.1409,False,,131,1,,,,,,,,session_20260917_224059,Go-To,
,,,,,,False,,,False,1789703228494.1,,,unknown,[],,[],0,132,[],,,,,,,,,[],,,,,,,,,True,0.0,,,unanswered,False,,,1789703227325.0994,False,,132,1,,,,,,,,session_20260917_224059,Go-To,
,,,,,,False,,,False,1789703228616.2,,,unknown,[],,[],0,133,[],,,,,,,,,[],,,,,,,,,True,0.0,,,unanswered,False,,,1789703227453.9102,False,,133,1,,,,,,,,session_20260917_224059,Go-To,
,,,,,,False,,,False,1789703228781.8,,,unknown,[],,[],0,134,[],,,,,,,,,[],,,,,,,,,True,0.0,,,unanswered,False,,,1789703227619.756,False,,134,1,,,,,,,,session_20260917_224059,Go-To,
,,,,,,False,,,False,1789703228915.4,,,unknown,[],,[],0,135,[],,,,,,,,,[],,,,,,,,,True,0.0,,,unanswered,False,,,1789703227741.178,False,,135,1,,,,,,,,session_20260917_224059,Go-To,
,,,,,,False,,,False,1789703229068.6,,,unknown,[],,[],0,136,[],,,,,,,,,[],,,,,,,,,True,0.0,,,unanswered,False,,,1789703227924.2368,False,,136,1,,,,,,,,session_20260917_224059,Go-To,
,,,,,,False,,,False,1789703229189.4,,,unknown,[],,[],0,137,[],,,,,,,,,[],,,,,,,,,True,0.0,,,unanswered,False,,,1789703228052.793,False,,137,1,,,,,,,,session_20260917_224059,Go-To,
,,,,,,False,,,False,1789703229359.2,,,unknown,[],,[],0,138,[],,,,,,,,,[],,,,,,,,,True,0.0,,,unanswered,False,,,1789703228202.2861,False,,138,1,,,,,,,,session_20260917_224059,Go-To,
,,,,,,False,,,False,1789703229484.3,,,unknown,[],,[],0,139,[],,,,,,,,,[],,,,,,,,,True,0.0,,,unanswered,False,,,1789703228323.843,False,,139,1,,,,,,,,session_20260917_224059,Go-To,
,,,,,,False,,,False,1789703229655.2,,,unknown,[],,[],0,140,[],,,,,,,,,[],,,,,,,,,True,0.0,,,unanswered,False,,,1789703228494.0762,False,,140,1,,,,,,,,session_20260917_224059,Go-To,
,,,,,,False,,,False,1789703229809.0,,,unknown,[],,[],0,141,[],,,,,,,,,[],,,,,,,,,True,0.0,,,unanswered,False,,,1789703228616.2075,False,,141,1,,,,,,,,session_20260917_224059,Go-To,
,,,,,,False,,,False,1789703229981.2,,,unknown,[],,[],0,142,[],,,,,,,,,[],,,,,,,,,True,0.0,,,unanswered,False,,,1789703228781.7566,False,,142,1,,,,,,,,session_20260917_224059,Go-To,
,,,,,,False,,,False,1789703230101.1,,,unknown,[],,[],0,143,[],,,,,,,,,[],,,,,,,,,True,0.0,,,unanswered,False,,,1789703228915.3909,False,,143,1,,,,,,,,session_20260917_224059,Go-To,
,,,,,,False,,,False,1789703230266.6,,,unknown,[],,[],0,144,[],,,,,,,,,[],,,,,,,,,True,0.0,,,unanswered,False,,,1789703229068.5635,False,,144,1,,,,,,,,session_20260917_224059,Go-To,
,,,,,,False,,,False,1789703230407.8,,,unknown,[],,[],0,145,[],,,,,,,,,[],,,,,,,,,True,0.0,,,unanswered,False,,,1789703229189.387,False,,145,1,,,,,,,,session_20260917_224059,Go-To,
,,,,,,False,,,False,1789703230579.1,,,unknown,[],,[],0,146,[],,,,,,,,,[],,,,,,,,,True,0.0,,,unanswered,False,,,1789703229359.2043,False,,146,1,,,,,,,,session_20260917_224059,Go-To,
,,,,,,False,,,False,1789703230697.5,,,unknown,[],,[],0,147,[],,,,,,,,,[],,,,,,,,,True,0.0,,,unanswered,False,,,1789703229484.2664,False,,147,1,,,,,,,,session_20260917_224059,Go-To,
,,,,,,False,,,False,1789703230858.0,,,unknown,[],,[],0,148,[],,,,,,,,,[],,,,,,,,,True,0.0,,,unanswered,False,,,1789703229655.2268,False,,148,1,,,,,,,,session_20260917_224059,Go-To,
,,,,,,False,,,False,1789703230970.0,,,unknown,[],,[],0,149,[],,,,,,,,,[],,,,,,,,,True,0.0,,,unanswered,False,,,1789703229808.9639,False,,149,1,,,,,,,,session_20260917_224059,Go-To,
,,,,,,False,,,False,1789703231133.9,,,unknown,[],,[],0,150,[],,,,,,,,,[],,,,,,,,,True,0.0,,,unanswered,False,,,1789703229981.1667,False,,150,1,,,,,,,,session_20260917_224059,Go-To,
,,,,,,False,,,False,1789703231285.8,,,unknown,[],,[],0,151,[],,,,,,,,,[],,,,,,,,,True,0.0,,,unanswered,False,,,1789703230101.1143,False,,151,1,,,,,,,,session_20260917_224059,Go-To,
,,,,,,False,,,False,1789703231436.2,,,unknown,[],,[],0,152,[],,,,,,,,,[],,,,,,,,,True,0.0,,,unanswered,False,,,1789703230266.614,False,,152,1,,,,,,,,session_20260917_224059,Go-To,
,,,,,,False,,,False,1789703231598.4,,,unknown,[],,[],0,153,[],,,,,,,,,[],,,,,,,,,True,0.0,,,unanswered,False,,,1789703230407.8113,False,,153,1,,,,,,,,session_20260917_224059,Go-To,
,,,,,,False,,,False,1789703231765.9,,,unknown,[],,[],0,154,[],,,,,,,,,[],,,,,,,,,True,0.0,,,unanswered,False,,,1789703230579.1145,False,,154,1,,,,,,,,session_20260917_224059,Go-To,
,,,,,,False,,,False,1789703231902.5,,,unknown,[],,[],0,155,[],,,,,,,,,[],,,,,,,,,True,0.0,,,unanswered,False,,,1789703230697.5461,False,,155,1,,,,,,,,session_20260917_224059,Go-To,
,,,,,,False,,,False,1789703238955.0,,,unknown,[],,[],0,156,[],,,,,,,,,[],,,,,,,,,True,0.0,,,unanswered,False,,,1789703230858.0464,False,,156,1,,,,,,,,session_20260917_224059,Go-To,
,,,,,,False,,,False,1789703239268.9,,,unknown,[],,[],0,157,[],,,,,,,,,[],,,,,,,,,True,0.0,,,unanswered,False,,,1789703230969.9993,False,,157,1,,,,,,,,session_20260917_224059,Go-To,
,,,,,,False,,,False,1789703239268.9,,,unknown,[],,[],0,158,[],,,,,,,,,[],,,,,,,,,True,0.0,,,unanswered,False,,,1789703231133.8972,False,,158,1,,,,,,,,session_20260917_224059,Go-To,
,,,,,,False,,,False,1789703239590.9,,,unknown,[],,[],0,159,[],,,,,,,,,[],,,,,,,,,True,0.0,,,unanswered,False,,,1789703231285.8428,False,,159,1,,,,,,,,session_20260917_224059,Go-To,
,,,,,,False,,,False,1789703239590.9,,,unknown,[],,[],0,160,[],,,,,,,,,[],,,,,,,,,True,0.0,,,unanswered,False,,,1789703231436.249,False,,160,1,,,,,,,,session_20260917_224059,Go-To,
,,,,,,False,,,False,1789703239914.9,,,unknown,[],,[],0,161,[],,,,,,,,,[],,,,,,,,,True,0.0,,,unanswered,False,,,1789703231598.3809,False,,161,1,,,,,,,,session_20260917_224059,Go-To,
,,,,,,False,,,False,1789703239914.9,,,unknown,[],,[],0,162,[],,,,,,,,,[],,,,,,,,,True,0.0,,,unanswered,False,,,1789703231765.9387,False,,162,1,,,,,,,,session_20260917_224059,Go-To,
,,,,,,False,,,False,1789703239914.9,,,unknown,[],,[],0,163,[],,,,,,,,,[],,,,,,,,,True,0.0,,,unanswered,False,,,1789703231902.5186,False,,163,1,,,,,,,,session_20260917_224059,Go-To,
,,,,,,False,,,False,1789703273845.4,,,unknown,[],,[],0,164,[],,,,,,,,,[],,,,,,,,,True,0.0,330.94,detect_loop,unanswered,False,,,1789703265697.5486,False,,164,1,,,,,,,,session_20260917_224059,Go-To,
,,,124.37,,,False,,,False,1789703348971.4,,OPEN,open,[],22.083,[],0,165,[],,,,,EARLY,673.8,,,[],,,,,,,,,True,0.0,549.43,detect_loop,released,False,,,1789703347389.3547,False,,165,1,,1789703348063.1057,,,,,,session_20260917_224059,Standstill,
,,,,,,False,,,False,1789703353508.3,,,unknown,[],,[],0,166,[],,,,,,,,,[],,,,,,,,,True,0.0,,,disarmed,False,,,1789703352366.4998,False,,166,1,,,,,,,,session_20260917_224059,Right Fade,
,,,,,,False,,,False,1789703365324.3,,,unknown,[],,[],0,167,[],,,,,,,,,[],,,,,,,,,True,0.0,,,disarmed,False,,,1789703364109.6685,False,,167,1,,,,,,,,session_20260917_224059,Left Fade,
,,,,,,False,,,False,1789703431523.5,,,unknown,[],,[],0,168,[],,,,,,,,,[],,,,,,,,,True,0.0,,,disarmed,False,,,1789703430321.2302,False,,168,1,,,,,,,,session_20260917_224059,Right Fade,
,,,,,,False,,,False,1789703432490.0,,,unknown,[],,[],0,169,[],,,,,,,,,[],,,,,,,,,True,0.0,,,disarmed,False,,,1789703431295.2932,False,,169,1,,,,,,,,session_20260917_224059,Right Fade,
,,,,,,False,,,False,1789703433538.8,,,unknown,[],,[],0,170,[],,,,,,,,,[],,,,,,,,,True,0.0,,,disarmed,False,,,1789703432397.909,False,,170,1,,,,,,,,session_20260917_224059,No Dip,
,,,,,,False,,,False,1789703451622.7,,,unknown,[],,[],0,171,[],,,,,,,,,[],,,,,,,,,True,0.0,,,disarmed,False,,,1789703450283.1763,False,,171,1,,,,,,,,session_20260917_224059,Right Fade,
,,,,,,False,,,False,1789703505605.3,,,unknown,[],,[],0,172,[],,,,,,,,,[],,,,,,,,,True,0.0,,,disarmed,False,,,1789703504452.3704,False,,172,1,,,,,,,,session_20260917_224059,Left Fade,
,,,,,,False,,,False,1789703506632.5,,,unknown,[],,[],0,173,[],,,,,,,,,[],,,,,,,,,True,0.0,,,disarmed,False,,,1789703505504.6128,False,,173,1,,,,,,,,session_20260917_224059,Standstill,
,,,,,,False,,,False,1789703520436.4,,,unknown,[],,[],0,174,[],,,,,,,,,[],,,,,,,,,True,0.0,,,disarmed,False,,,1789703519328.9758,False,,174,1,,,,,,,,session_20260917_224059,Post Fade,
,,,,,,False,,,False,1789703548534.6,,,unknown,[],,[],0,175,[],,,,,,,,,[],,,,,,,,,True,0.0,,,disarmed,False,,,1789703547189.411,False,,175,1,,,,,,,,session_20260917_224059,Left Fade,
,,,,,,False,,,False,1789703549311.7,,,unknown,[],,[],0,176,[],,,,,,,,,[],,,,,,,,,True,0.0,,,disarmed,False,,,1789703548164.1345,False,,176,1,,,,,,,,session_20260917_224059,Post Fade,
,,,137.23000000000002,,,False,,,False,1789703560359.8,,OPEN,open,[],25.083,[],0,177,[],,,,,EXCELLENT,640.2,,,[],,,,,,,,,True,0.0,502.97,detect_loop,released,False,,,1789703559024.481,False,,177,1,,1789703559664.6492,,,,,,session_20260917_224059,Standstill,
,,,137.49,,,False,,,False,1789703568776.8,,WIDE OPEN,open,[],25.667,[],0,178,[],,,,,EXCELLENT,699.1,,,[],,,,,,,,,True,0.0,561.61,detect_loop,released,False,,,1789703567297.8801,False,,178,1,,1789703567997.0151,,,,,,session_20260917_224059,Standstill,
,,,136.35000000000002,,,False,,,False,1789703591542.7,,WIDE OPEN,open,[],25.333,[],0,179,[],,,,,EXCELLENT,647.0,,,[],,,,,,,,,True,0.0,510.65,detect_loop,released,False,,,1789703590165.8284,False,,179,1,,1789703590812.8633,,,,,,session_20260917_224059,Standstill,
,,,,,,False,,,False,1789703652934.4,,,unknown,[],,[],0,180,[],,,,,,,,,[],,,,,,,,,True,0.0,,,unanswered,False,,,1789703644931.5923,False,,180,1,,,,,,,,session_20260917_224059,Go-To,
,,,,,,False,,,False,1789703653731.6,,,unknown,[],,[],0,181,[],,,,,,,,,[],,,,,,,,,True,0.0,,,unanswered,False,,,1789703645622.4814,False,,181,1,,,,,,,,session_20260917_224059,Go-To,
,,,135.48000000000002,,,False,,,False,1789703650723.1,,SEMI-OPEN,unknown,[],26.833,[],0,182,[],,,,,LATE,698.9,,,[],,,,,,,,,True,0.0,563.42,detect_loop,released,False,,,1789703649043.855,False,,182,1,,1789703649742.7466,,,,,,session_20260917_224059,Standstill,
,,,,,,False,,,False,1789703654026.1,,,unknown,[],,[],0,183,[],,,,,,,,,[],,,,,,,,,True,0.0,,,disarmed,False,,,1789703652654.7866,False,,183,1,,,,,,,,session_20260917_224059,Right Fade,
,,,,,,False,,,False,1789703654026.1,,,unknown,[],,[],0,184,[],,,,,,,,,[],,,,,,,,,True,0.0,,,disarmed,False,,,1789703652787.9683,False,,184,1,,,,,,,,session_20260917_224059,Right Fade,
,,,,,,False,,,False,1789703654026.1,,,unknown,[],,[],0,185,[],,,,,,,,,[],,,,,,,,,True,0.0,,,disarmed,False,,,1789703652934.4346,False,,185,1,,,,,,,,session_20260917_224059,Right Fade,
,,,,,,False,,,False,1789703654381.7,,,unknown,[],,[],0,186,[],,,,,,,,,[],,,,,,,,,True,0.0,,,disarmed,False,,,1789703653076.1982,False,,186,1,,,,,,,,session_20260917_224059,Right Fade,
,,,,,,False,,,False,1789703654670.8,,,unknown,[],,[],0,187,[],,,,,,,,,[],,,,,,,,,True,0.0,,,disarmed,False,,,1789703653224.6704,False,,187,1,,,,,,,,session_20260917_224059,Right Fade,
,,,153.75,,,False,,,False,1789703670452.9,,WIDE OPEN,open,[],,[],0,188,[],,,,,EXCELLENT,694.0,,,[],,,,,,,,,True,0.0,540.25,detect_loop,released,False,,,1789703668681.5925,False,,188,1,,1789703669375.607,,,,,,session_20260917_224059,Standstill,
,,,,,,False,,,False,1789703688554.1,,,unknown,[],,[],0,189,[],,,,,,,,,[],,,,,,,,,True,0.0,,,disarmed,False,,,1789703687378.6975,False,,189,1,,,,,,,,session_20260917_224059,Right Fade,
,,,,,,False,,,False,1789703690855.2,,,unknown,[],,[],0,190,[],,,,,,,,,[],,,,,,,,,True,0.0,,,disarmed,False,,,1789703689595.8633,False,,190,1,,,,,,,,session_20260917_224059,Right Fade,
,,,,,,False,,,False,1789703929555.8,,,unknown,[],,[],0,191,[],,,,,,,,,[],,,,,,,,,True,0.0,,,disarmed,False,,,1789703927173.782,False,,191,1,,,,,,,,session_20260917_224059,Left Fade,
,,,108.12,,,False,,,False,1789703943132.4,,,unknown,[],,[],0,192,[],,,,,,858.8,,,[],,,,,,,,,True,0.0,750.68,detect_loop,released,False,,,1789703938571.4448,False,,192,1,,1789703939430.288,,,,,,session_20260917_224059,Standstill,
,,,,,,False,,,False,1789703987006.3,,,unknown,[],,[],0,193,[],,,,,,,,,[],,,,,,,,,True,0.0,,,disarmed,False,,,1789703985853.627,False,,193,1,,,,,,,,session_20260917_224059,Left Fade,
,,,,,,False,,,False,1789703988053.1,,,unknown,[],,[],0,194,[],,,,,,,,,[],,,,,,,,,True,0.0,,,disarmed,False,,,1789703986915.3784,False,,194,1,,,,,,,,session_20260917_224059,Post Fade,
,,,,,,False,,,False,1789703999874.1,,,unknown,[],,[],0,195,[],,,,,,,,,[],,,,,,,,,True,0.0,,,disarmed,False,,,1789703998710.3662,False,,195,1,,,,,,,,session_20260917_224059,Left Fade,
,,,,,,False,,,False,1789704001419.5,,,unknown,[],,[],0,196,[],,,,,,,,,[],,,,,,,,,True,0.0,,,disarmed,False,,,1789704000135.4802,False,,196,1,,,,,,,,session_20260917_224059,No Dip,
,,,,,,False,,,False,1789704061949.8,,,unknown,[],,[],0,197,[],,,,,,,,,[],,,,,,,,,True,0.0,,,disarmed,False,,,1789704060662.2546,False,,197,1,,,,,,,,session_20260917_224059,Left Fade,
,,,,,,False,,,False,1789704064500.8,,,unknown,[],,[],0,198,[],,,,,,,,,[],,,,,,,,,True,0.0,,,disarmed,False,,,1789704063326.8933,False,,198,1,,,,,,,,session_20260917_224059,Left Fade,
,,,,,,False,,,False,1789704227669.1,,,unknown,[],,[],0,199,[],,,,,,,,,[],,,,,,,,,True,0.0,,,disarmed,False,,,1789704226451.6577,False,,199,1,,,,,,,,session_20260917_224059,Post Fade,
,,,,,,False,,,False,1789704263365.9,,,unknown,[],,[],0,200,[],,,,,,,,,[],,,,,,,,,True,0.0,,,disarmed,False,,,1789704262147.8938,False,,200,1,,,,,,,,session_20260917_224059,Left Fade,
,,,,,,False,,,False,1789704295690.0,,,unknown,[],,[],0,201,[],,,,,,,,,[],,,,,,,,,True,0.0,,,unanswered,False,,,1789704287495.3772,False,,201,1,,,,,,,,session_20260917_224059,Go-To,
,,,114.65000000000009,,,False,,,False,1789704290158.8,,WIDE OPEN,open,[],26.0,[],0,202,[],,,,,EXCELLENT,731.7,,,[],,,,,,,,,True,0.0,617.05,detect_loop,released,False,,,1789704288647.9326,False,,202,1,,1789704289379.5886,,,,,,session_20260917_224059,Standstill,
,,,134.15999999999997,,,False,,,False,1789704323076.7,,WIDE OPEN,open,[],,[],0,203,[],,,,,EXCELLENT,696.4,,,[],,,,,,,,,True,0.0,562.24,detect_loop,released,False,,,1789704321681.2913,False,,203,1,,1789704322377.649,,,,,,session_20260917_224059,Standstill,
,,,129.0,,,False,,,False,1789704347840.6,,SEMI-OPEN,unknown,[],28.917,[],0,204,[],,,,,LATE,800.6,,,[],,,,,,,,,True,0.0,671.6,detect_loop,released,False,,,1789704345925.476,False,,204,1,,1789704346726.1257,,,,,,session_20260917_224059,Standstill,
,,,,,,False,,,False,1789704380796.8,,,unknown,[],,[],0,205,[],,,,,,,,,[],,,,,,,,,True,0.0,,,unanswered,False,,,1789704372787.918,False,,205,1,,,,,,,,session_20260917_224059,Go-To,
,,,177.51,,,False,,,False,1789704376827.2,,WIDE OPEN,open,[],24.833,[],0,206,[],,,,,LATE,700.2,,,[],,,,,,,,,True,0.0,522.69,detect_loop,released,False,,,1789704375300.4087,False,,206,1,,1789704376000.5984,,,,,,session_20260917_224059,Standstill,
,,,,,,False,,,False,1789704380499.1,,,unknown,[],,[],0,207,[],,,,,,,,,[],,,,,,,,,True,0.0,,,disarmed,False,,,1789704379141.3347,False,,207,1,,,,,,,,session_20260917_224059,Left Fade,
,,,,,,False,,,False,1789704389137.1,,,unknown,[],,[],0,208,[],,,,,,,,,[],,,,,,,,,True,0.0,,,disarmed,False,,,1789704387841.8533,False,,208,1,,,,,,,,session_20260917_224059,Post Fade,
,,,,,,False,,,False,1789704414449.6,,,unknown,[],,[],0,209,[],,,,,,,,,[],,,,,,,,,True,0.0,,,disarmed,False,,,1789704413252.8655,False,,209,1,,,,,,,,session_20260917_224059,Left Fade,
,,,128.9699999999999,,,False,,,False,1789704436636.1,,WIDE OPEN,open,[],23.25,[],0,210,[],,,,,EXCELLENT,652.3,,,[],,,,,,,,,True,0.0,523.33,detect_loop,released,False,,,1789704435203.2734,False,,210,1,,1789704435855.6223,,,,,,session_20260917_224059,Standstill,
,,,,,,False,,,False,1789704613956.4,,,unknown,[],,[],0,211,[],,,,,,,,,[],,,,,,,,,True,0.0,,,disarmed,False,,,1789704612702.3323,False,,211,1,,,,,,,,session_20260917_224059,Left Fade,
,,,94.88,,,False,,,False,1789704659540.5,,OPEN,open,[],10.667,[],0,212,[],,,,,EXCELLENT,1069.2,,,[],,,,,,,,,True,0.0,974.32,detect_loop,released,False,,,1789704657466.4685,False,,212,1,,1789704658535.708,,,,,,session_20260917_224059,Left Fade,
,,,,,,False,,,False,1789704676873.7,,,unknown,[],,[],0,213,[],,,,,,,,,[],,,,,,,,,True,0.0,,,unanswered,False,,,1789704668728.2427,False,,213,1,,,,,,,,session_20260917_224059,Go-To,
,,,,,,False,,,False,1789704677957.3,,,unknown,[],,[],0,214,[],,,,,,,,,[],,,,,,,,,True,0.0,,,unanswered,False,,,1789704669855.604,False,,214,1,,,,,,,,session_20260917_224059,Go-To,
,,,,,,False,,,False,1789704675766.7,,,unknown,[],,[],0,215,[],,,,,,,,,[],,,,,,,,,True,0.0,,,disarmed,False,,,1789704674536.4348,False,,215,1,,,,,,,,session_20260917_224059,Right Fade,
,,,,,,False,,,False,1789704675766.7,,,unknown,[],,[],0,216,[],,,,,,,,,[],,,,,,,,,True,0.0,,,disarmed,False,,,1789704674635.3435,False,,216,1,,,,,,,,session_20260917_224059,Right Fade,
,,,134.51999999999998,,,False,,,False,1789704691913.4,,,unknown,[],,[],0,217,[],,,,,,1297.2,,,[],,,,,,,,,True,0.0,1162.68,detect_loop,released,False,,,1789704686979.555,False,,217,1,,1789704688276.7788,,,,,,session_20260917_224059,Left Fade,
,,,,,,False,,,False,1789704704164.6,,,unknown,[],,[],0,218,[],,,,,,,,,[],,,,,,,,,True,0.0,,,disarmed,False,,,1789704702883.3206,False,,218,1,,,,,,,,session_20260917_224059,Left Fade,
,,,,,,False,,,False,1789704708358.6,,,unknown,[],,[],0,219,[],,,,,,,,,[],,,,,,,,,True,0.0,,,disarmed,False,,,1789704707136.499,False,,219,1,,,,,,,,session_20260917_224059,Right Fade,
,,,,,,False,,,False,1789704722434.4,,,unknown,[],,[],0,220,[],,,,,,,,,[],,,,,,,,,True,0.0,,,disarmed,False,,,1789704721143.734,False,,220,1,,,,,,,,session_20260917_224059,Right Fade,
,,,132.62,,,False,,,False,1789704738589.3,,WIDE OPEN,open,[],28.25,[],0,221,[],,,,,EXCELLENT,747.8,,,[],,,,,,,,,True,0.0,615.18,detect_loop,released,False,,,1789704736939.8472,False,,221,1,,1789704737687.672,,,,,,session_20260917_224059,Standstill,
,,,136.27999999999997,,,False,,,False,1789704749939.0,,OPEN,open,[],25.917,[],0,222,[],,,,,EXCELLENT,656.0,,,[],,,,,,,,,True,0.0,519.72,detect_loop,released,False,,,1789704748467.827,False,,222,1,,1789704749123.792,,,,,,session_20260917_224059,Standstill,
,,,136.54000000000008,,,False,,,False,1789704759202.6,,LIGHT CONTEST,contested,[],26.917,[],0,223,[],,,,,LATE,671.2,,,[],,,,,,,,,True,0.0,534.66,detect_loop,released,False,,,1789704757201.6667,False,,223,1,,1789704757872.9128,,,,,,session_20260917_224059,Standstill,
,,,,,,False,,,False,1789704762144.4,,,unknown,[],,[],0,224,[],,,,,,,,,[],,,,,,,,,True,0.0,,,disarmed,False,,,1789704760926.1235,False,,224,1,,,,,,,,session_20260917_224059,Right Fade,
,,,,,,False,,,False,1789704762144.4,,,unknown,[],,[],0,225,[],,,,,,,,,[],,,,,,,,,True,0.0,,,disarmed,False,,,1789704761055.3313,False,,225,1,,,,,,,,session_20260917_224059,Left Fade,
,,,,,,False,,,False,1789704762502.2,,,unknown,[],,[],0,226,[],,,,,,,,,[],,,,,,,,,True,0.0,,,disarmed,False,,,1789704761184.9976,False,,226,1,,,,,,,,session_20260917_224059,Left Fade,
,,,,,,False,,,False,1789704783129.6,,,unknown,[],,[],0,227,[],,,,,,,,,[],,,,,,,,,True,0.0,,,disarmed,False,,,1789704781986.8926,False,,227,1,,,,,,,,session_20260917_224059,Standstill,
,,,,,,False,,,False,1789704802463.8,,,unknown,[],,[],0,228,[],,,,,,,,,[],,,,,,,,,True,0.0,,,disarmed,False,,,1789704801242.332,False,,228,1,,,,,,,,session_20260917_224059,Right Fade,
,,,133.57000000000005,,,False,,,False,1789704808066.6,,WIDE OPEN,open,[],24.25,[],0,229,[],,,,,EXCELLENT,717.0,,,[],,,,,,,,,True,0.0,583.43,detect_loop,released,False,,,1789704806614.8428,False,,229,1,,1789704807331.8022,,,,,,session_20260917_224059,Standstill,
,,,,,,False,,,False,1789704826657.3,,,unknown,[],,[],0,230,[],,,,,,,,,[],,,,,,,,,True,0.0,,,unanswered,False,,,1789704818607.004,False,,230,1,,,,,,,,session_20260917_224059,Go-To,
,,,,,,False,,,False,1789704827951.5,,,unknown,[],,[],0,231,[],,,,,,,,,[],,,,,,,,,True,0.0,,,unanswered,False,,,1789704819931.765,False,,231,1,,,,,,,,session_20260917_224059,Go-To,
,,,,,,False,,,False,1789704829758.5,,,unknown,[],,[],0,232,[],,,,,,,,,[],,,,,,,,,True,0.0,,,unanswered,False,,,1789704821536.5603,False,,232,1,,,,,,,,session_20260917_224059,Go-To,
,,,,,,False,,,False,1789704831035.1,,,unknown,[],,[],0,233,[],,,,,,,,,[],,,,,,,,,True,0.0,,,unanswered,False,,,1789704822959.706,False,,233,1,,,,,,,,session_20260917_224059,Go-To,
,,,,,,False,,,False,1789704831333.8,,,unknown,[],,[],0,234,[],,,,,,,,,[],,,,,,,,,True,0.0,,,disarmed,False,,,1789704830058.969,False,,234,1,,,,,,,,session_20260917_224059,Right Fade,
,,,,,,False,,,False,1789704836665.3,,,unknown,[],,[],0,235,[],,,,,,,,,[],,,,,,,,,True,0.0,,,disarmed,False,,,1789704835402.1077,False,,235,1,,,,,,,,session_20260917_224059,Post Fade,
,,,,,,False,,,False,1789704850241.1,,,unknown,[],,[],0,236,[],,,,,,,,,[],,,,,,,,,True,0.0,,,disarmed,False,,,1789704849039.329,False,,236,1,,,,,,,,session_20260917_224059,Left Fade,
,,,,,,False,,,False,1789704878105.7,,,unknown,[],,[],0,237,[],,,,,,,,,[],,,,,,,,,True,0.0,,,disarmed,False,,,1789704876891.4497,False,,237,1,,,,,,,,session_20260917_224059,Left Fade,
,,,,,,False,,,False,1789704913470.7,,,unknown,[],,[],0,238,[],,,,,,,,,[],,,,,,,,,True,0.0,,,disarmed,False,,,1789704912213.8008,False,,238,1,,,,,,,,session_20260917_224059,Left Fade,
,,,,,,False,,,False,1789704914008.9,,,unknown,[],,[],0,239,[],,,,,,,,,[],,,,,,,,,True,0.0,,,disarmed,False,,,1789704912367.294,False,,239,1,,,,,,,,session_20260917_224059,Left Fade,
,,,,,,False,,,False,1789704946330.1,,,unknown,[],,[],0,240,[],,,,,,,,,[],,,,,,,,,True,0.0,,,unanswered,False,,,1789704938147.3628,False,,240,1,,,,,,,,session_20260917_224059,Go-To,
,,,132.87,,,False,,,False,1789704940272.9,,WIDE OPEN,open,[],,[],0,241,[],,,,,EXCELLENT,649.1,,,[],,,,,,,,,True,0.0,516.23,detect_loop,released,False,,,1789704938957.9802,False,,241,1,,1789704939607.1196,,,,,,session_20260917_224059,Standstill,
,,,,,,False,,,False,1789704963168.0,,,unknown,[],,[],0,242,[],,,,,,,,,[],,,,,,,,,True,0.0,,,disarmed,False,,,1789704961663.3223,False,,242,1,,,,,,,,session_20260917_224059,Standstill,
,,,,,,False,,,False,1789704971028.2,,,unknown,[],,[],0,243,[],,,,,,,,,[],,,,,,,,,True,0.0,,,unanswered,False,,,1789704962857.0764,False,,243,1,,,,,,,,session_20260917_224059,Go-To,
,,,,,,False,,,False,1789704968977.1,,,unknown,[],,[],0,244,[],,,,,,,,,[],,,,,,,,,True,0.0,,,disarmed,False,,,1789704967600.6733,False,,244,1,,,,,,,,session_20260917_224059,Standstill,
,,,,,,False,,,False,1789704987367.0,,,unknown,[],,[],0,245,[],,,,,,,,,[],,,,,,,,,True,0.0,,,disarmed,False,,,1789704986102.48,False,,245,1,,,,,,,,session_20260917_224059,Left Fade,
,,,,,,False,,,False,1789705003057.4,,,unknown,[],,[],0,246,[],,,,,,,,,[],,,,,,,,,True,0.0,,,disarmed,False,,,1789705001882.3423,False,,246,1,,,,,,,,session_20260917_224059,Post Fade,
,,,,,,False,,,False,1789705243373.5,,,unknown,[],,[],0,247,[],,,,,,,,,[],,,,,,,,,True,0.0,,,disarmed,False,,,1789705242174.5598,False,,247,1,,,,,,,,session_20260917_224059,Right Fade,
,,,,,,False,,,False,1789705246419.7,,,unknown,[],,[],0,248,[],,,,,,,,,[],,,,,,,,,True,0.0,,,disarmed,False,,,1789705245083.029,False,,248,1,,,,,,,,session_20260917_224059,Post Fade,
,,,124.5,,,False,,,False,1789705271480.3,,OPEN,open,[],26.0,[],0,249,[],,,,,EXCELLENT,647.3,,,[],,,,,,,,,True,0.0,522.8,detect_loop,released,False,,,1789705270080.859,False,,249,1,,1789705270728.1768,,,,,,session_20260917_224059,Standstill,
,,,,,,False,,,False,1789705289717.7,,,unknown,[],,[],0,250,[],,,,,,,,,[],,,,,,,,,True,0.0,,,unanswered,False,,,1789705281649.7988,False,,250,1,,,,,,,,session_20260917_224059,Go-To,
,,,91.78999999999996,,,False,,,False,1789705284434.7,,WIDE OPEN,open,[],20.667,[],0,251,[],,,,,EXCELLENT,646.4,,,[],,,,,,,,,True,0.0,554.61,detect_loop,released,False,,,1789705282997.7288,False,,251,1,,1789705283644.1682,,,,,,session_20260917_224059,Standstill,
,,,143.35000000000002,,,False,,,False,1789705306394.7,,WIDE OPEN,open,[],22.667,[],0,252,[],,,,,EXCELLENT,921.2,,,[],,,,,,,,,True,0.0,777.85,detect_loop,released,False,,,1789705304718.9531,False,,252,1,,1789705305640.1375,,,,,,session_20260917_224059,Left Fade,
,,,,,,False,,,False,1789705323594.4,,,unknown,[],,[],0,253,[],,,,,,,,,[],,,,,,,,,True,0.0,,,unanswered,False,,,1789705315559.5867,False,,253,1,,,,,,,,session_20260917_224059,Go-To,
,,,,,,False,,,False,1789705325204.6,,,unknown,[],,[],0,254,[],,,,,,,,,[],,,,,,,,,True,0.0,,,unanswered,False,,,1789705317119.519,False,,254,1,,,,,,,,session_20260917_224059,Go-To,
,,,123.40000000000009,,,False,,,False,1789705319614.5,,LIGHT CONTEST,contested,[],24.083,[],0,255,[],,,,,EXCELLENT,639.2,,,[],,,,,,,,,True,0.0,515.8,detect_loop,released,False,,,1789705318019.0654,False,,255,1,,1789705318658.2292,,,,,,session_20260917_224059,Standstill,
,,,396.90000000000003,,,False,,,False,1789705356809.6,,OPEN,open,[],26.75,[],0,256,[],,,,,LATE,662.2,,,[],,,,,,,,,True,0.0,265.3,detect_loop,released,False,,,1789705352557.771,False,,256,1,,1789705353219.934,,,,,,session_20260917_224059,Standstill,
,,,,,,False,,,False,1789705358381.3,,,unknown,[],,[],0,257,[],,,,,,,,,[],,,,,,,,,True,0.0,,,disarmed,False,,,1789705357023.7231,False,,257,1,,,,,,,,session_20260917_224059,Right Fade,
,,,,,,False,,,False,1789705362596.0,,,unknown,[],,[],0,258,[],,,,,,,,,[],,,,,,,,,True,0.0,,,disarmed,False,,,1789705361284.8076,False,,258,1,,,,,,,,session_20260917_224059,Right Fade,
,,,102.79000000000008,,,False,,,False,1789705380926.5,,WIDE OPEN,open,[],19.917,[],0,259,[],,,,,EARLY,1122.4,,,[],,,,,,,,,True,0.0,1019.61,detect_loop,released,False,,,1789705378775.0408,False,,259,1,,1789705379897.405,,,,,,session_20260917_224059,Left Fade,
,,,,,,False,,,False,1789705410463.8,,,unknown,[],,[],0,260,[],,,,,,,,,[],,,,,,,,,True,0.0,,,disarmed,False,,,1789705409348.121,False,,260,1,,,,,,,,session_20260917_224059,Right Fade,
,,,,,,False,,,False,1789705437915.7,,,unknown,[],,[],0,261,[],,,,,,,,,[],,,,,,,,,True,0.0,,,disarmed,False,,,1789705436643.047,False,,261,1,,,,,,,,session_20260917_224059,Post Fade,
,,,,,,False,,,False,1789705465053.1,,,unknown,[],,[],0,262,[],,,,,,,,,[],,,,,,,,,True,0.0,,,disarmed,False,,,1789705463924.8826,False,,262,1,,,,,,,,session_20260917_224059,Post Fade,
,,,,,,False,,,False,1789705490931.0,,,unknown,[],,[],0,263,[],,,,,,,,,[],,,,,,,,,True,0.0,,,disarmed,False,,,1789705489679.7744,False,,263,1,,,,,,,,session_20260917_224059,Left Fade,
,,,,,,False,,,False,1789705511054.8,,,unknown,[],,[],0,264,[],,,,,,,,,[],,,,,,,,,True,0.0,,,unanswered,False,,,1789705502853.5103,False,,264,1,,,,,,,,session_20260917_224059,Go-To,
,,,,,,False,,,False,1789705506856.9,,,unknown,[],,[],0,265,[],,,,,,,,,[],,,,,,,,,True,0.0,519.58,detect_loop,disarmed,False,,,1789705504364.9553,False,,265,1,,,,,,,,session_20260917_224059,Standstill,
,,,,,,False,,,False,1789705527205.2,,,unknown,[],,[],0,266,[],,,,,,,,,[],,,,,,,,,True,0.0,1154.59,detect_loop,disarmed,False,,,1789705524793.5178,False,,266,1,,,,,,,,session_20260917_224059,Standstill,
,,,,,,False,,,False,1789705537524.4,,,unknown,[],,[],0,267,[],,,,,,,,,[],,,,,,,,,True,0.0,,,disarmed,False,,,1789705536241.4504,False,,267,1,,,,,,,,session_20260917_224059,Left Fade,
,,,134.08000000000004,,,False,,,False,1789705560842.8,,SEMI-OPEN,unknown,[],25.5,[],0,268,[],,,,,EXCELLENT,637.2,,,[],,,,,,,,,True,0.0,503.12,detect_loop,released,False,,,1789705559423.68,False,,268,1,,1789705560060.9172,,,,,,session_20260917_224059,Standstill,
,,,,,,False,,,False,1789705573663.4,,,unknown,[],,[],0,269,[],,,,,,,,,[],,,,,,,,,True,0.0,,,disarmed,False,,,1789705572486.2207,False,,269,1,,,,,,,,session_20260917_224059,Standstill,
,,,,,,False,,,False,1789705596517.2,,,unknown,[],,[],0,270,[],,,,,,,,,[],,,,,,,,,True,0.0,,,disarmed,False,,,1789705595254.0286,False,,270,1,,,,,,,,session_20260917_224059,Standstill,
,,,,,,False,,,False,1789705688025.5,,,unknown,[],,[],0,271,[],,,,,,,,,[],,,,,,,,,True,0.0,,,disarmed,False,,,1789705686874.0044,False,,271,1,,,,,,,,session_20260917_224059,Right Fade,
,,,,,,False,,,False,1789705691825.1,,,unknown,[],,[],0,272,[],,,,,,,,,[],,,,,,,,,True,0.0,,,disarmed,False,,,1789705690645.2935,False,,272,1,,,,,,,,session_20260917_224059,Right Fade,
,,,,,,False,,,False,1789705722187.3,,,unknown,[],,[],0,273,[],,,,,,,,,[],,,,,,,,,True,0.0,,,disarmed,False,,,1789705720877.5442,False,,273,1,,,,,,,,session_20260917_224059,Left Fade,
,,,,,,False,,,False,1789705728237.9,,,unknown,[],,[],0,274,[],,,,,,,,,[],,,,,,,,,True,0.0,,,disarmed,False,,,1789705726933.2693,False,,274,1,,,,,,,,session_20260917_224059,Standstill,
,,,,,,False,,,False,1789705729538.3,,,unknown,[],,[],0,275,[],,,,,,,,,[],,,,,,,,,True,0.0,,,disarmed,False,,,1789705728385.2764,False,,275,1,,,,,,,,session_20260917_224059,Left Fade,
,,,122.31999999999994,,,False,,,False,1789705760783.4,,WIDE OPEN,open,[],25.25,[],0,276,[],,,,,LATE,714.8,,,[],,,,,,,,,True,0.0,592.48,detect_loop,released,False,,,1789705759141.4075,False,,276,1,,1789705759856.18,,,,,,session_20260917_224059,Standstill,
,,,,,,False,,,False,1789705763829.3,,,unknown,[],,[],0,277,[],,,,,,,,,[],,,,,,,,,True,0.0,,,disarmed,False,,,1789705762629.3914,False,,277,1,,,,,,,,session_20260917_224059,Right Fade,
,,,,,,False,,,False,1789705764875.3,,,unknown,[],,[],0,278,[],,,,,,,,,[],,,,,,,,,True,0.0,,,disarmed,False,,,1789705763578.3965,False,,278,1,,,,,,,,session_20260917_224059,Left Fade,
,,,141.36,,,False,,,False,1789705802367.7,,WIDE OPEN,open,[],26.917,[],0,279,[],,,,,EXCELLENT,684.5,,,[],,,,,,,,,True,0.0,543.14,detect_loop,released,False,,,1789705800821.1912,False,,279,1,,1789705801505.6528,,,,,,session_20260917_224059,Standstill,
,,,127.12,,,False,,,False,1789705813016.6,,WIDE OPEN,open,[],26.667,[],0,280,[],,,,,EXCELLENT,645.1,,,[],,,,,,,,,True,0.0,517.98,detect_loop,released,False,,,1789705811562.675,False,,280,1,,1789705812207.8164,,,,,,session_20260917_224059,Standstill,
,,,,,,False,,,False,1789705844396.5,,,unknown,[],,[],0,281,[],,,,,,,,,[],,,,,,,,,True,0.0,,,unanswered,False,,,1789705836359.6904,False,,281,1,,,,,,,,session_20260917_224059,Go-To,
,,,,,,False,,,False,1789705846691.7,,,unknown,[],,[],0,282,[],,,,,,,,,[],,,,,,,,,True,0.0,,,unanswered,False,,,1789705838531.905,False,,282,1,,,,,,,,session_20260917_224059,Go-To,
,,,,,,False,,,False,1789705841365.3,,,unknown,[],,[],0,283,[],,,,,,,,,[],,,,,,,,,True,0.0,,,disarmed,False,,,1789705839348.3835,False,,283,1,,,,,,,,session_20260917_224059,Standstill,
,,,110.36000000000001,,,False,,,False,1789705843347.3,,,unknown,[],,[],0,284,[],,,,,EXCELLENT,977.2,,,[],,,,,,,,,True,0.0,866.84,detect_loop,released,False,,,1789705841395.7446,False,,284,1,,1789705842372.9011,,,,,,session_20260917_224059,Right Fade,
,,,,,,False,,,False,1789705859165.5,,,unknown,[],,[],0,285,[],,,,,,,,,[],,,,,,,,,True,0.0,,,unanswered,False,,,1789705851013.0156,False,,285,1,,,,,,,,session_20260917_224059,Go-To,
,,,154.20000000000005,,,False,,,False,1789705853844.5,,LIGHT CONTEST,contested,[],28.0,[],0,286,[],,,,,LATE,713.5,,,[],,,,,,,,,True,0.0,559.3,detect_loop,released,False,,,1789705851786.4045,False,,286,1,,1789705852499.876,,,,,,session_20260917_224059,Standstill,
,,,126.38999999999993,,,False,,,False,1789705886343.7,,BOTHERED,unknown,[],26.333,[],0,287,[],,,,,EXCELLENT,626.3,,,[],,,,,,,,,True,0.0,499.91,detect_loop,released,False,,,1789705884694.864,False,,287,1,,1789705885321.137,,,,,,session_20260917_224059,Standstill,
,,,143.71000000000004,,,False,,,False,1789705898995.6,,LIGHT CONTEST,contested,[],22.75,[],0,288,[],,,,,LATE,2218.8,,,[],,,,,,,,,True,0.0,2075.09,detect_loop,released,False,,,1789705895534.9065,False,,288,1,,1789705897753.728,,,,,,session_20260917_224059,Go-To,
,,,,,,False,,,False,1789705902055.6,,,unknown,[],,[],0,289,[],,,,,,,,,[],,,,,,,,,True,0.0,,,disarmed,False,,,1789705900723.2915,False,,289,1,,,,,,,,session_20260917_224059,Right Fade,
,,,125.38999999999993,,,False,,,False,1789705910945.5,,OPEN,open,[],24.083,[],0,290,[],,,,,EXCELLENT,634.8,,,[],,,,,,,,,True,0.0,509.41,detect_loop,released,False,,,1789705909571.3894,False,,290,1,,1789705910206.1702,,,,,,session_20260917_224059,Standstill,
,,,118.38999999999999,,,False,,,False,1789706048648.9,,WIDE OPEN,open,[],27.5,[],0,291,[],,,,,EXCELLENT,633.6,,,[],,,,,,,,,True,0.0,515.21,detect_loop,released,False,,,1789706047134.3838,False,,291,1,,1789706047767.9983,,,,,,session_20260917_224059,Standstill,
,,,123.12,,,False,,,False,1789706060414.0,,SEMI-OPEN,unknown,[],23.75,[],0,292,[],,,,,EXCELLENT,671.5,,,[],,,,,,,,,True,0.0,548.38,detect_loop,released,False,,,1789706058845.1858,False,,292,1,,1789706059516.6633,,,,,,session_20260917_224059,Standstill,
,,,124.0,,,False,,,False,1789706069477.2,,WIDE OPEN,open,[],26.917,[],0,293,[],,,,,EXCELLENT,653.7,,,[],,,,,,,,,True,0.0,529.7,detect_loop,released,False,,,1789706068046.1929,False,,293,1,,1789706068699.9075,,,,,,session_20260917_224059,Standstill,
,,,105.29999999999995,,,False,,,False,1789706093544.0,,LIGHT CONTEST,contested,[],23.75,[],0,294,[],,,,,EARLY,638.0,,,[],,,,,,,,,True,0.0,532.7,detect_loop,released,False,,,1789706091694.7822,False,,294,1,,1789706092332.8047,,,,,,session_20260917_224059,Standstill,
,,,,,,False,,,False,1789706176074.2,,,unknown,[],,[],0,295,[],,,,,,,,,[],,,,,,,,,True,0.0,,,disarmed,False,,,1789706174751.5037,False,,295,1,,,,,,,,session_20260917_224059,Standstill,
,,,153.31,,,False,,,False,1789706269923.2,,WIDE OPEN,open,[],25.583,[],0,296,[],,,,,LATE,653.9,,,[],,,,,,,,,True,0.0,500.59,detect_loop,released,False,,,1789706268423.5337,False,,296,1,,1789706269077.433,,,,,,session_20260917_224059,Standstill,
,,,,,,False,,,False,1789706286609.6,,,unknown,[],,[],0,297,[],,,,,,,,,[],,,,,,,,,True,0.0,,,disarmed,False,,,1789706285493.2764,False,,297,1,,,,,,,,session_20260917_224059,Right Fade,
,,,,,,False,,,False,1789706359976.6,,,unknown,[],,[],0,298,[],,,,,,,,,[],,,,,,,,,True,0.0,,,disarmed,False,,,1789706358864.9885,False,,298,1,,,,,,,,session_20260917_224059,Post Fade,
,,,116.42999999999995,,,False,,,False,1789706369412.3,,SEMI-OPEN,unknown,[],24.917,[],0,299,[],,,,,LATE,770.9,,,[],,,,,,,,,True,0.0,654.47,detect_loop,released,False,,,1789706367360.6719,False,,299,1,,1789706368131.5896,,,,,,session_20260917_224059,Standstill,
,,,,,,False,,,False,1789706398011.5,,,unknown,[],,[],0,300,[],,,,,,,,,[],,,,,,,,,True,0.0,,,disarmed,False,,,1789706396656.4165,False,,300,1,,,,,,,,session_20260917_224059,Right Fade,
,,,,,,False,,,False,1789706404530.9,,,unknown,[],,[],0,301,[],,,,,,,,,[],,,,,,,,,True,0.0,,,disarmed,False,,,1789706403427.4277,False,,301,1,,,,,,,,session_20260917_224059,Post Fade,
,,,102.28999999999996,,,False,,,False,1789706424090.3,,,unknown,[],,[],0,302,[],,,,,,895.9,,,[],,,,,,,,,True,0.0,793.61,detect_loop,released,False,,,1789706419485.6729,False,,302,1,,1789706420381.6172,,,,,,session_20260917_224059,Left Fade,
,,,,,,False,,,False,1789706457496.0,,,unknown,[],,[],0,303,[],,,,,,,,,[],,,,,,,,,True,0.0,1945.55,detect_loop,unanswered,False,,,1789706449348.553,False,,303,1,,,,,,,,session_20260917_224059,Go-To,
,,,,,,False,,,False,1789706459873.9,,,unknown,[],,[],0,304,[],,,,,,,,,[],,,,,,,,,True,0.0,,,disarmed,False,,,1789706458536.6265,False,,304,1,,,,,,,,session_20260917_224059,Left Fade,
,,,,,,False,,,False,1789706546279.1,,,unknown,[],,[],0,305,[],,,,,,,,,[],,,,,,,,,True,0.0,,,unanswered,False,,,1789706538115.0068,False,,305,1,,,,,,,,session_20260917_224059,Go-To,
,,,137.77999999999997,,,False,,,False,1789706543119.7,,WIDE OPEN,open,[],24.083,[],0,306,[],,,,,LATE,710.8,,,[],,,,,,,,,True,0.0,573.02,detect_loop,released,False,,,1789706541503.2332,False,,306,1,,1789706542214.0618,,,,,,session_20260917_224059,Standstill,
,,,,,,False,,,False,1789706546572.9,,,unknown,[],,[],0,307,[],,,,,,,,,[],,,,,,,,,True,0.0,,,disarmed,False,,,1789706545492.0876,False,,307,1,,,,,,,,session_20260917_224059,Left Fade,
,,,114.40999999999997,,,False,,,False,1789706570551.2,,SEMI-OPEN,unknown,[],21.417,[],0,308,[],,,,,LATE,768.6,,,[],,,,,,,,,True,0.0,654.19,detect_loop,released,False,,,1789706568529.834,False,,308,1,,1789706569298.4685,,,,,,session_20260917_224059,Standstill,
,,,,,,False,,,False,1789706579440.7,,,unknown,[],,[],0,309,[],,,,,,,,,[],,,,,,,,,True,0.0,,,disarmed,False,,,1789706578246.9058,False,,309,1,,,,,,,,session_20260917_224059,Left Fade,
,,,,,,False,,,False,1789706580536.7,,,unknown,[],,[],0,310,[],,,,,,,,,[],,,,,,,,,True,0.0,,,disarmed,False,,,1789706579440.6956,False,,310,1,,,,,,,,session_20260917_224059,No Dip,
,,,,,,False,,,False,1789706710909.2,,,unknown,[],,[],0,311,[],,,,,,,,,[],,,,,,,,,True,0.0,,,unanswered,False,,,1789706702875.9658,False,,311,1,,,,,,,,session_20260917_224059,Go-To,
,,,,,,False,,,False,1789706707074.0,,,unknown,[],,[],0,312,[],,,,,,,,,[],,,,,,,,,True,0.0,,,disarmed,False,,,1789706705801.5615,False,,312,1,,,,,,,,session_20260917_224059,Left Fade,
,,,51.360000000000014,,,False,,,False,1789706708106.3,,OPEN,open,[],,[],0,313,[],,,,,EXCELLENT,453.7,,,[],,,,,,,,,True,0.0,402.34,detect_loop,released,False,,,1789706706620.302,False,,313,1,,1789706707073.985,,,,,,session_20260917_224059,Right Fade,
,,,,,,False,,,False,1789706737759.0,,,unknown,[],,[],0,314,[],,,,,,,,,[],,,,,,,,,True,0.0,,,unanswered,False,,,1789706729633.765,False,,314,1,,,,,,,,session_20260917_224059,Go-To,
,,,,,,False,,,False,1789706732475.3,,,unknown,[],,[],0,315,[],,,,,,,,,[],,,,,,,,,True,0.0,,,disarmed,False,,,1789706731222.3179,False,,315,1,,,,,,,,session_20260917_224059,Right Fade,
,,,,,,False,,,False,1789706732475.3,,,unknown,[],,[],0,316,[],,,,,,,,,[],,,,,,,,,True,0.0,,,disarmed,False,,,1789706731348.3438,False,,316,1,,,,,,,,session_20260917_224059,Right Fade,
,,,134.77999999999997,,,False,,,False,1789706734186.4,,OPEN,open,[],,[],0,317,[],,,,,EXCELLENT,764.0,,,[],,,,,,,,,True,0.0,629.22,detect_loop,released,False,,,1789706732475.2617,False,,317,1,,1789706733239.29,,,,,,session_20260917_224059,Right Fade,
,,,126.69,,,False,,,False,1789706754255.7,,,unknown,[],,[],0,318,[],,,,,EXCELLENT,634.1,,,[],,,,,,,,,True,0.0,507.41,detect_loop,released,False,,,1789706752862.3516,False,,318,1,,1789706753496.4248,,,,,,session_20260917_224059,Standstill,
,,,101.17999999999995,,,False,,,False,1789706764196.5,,LIGHT CONTEST,contested,[],18.917,[],0,319,[],,,,,EARLY,935.9,,,[],,,,,,,,,True,0.0,834.72,detect_loop,released,False,,,1789706761368.5771,False,,319,1,,1789706762304.5183,,,,,,session_20260917_224059,Right Fade,
,,,,,,False,,,False,1789706805594.0,,,unknown,[],,[],0,320,[],,,,,,,,,[],,,,,,,,,True,0.0,,,disarmed,False,,,1789706804280.2852,False,,320,1,,,,,,,,session_20260917_224059,Left Fade,
,,,,,,False,,,False,1789706901849.3,,,unknown,[],,[],0,321,[],,,,,,,,,[],,,,,,,,,True,0.0,,,disarmed,False,,,1789706900699.446,False,,321,1,,,,,,,,session_20260917_224059,Left Fade,
,,,102.05999999999995,,,False,,,False,1789706924877.5,,,unknown,[],,[],0,322,[],,,,,EXCELLENT,960.5,,,[],,,,,,,,,True,0.0,858.44,detect_loop,released,False,,,1789706922987.3005,False,,322,1,,1789706923947.7844,,,,,,session_20260917_224059,Right Fade,
,,,,,,False,,,False,1789706958382.6,,,unknown,[],,[],0,323,[],,,,,,,,,[],,,,,,,,,True,0.0,,,unanswered,False,,,1789706950174.2422,False,,323,1,,,,,,,,session_20260917_224059,Go-To,
,,,126.91000000000003,,,False,,,False,1789706954327.4,,SEMI-OPEN,unknown,[],24.917,[],0,324,[],,,,,EXCELLENT,636.1,,,[],,,,,,,,,True,0.0,509.19,detect_loop,released,False,,,1789706952851.0867,False,,324,1,,1789706953487.2168,,,,,,session_20260917_224059,Standstill,
,,,,,,False,,,False,1789707145332.1,,,unknown,[],,[],0,325,[],,,,,,,,,[],,,,,,,,,True,0.0,,,disarmed,False,,,1789707143282.9956,False,,325,1,,,,,,,,session_20260917_224059,Standstill,
,,,,,,False,,,False,1789707145871.0,,,unknown,[],,[],0,326,[],,,,,,,,,[],,,,,,,,,True,0.0,,,disarmed,False,,,1789707144256.9358,False,,326,1,,,,,,,,session_20260917_224059,Standstill,
,,,,,,False,,,False,1789707186247.7,,,unknown,[],,[],0,327,[],,,,,,,,,[],,,,,,,,,True,0.0,,,unanswered,False,,,1789707178084.6704,False,,327,1,,,,,,,,session_20260917_224059,Go-To,
,,,92.57999999999993,,,False,,,False,1789707180599.4,,WIDE OPEN,open,[],24.167,[],0,328,[],,,,,LATE,633.4,,,[],,,,,,,,,True,0.0,540.82,detect_loop,released,False,,,1789707178875.3909,False,,328,1,,1789707179508.7847,,,,,,session_20260917_224059,Standstill,
,,,,,,False,,,False,1789707184393.8,,,unknown,[],,[],0,329,[],,,,,,,,,[],,,,,,,,,True,0.0,,,disarmed,False,,,1789707183165.499,False,,329,1,,,,,,,,session_20260917_224059,Right Fade,
,,,113.83000000000004,,,False,,,False,1789707185947.9,,WIDE OPEN,open,[],,[],0,330,[],,,,,EXCELLENT,836.7,,,[],,,,,,,,,True,0.0,722.87,detect_loop,released,False,,,1789707184459.5327,False,,330,1,,1789707185296.2778,,,,,,session_20260917_224059,Standstill,
,,,,,,False,,,False,1789707213217.9,,,unknown,[],,[],0,331,[],,,,,,,,,[],,,,,,,,,True,0.0,,,unanswered,False,,,1789707205174.61,False,,331,1,,,,,,,,session_20260917_224059,Go-To,
,,,127.10000000000002,,,False,,,False,1789707207913.2,,WIDE OPEN,open,[],28.25,[],0,332,[],,,,,LATE,634.1,,,[],,,,,,,,,True,0.0,507.0,detect_loop,released,False,,,1789707206106.5957,False,,332,1,,1789707206740.7236,,,,,,session_20260917_224059,Standstill,
,,,,,,False,,,False,1789707229566.3,,,unknown,[],,[],0,333,[],,,,,,,,,[],,,,,,,,,True,0.0,,,disarmed,False,,,1789707228312.2332,False,,333,1,,,,,,,,session_20260917_224059,Post Fade,
,,,,,,False,,,False,1789707249643.7,,,unknown,[],,[],0,334,[],,,,,,,,,[],,,,,,,,,True,0.0,,,disarmed,False,,,1789707248365.8215,False,,334,1,,,,,,,,session_20260917_224059,Right Fade,
,,,,,,False,,,False,1789707271236.7,,,unknown,[],,[],0,335,[],,,,,,,,,[],,,,,,,,,True,0.0,,,disarmed,False,,,1789707270122.0618,False,,335,1,,,,,,,,session_20260917_224059,Post Fade,
,,,,,,False,,,False,1789707273033.4,,,unknown,[],,[],0,336,[],,,,,,,,,[],,,,,,,,,True,0.0,,,disarmed,False,,,1789707271711.2598,False,,336,1,,,,,,,,session_20260917_224059,Left Fade,
,,,,,,False,,,False,1789707276841.0,,,unknown,[],,[],0,337,[],,,,,,,,,[],,,,,,,,,True,0.0,,,disarmed,False,,,1789707275515.4211,False,,337,1,,,,,,,,session_20260917_224059,Right Fade,
,,,,,,False,,,False,1789707276841.0,,,unknown,[],,[],0,338,[],,,,,,,,,[],,,,,,,,,True,0.0,,,disarmed,False,,,1789707275685.3728,False,,338,1,,,,,,,,session_20260917_224059,Right Fade,
,,,,,,False,,,False,1789707277190.1,,,unknown,[],,[],0,339,[],,,,,,,,,[],,,,,,,,,True,0.0,,,disarmed,False,,,1789707275848.0398,False,,339,1,,,,,,,,session_20260917_224059,Right Fade,
,,,,,,False,,,False,1789707286008.2,,,unknown,[],,[],0,340,[],,,,,,,,,[],,,,,,,,,True,0.0,,,disarmed,False,,,1789707284703.0767,False,,340,1,,,,,,,,session_20260917_224059,Left Fade,
,,,,,,False,,,False,1789707291071.5,,,unknown,[],,[],0,341,[],,,,,,,,,[],,,,,,,,,True,0.0,,,disarmed,False,,,1789707289942.0076,False,,341,1,,,,,,,,session_20260917_224059,Standstill,
,,,,,,False,,,False,1789707323916.3,,,unknown,[],,[],0,342,[],,,,,,,,,[],,,,,,,,,True,0.0,,,unanswered,False,,,1789707315767.1135,False,,342,1,,,,,,,,session_20260917_224059,Go-To,
,,,,,,False,,,False,1789707324973.4,,,unknown,[],,[],0,343,[],,,,,,,,,[],,,,,,,,,True,0.0,,,unanswered,False,,,1789707316762.5127,False,,343,1,,,,,,,,session_20260917_224059,Go-To,
,,,123.57000000000005,,,False,,,False,1789707319108.1,,SOLID CONTEST,contested,[],24.917,[],0,344,[],,,,,EXCELLENT,691.1,,,[],,,,,,,,,True,0.0,567.53,detect_loop,released,False,,,1789707317441.0327,False,,344,1,,1789707318132.1794,,,,,,session_20260917_224059,Standstill,
,,,,,,False,,,False,1789707382880.7,,,unknown,[],,[],0,345,[],,,,,,,,,[],,,,,,,,,True,0.0,,,disarmed,False,,,1789707381563.5337,False,,345,1,,,,,,,,session_20260917_224059,Left Fade,
,,,,,,False,,,False,1789707392942.2,,,unknown,[],,[],0,346,[],,,,,,,,,[],,,,,,,,,True,0.0,,,disarmed,False,,,1789707391762.7056,False,,346,1,,,,,,,,session_20260917_224059,Standstill,
,,,123.20999999999998,,,False,,,False,1789707400572.2,,WIDE OPEN,open,[],26.417,[],0,347,[],,,,,EXCELLENT,631.9,,,[],,,,,,,,,True,0.0,508.69,detect_loop,released,False,,,1789707399162.7688,False,,347,1,,1789707399794.619,,,,,,session_20260917_224059,Standstill,
,,,,,,False,,,False,1789707576151.6,,,unknown,[],,[],0,348,[],,,,,,,,,[],,,,,,,,,True,0.0,,,unanswered,False,,,1789707568058.8347,False,,348,1,,,,,,,,session_20260917_224059,Go-To,
,,,,,,False,,,False,1789707578504.7,,,unknown,[],,[],0,349,[],,,,,,,,,[],,,,,,,,,True,0.0,,,unanswered,False,,,1789707570307.0725,False,,349,1,,,,,,,,session_20260917_224059,Go-To,
,,,,,,False,,,False,1789756066709.8,,,unknown,[],,[],0,1,[],,,,,,,,,[],,,,,,,,,True,0.0,,,unanswered,False,,,1789756058646.4177,False,,1,1,,,,,,,,session_20260918_040815,Go-To,
,,,,,,False,,,False,1789756102724.0,,,unknown,[],,[],0,2,[],,,,,,,,,[],,,,,,,,,True,0.0,,,unanswered,False,,,1789756094703.2842,False,,2,1,,,,,,,,session_20260918_040815,Go-To,
,,,119.79000000000008,,,False,,,False,1789756119796.7,,,unknown,[],33.333,[],0,3,[],,,,,EARLY,767.7,,,[],,,,,,,,,True,0.0,647.91,detect_loop,released,False,,,1789756117866.251,False,,3,1,,1789756118633.9321,,,,,,session_20260918_040815,Standstill,
,,,104.55999999999995,,,False,,,False,1789756122897.0,,,unknown,[],30.417,[],0,4,[],,,,,EARLY,613.3,,,[],,,,,,,,,True,0.0,508.74,detect_loop,released,False,,,1789756120791.597,False,,4,1,,1789756121404.8694,,,,,,session_20260918_040815,Standstill,
,,,136.90000000000003,,,False,,,False,1789756128496.7,,,unknown,[],29.333,[],0,5,[],,,,,EXCELLENT,643.6,,,[],,,,,,,,,True,0.0,506.7,detect_loop,released,False,,,1789756126441.62,False,,5,1,,1789756127085.2532,,,,,,session_20260918_040815,Standstill,
,,,138.10999999999996,,,False,,,False,1789756131297.0,,,unknown,[],32.0,[],0,6,[],,,,,LATE,638.3,,,[],,,,,,,,,True,0.0,500.19,detect_loop,released,False,,,1789756128980.608,False,,6,1,,1789756129618.9473,,,,,,session_20260918_040815,Standstill,
,,,136.15999999999997,,,False,,,False,1789756134946.7,,,unknown,[],26.833,[],0,7,[],,,,,LATE,662.5,,,[],,,,,,,,,True,0.0,526.34,detect_loop,released,False,,,1789756132122.0754,False,,7,1,,1789756132784.5835,,,,,,session_20260918_040815,Standstill,
,,,134.45000000000005,,,False,,,False,1789756136644.9,,,unknown,[],24.917,[],0,8,[],,,,,EXCELLENT,647.2,,,[],,,,,,,,,True,0.0,512.75,detect_loop,released,False,,,1789756134717.6584,False,,8,1,,1789756135364.8457,,,,,,session_20260918_040815,Standstill,
,,,135.14,,,False,,,False,1789756139545.6,,,unknown,[],24.5,[],0,9,[],,,,,EXCELLENT,652.0,,,[],,,,,,,,,True,0.0,516.86,detect_loop,released,False,,,1789756137595.944,False,,9,1,,1789756138247.9602,,,,,,session_20260918_040815,Standstill,
,,,,,,False,,,False,1789756143608.6,,,unknown,[],,[],0,10,[],,,,,,,,,[],,,,,,,,,True,0.0,961.8,detect_loop,disarmed,False,,,1789756140818.96,False,,10,1,,,,,,,,session_20260918_040815,Left Fade,
,,,104.90999999999985,,,False,,,False,1789756147647.2,,,unknown,[],27.417,[],0,11,[],,,,,EARLY,1161.1,,,[],,,,,,,,,True,0.0,1056.19,detect_loop,released,False,,,1789756145072.2803,False,,11,1,,1789756146233.3765,,,,,,session_20260918_040815,Right Fade,
,,,118.95999999999992,,,False,,,False,1789756151178.3,,,unknown,[],22.833,[],0,12,[],,,,,EXCELLENT,903.3,,,[],,,,,,,,,True,0.0,784.34,detect_loop,released,False,,,1789756149030.4915,False,,12,1,,1789756149933.7947,,,,,,session_20260918_040815,Left Fade,
,,,137.36,,,False,,,False,1789756155377.7,,,unknown,[],27.333,[],0,13,[],,,,,LATE,942.2,,,[],,,,,,,,,True,0.0,804.84,detect_loop,released,False,,,1789756153208.1235,False,,13,1,,1789756154150.3362,,,,,,session_20260918_040815,Left Fade,
,,,129.5200000000001,,,False,,,False,1789756158977.6,,,unknown,[],24.333,[],0,14,[],,,,,LATE,935.2,,,[],,,,,,,,,True,0.0,805.68,detect_loop,released,False,,,1789756156657.084,False,,14,1,,1789756157592.3098,,,,,,session_20260918_040815,Left Fade,
,,,112.34000000000003,,,False,,,False,1789756163176.9,,,unknown,[],22.333,[],0,15,[],,,,,EARLY,1047.5,,,[],,,,,,,,,True,0.0,935.16,detect_loop,released,False,,,1789756160644.7656,False,,15,1,,1789756161692.2915,,,,,,session_20260918_040815,Right Fade,
,,,134.08999999999992,,,False,,,False,1789756165613.3,,,unknown,[],23.75,[],0,16,[],,,,,EXCELLENT,656.8,,,[],,,,,,,,,True,0.0,522.71,detect_loop,released,False,,,1789756163723.762,False,,16,1,,1789756164380.5916,,,,,,session_20260918_040815,Standstill,
,,,645.52,,,False,,,False,1789756168427.7,,,unknown,[],26.167,[],0,17,[],,,,,EXCELLENT,649.3,,,[],,,,,,,,,True,0.0,3.78,detect_loop,released,False,,,1789756166414.1821,False,,17,1,,1789756167063.477,,,,,,session_20260918_040815,Standstill,
,,,135.10000000000002,,,False,,,False,1789756173499.0,,,unknown,[],,[],0,18,[],,,,,,787.0,,,[],,,,,,,,,True,0.0,651.9,detect_loop,released,False,,,1789756169130.0173,False,,18,1,,1789756169917.0356,,,,,,session_20260918_040815,Standstill,
,,,133.17000000000007,,,False,,,False,1789756173928.8,,,unknown,[],28.25,[],0,19,[],,,,,EXCELLENT,647.6,,,[],,,,,,,,,True,0.0,514.43,detect_loop,released,False,,,1789756171898.6506,False,,19,1,,1789756172546.278,,,,,,session_20260918_040815,Standstill,
,,,114.58999999999992,,,False,,,False,1789756179496.6,,,unknown,[],,[],0,20,[],,,,,,908.3,,,[],,,,,,,,,True,0.0,793.71,detect_loop,released,False,,,1789756174938.064,False,,20,1,,1789756175846.3772,,,,,,session_20260918_040815,Left Fade,
,,,122.59999999999991,,,False,,,False,1789756181063.0,,,unknown,[],24.5,[],0,21,[],,,,,EARLY,939.3,,,[],,,,,,,,,True,0.0,816.7,detect_loop,released,False,,,1789756178676.121,False,,21,1,,1789756179615.4468,,,,,,session_20260918_040815,Right Fade,
,,,120.92000000000007,,,False,,,False,1789756186376.0,,,unknown,[],23.167,[],0,22,[],,,,,EXCELLENT,946.7,,,[],,,,,,,,,True,0.0,825.78,detect_loop,released,False,,,1789756184185.3262,False,,22,1,,1789756185131.9932,,,,,,session_20260918_040815,Right Fade,
,,,135.69000000000005,,,False,,,False,1789756190776.9,,,unknown,[],25.0,[],0,23,[],,,,,EXCELLENT,691.7,,,[],,,,,,,,,True,0.0,556.01,detect_loop,released,False,,,1789756188787.114,False,,23,1,,1789756189478.8142,,,,,,session_20260918_040815,Standstill,
,,,105.19999999999993,,,False,,,False,1789756194676.1,,,unknown,[],32.0,[],0,24,[],,,,,LATE,1011.3,,,[],,,,,,,,,True,0.0,906.1,detect_loop,released,False,,,1789756192086.7175,False,,24,1,,1789756193098.027,,,,,,session_20260918_040815,Left Fade,
,,,121.58000000000004,,,False,,,False,1789756198024.5,,,unknown,[],26.583,[],0,25,[],,,,,EARLY,961.2,,,[],,,,,,,,,True,0.0,839.62,detect_loop,released,False,,,1789756195769.8171,False,,25,1,,1789756196730.9998,,,,,,session_20260918_040815,Right Fade,
,,,135.35000000000002,,,False,,,False,1789756201741.4,,,unknown,[],28.083,[],0,26,[],,,,,EXCELLENT,662.5,,,[],,,,,,,,,True,0.0,527.15,detect_loop,released,False,,,1789756199749.0383,False,,26,1,,1789756200411.5789,,,,,,session_20260918_040815,Standstill,
,,,117.06000000000006,,,False,,,False,1789756204943.9,,,unknown,[],26.333,[],0,27,[],,,,,EXCELLENT,624.2,,,[],,,,,,,,,True,0.0,507.14,detect_loop,released,False,,,1789756202936.8162,False,,27,1,,1789756203560.979,,,,,,session_20260918_040815,Standstill,
,,,,,,False,,,False,1789758396969.5,,,unknown,[],,[],0,1,[],,,,,,,,,[],,,,,,,,,True,0.0,,,unanswered,False,,,1789758388860.9497,False,,1,1,,,,,,,,session_20260918_135725,Go-To,
,,,,,,False,,,False,1789758398005.5,,,unknown,[],,[],0,2,[],,,,,,,,,[],,,,,,,,,True,0.0,496.75,detect_loop,unanswered,False,,,1789758389939.9387,False,,2,1,,,,,,,,session_20260918_135725,Standstill,
,,,,,,False,,,False,1789758408832.6,,,unknown,[],,[],0,3,[],,,,,,,,,[],,,,,,,,,True,0.0,824.55,detect_loop,unanswered,False,,,1789758400662.594,False,,3,1,,,,,,,,session_20260918_135725,Left Fade,
,,,,,,False,,,False,1789758412672.2,,,unknown,[],,[],0,4,[],,,,,,,,,[],,,,,,,,,True,0.0,938.52,detect_loop,unanswered,False,,,1789758404432.3003,False,,4,1,,,,,,,,session_20260918_135725,Go-To,
,,,,,,False,,,False,1789758413781.4,,,unknown,[],,[],0,5,[],,,,,,,,,[],,,,,,,,,True,0.0,1611.62,detect_loop,unanswered,False,,,1789758405609.7004,False,,5,1,,,,,,,,session_20260918_135725,Go-To,
,,,,,,False,,,False,1789758415940.9,,,unknown,[],,[],0,6,[],,,,,,,,,[],,,,,,,,,True,0.0,358.04,detect_loop,unanswered,False,,,1789758407778.8447,False,,6,1,,,,,,,,session_20260918_135725,Go-To,
,,,,,,False,,,False,1789758416452.7,,,unknown,[],,[],0,7,[],,,,,,,,,[],,,,,,,,,True,0.0,1623.27,detect_loop,unanswered,False,,,1789758408298.1514,False,,7,1,,,,,,,,session_20260918_135725,Go-To,
,,,,,,False,,,False,1789758418094.4,,,unknown,[],,[],0,8,[],,,,,,,,,[],,,,,,,,,True,0.0,377.19,detect_loop,unanswered,False,,,1789758409996.42,False,,8,1,,,,,,,,session_20260918_135725,No Dip,
,,,,,,False,,,False,1789758420402.4,,,unknown,[],,[],0,9,[],,,,,,,,,[],,,,,,,,,True,0.0,513.65,detect_loop,unanswered,False,,,1789758412157.1936,False,,9,1,,,,,,,,session_20260918_135725,No Dip,
,,,,,,False,,,False,1789758422723.2,,,unknown,[],,[],0,10,[],,,,,,,,,[],,,,,,,,,True,0.0,315.45,detect_loop,unanswered,False,,,1789758414607.2053,False,,10,1,,,,,,,,session_20260918_135725,No Dip,
,,,,,,False,,,False,1789758425306.4,,,unknown,[],,[],0,11,[],,,,,,,,,[],,,,,,,,,True,0.0,501.44,detect_loop,unanswered,False,,,1789758417216.793,False,,11,1,,,,,,,,session_20260918_135725,No Dip,
,,,,,,False,,,False,1789758429137.1,,,unknown,[],,[],0,12,[],,,,,,,,,[],,,,,,,,,True,0.0,504.87,detect_loop,unanswered,False,,,1789758420915.303,False,,12,1,,,,,,,,session_20260918_135725,Standstill,
,,,,,,False,,,False,1789758433225.6,,,unknown,[],,[],0,13,[],,,,,,,,,[],,,,,,,,,True,0.0,511.5,detect_loop,unanswered,False,,,1789758425098.554,False,,13,1,,,,,,,,session_20260918_135725,Standstill,
,,,,,,False,,,False,1789758437547.4,,,unknown,[],,[],0,14,[],,,,,,,,,[],,,,,,,,,True,0.0,1067.42,detect_loop,unanswered,False,,,1789758429318.1294,False,,14,1,,,,,,,,session_20260918_135725,Left Fade,
,,,119.45999999999992,,,False,,,False,1789758487698.6,,,unknown,[],22.75,[],0,15,[],,,,,EXCELLENT,937.8,,,[],,,,,,,,,True,0.0,818.34,detect_loop,released,False,,,1789758485513.68,False,,15,1,,1789758486451.468,,,,,,session_20260918_135725,Right Fade,
,,,119.91999999999996,,,False,,,False,1789758491847.5,,,unknown,[],22.833,[],0,16,[],,,,,EXCELLENT,956.0,,,[],,,,,,,,,True,0.0,836.08,detect_loop,released,False,,,1789758489661.4697,False,,16,1,,1789758490617.5146,,,,,,session_20260918_135725,Right Fade,
,,,118.87,,,False,,,False,1789758495744.8,,,unknown,[],27.333,[],0,17,[],,,,,EXCELLENT,909.2,,,[],,,,,,,,,True,0.0,790.33,detect_loop,released,False,,,1789758493523.1917,False,,17,1,,1789758494432.392,,,,,,session_20260918_135725,Left Fade,
,,,121.29999999999995,,,False,,,False,1789758500445.5,,,unknown,[],25.167,[],0,18,[],,,,,EXCELLENT,910.4,,,[],,,,,,,,,True,0.0,789.1,detect_loop,released,False,,,1789758498240.8843,False,,18,1,,1789758499151.287,,,,,,session_20260918_135725,Right Fade,
,,,122.71000000000004,,,False,,,False,1789758505045.1,,,unknown,[],24.5,[],0,19,[],,,,,EARLY,947.2,,,[],,,,,,,,,True,0.0,824.49,detect_loop,released,False,,,1789758502786.774,False,,19,1,,1789758503733.9258,,,,,,session_20260918_135725,Right Fade,
,,,136.79999999999995,,,False,,,False,1789758509094.9,,,unknown,[],24.583,[],0,20,[],,,,,EXCELLENT,1166.2,,,[],,,,,,,,,True,0.0,1029.4,detect_loop,released,False,,,1789758506702.2585,False,,20,1,,1789758507868.4985,,,,,,session_20260918_135725,Right Fade,
,,,84.9799999999999,,,False,,,False,1789758513395.8,,,unknown,[],23.0,[],0,21,[],,,,,EXCELLENT,973.8,,,[],,,,,,,,,True,0.0,888.82,detect_loop,released,False,,,1789758511242.8567,False,,21,1,,1789758512216.636,,,,,,session_20260918_135725,Right Fade,
,,,119.83999999999992,,,False,,,False,1789758518193.8,,,unknown,[],27.083,[],0,22,[],,,,,EARLY,919.3,,,[],,,,,,,,,True,0.0,799.46,detect_loop,released,False,,,1789758515846.0205,False,,22,1,,1789758516765.2888,,,,,,session_20260918_135725,Left Fade,
,,,121.39999999999998,,,False,,,False,1789758522709.7,,,unknown,[],25.083,[],0,23,[],,,,,EARLY,1039.3,,,[],,,,,,,,,True,0.0,917.9,detect_loop,released,False,,,1789758520010.208,False,,23,1,,1789758521049.471,,,,,,session_20260918_135725,Left Fade,
,,,118.69000000000005,,,False,,,False,1789758525845.9,,,unknown,[],22.75,[],0,24,[],,,,,EXCELLENT,950.5,,,[],,,,,,,,,True,0.0,831.81,detect_loop,released,False,,,1789758523681.0447,False,,24,1,,1789758524631.554,,,,,,session_20260918_135725,Left Fade,
,,,119.63,,,False,,,False,1789758530146.1,,,unknown,[],22.25,[],0,25,[],,,,,EXCELLENT,948.7,,,[],,,,,,,,,True,0.0,829.07,detect_loop,released,False,,,1789758527950.6921,False,,25,1,,1789758528899.4343,,,,,,session_20260918_135725,Right Fade,
,,,122.30999999999995,,,False,,,False,1789758534945.3,,,unknown,[],22.833,[],0,26,[],,,,,EXCELLENT,1161.5,,,[],,,,,,,,,True,0.0,1039.19,detect_loop,released,False,,,1789758532522.7798,False,,26,1,,1789758533684.2522,,,,,,session_20260918_135725,Right Fade,
,,,120.70999999999992,,,False,,,False,1789758538775.2,,,unknown,[],27.25,[],0,27,[],,,,,LATE,902.3,,,[],,,,,,,,,True,0.0,781.59,detect_loop,released,False,,,1789758536728.3901,False,,27,1,,1789758537630.646,,,,,,session_20260918_135725,Left Fade,
,,,121.09000000000003,,,False,,,False,1789758544798.8,,,unknown,[],,[],0,28,[],,,,,,1028.5,,,[],,,,,,,,,True,0.0,907.41,detect_loop,released,False,,,1789758540218.9402,False,,28,1,,1789758541247.4436,,,,,,session_20260918_135725,Left Fade,
,,,120.87,,,False,,,False,1789758546295.3,,,unknown,[],25.583,[],0,29,[],,,,,LATE,1022.3,,,[],,,,,,,,,True,0.0,901.43,detect_loop,released,False,,,1789758543776.1226,False,,29,1,,1789758544798.4595,,,,,,session_20260918_135725,Left Fade,
,,,122.98000000000002,,,False,,,False,1789758550292.9,,,unknown,[],24.5,[],0,30,[],,,,,EXCELLENT,1015.6,,,[],,,,,,,,,True,0.0,892.62,detect_loop,released,False,,,1789758547949.3645,False,,30,1,,1789758548965.0078,,,,,,session_20260918_135725,Right Fade,
,,,117.97000000000003,,,False,,,False,1789758556356.2,,,unknown,[],,[],0,31,[],,,,,,936.0,,,[],,,,,,,,,True,0.0,818.03,detect_loop,released,False,,,1789758551828.6943,False,,31,1,,1789758552764.7036,,,,,,session_20260918_135725,Right Fade,
,,,121.91999999999996,,,False,,,False,1789758557644.6,,,unknown,[],22.833,[],0,32,[],,,,,EXCELLENT,1030.0,,,[],,,,,,,,,True,0.0,908.08,detect_loop,released,False,,,1789758555385.9512,False,,32,1,,1789758556415.9075,,,,,,session_20260918_135725,Right Fade,
,,,119.59000000000003,,,False,,,False,1789758564078.1,,,unknown,[],,[],0,33,[],,,,,,916.5,,,[],,,,,,,,,True,0.0,796.91,detect_loop,released,False,,,1789758559563.1172,False,,33,1,,1789758560479.6406,,,,,,session_20260918_135725,Left Fade,
,,,118.4799999999999,,,False,,,False,1789758565442.9,,,unknown,[],25.5,[],0,34,[],,,,,EXCELLENT,911.8,,,[],,,,,,,,,True,0.0,793.32,detect_loop,released,False,,,1789758563251.1846,False,,34,1,,1789758564162.99,,,,,,session_20260918_135725,Left Fade,
,,,122.37,,,False,,,False,1789758569543.6,,,unknown,[],22.583,[],0,35,[],,,,,LATE,981.4,,,[],,,,,,,,,True,0.0,859.03,detect_loop,released,False,,,1789758567249.4844,False,,35,1,,1789758568230.9092,,,,,,session_20260918_135725,Right Fade,
,,,114.67999999999995,,,False,,,False,1789758573790.0,,,unknown,[],21.083,[],0,36,[],,,,,EXCELLENT,944.5,,,[],,,,,,,,,True,0.0,829.82,detect_loop,released,False,,,1789758571694.558,False,,36,1,,1789758572639.0503,,,,,,session_20260918_135725,Right Fade,
,,,118.55000000000007,,,False,,,False,1789762859159.8,,,unknown,[],25.0,[],0,1,[],,,,,EXCELLENT,911.2,,,[],,,,,,,,,True,0.0,792.65,detect_loop,released,False,,,1789762856540.998,False,,1,1,,1789762857452.168,,,,,,session_20260918_152024,Left Fade,
,,,134.42000000000007,,,False,,,False,1789762864982.8,,,unknown,[],,[],0,2,[],,,,,,965.2,,,[],,,,,,,,,True,0.0,830.78,detect_loop,released,False,,,1789762860269.8247,False,,2,1,,1789762861235.0635,,,,,,session_20260918_152024,Left Fade,
,,,134.67999999999995,,,False,,,False,1789762867598.1,,,unknown,[],24.583,[],0,3,[],,,,,LATE,975.9,,,[],,,,,,,,,True,0.0,841.22,detect_loop,released,False,,,1789762864176.6736,False,,3,1,,1789762865152.586,,,,,,session_20260918_152024,Right Fade,
,,,134.71000000000004,,,False,,,False,1789762872199.8,,,unknown,[],23.0,[],0,4,[],,,,,LATE,968.1,,,[],,,,,,,,,True,0.0,833.39,detect_loop,released,False,,,1789762868000.92,False,,4,1,,1789762868969.0688,,,,,,session_20260918_152024,Right Fade,
,,,118.85000000000002,,,False,,,False,1789762875804.8,,,unknown,[],27.083,[],0,5,[],,,,,EARLY,918.5,,,[],,,,,,,,,True,0.0,799.65,detect_loop,released,False,,,1789762873182.094,False,,5,1,,1789762874100.6157,,,,,,session_20260918_152024,Left Fade,
,,,116.67999999999995,,,False,,,False,1789762879536.8,,,unknown,[],25.083,[],0,6,[],,,,,LATE,959.0,,,[],,,,,,,,,True,0.0,842.32,detect_loop,released,False,,,1789762876857.9663,False,,6,1,,1789762877816.9648,,,,,,session_20260918_152024,Left Fade,
,,,112.54000000000008,,,False,,,False,1789762883481.9,,,unknown,[],22.583,[],0,7,[],,,,,EXCELLENT,971.1,,,[],,,,,,,,,True,0.0,858.56,detect_loop,released,False,,,1789762880805.8596,False,,7,1,,1789762881776.967,,,,,,session_20260918_152024,Right Fade,
,,,135.13,,,False,,,False,1789762888848.7,,,unknown,[],24.583,[],0,8,[],,,,,LATE,968.4,,,[],,,,,,,,,True,0.0,833.27,detect_loop,released,False,,,1789762884999.8843,False,,8,1,,1789762885968.3303,,,,,,session_20260918_152024,Right Fade,
,,,117.66000000000008,,,False,,,False,1789762891672.3,,,unknown,[],23.083,[],0,9,[],,,,,EARLY,951.7,,,[],,,,,,,,,True,0.0,834.04,detect_loop,released,False,,,1789762888999.5667,False,,9,1,,1789762889951.2603,,,,,,session_20260918_152024,Right Fade,
,,,119.43999999999994,,,False,,,False,1789762897317.4,,,unknown,[],,[],0,10,[],,,,,,913.9,,,[],,,,,,,,,True,0.0,794.46,detect_loop,released,False,,,1789762892735.5857,False,,10,1,,1789762893649.5215,,,,,,session_20260918_152024,Left Fade,
,,,134.47000000000003,,,False,,,False,1789762899018.0,,,unknown,[],24.417,[],0,11,[],,,,,EXCELLENT,1009.2,,,[],,,,,,,,,True,0.0,874.73,detect_loop,released,False,,,1789762896306.9207,False,,11,1,,1789762897316.0789,,,,,,session_20260918_152024,Left Fade,
,,,135.32000000000005,,,False,,,False,1789762903696.8,,,unknown,[],24.417,[],0,12,[],,,,,LATE,997.7,,,[],,,,,,,,,True,0.0,862.38,detect_loop,released,False,,,1789762900284.6055,False,,12,1,,1789762901282.3489,,,,,,session_20260918_152024,Left Fade,
,,,117.63999999999999,,,False,,,False,1789762907139.8,,,unknown,[],25.25,[],0,13,[],,,,,EARLY,1023.0,,,[],,,,,,,,,True,0.0,905.36,detect_loop,released,False,,,1789762903775.8108,False,,13,1,,1789762904798.8179,,,,,,session_20260918_152024,Left Fade,
,,,119.29999999999995,,,False,,,False,1789762910085.8,,,unknown,[],25.083,[],0,14,[],,,,,EXCELLENT,914.5,,,[],,,,,,,,,True,0.0,795.2,detect_loop,released,False,,,1789762907450.7617,False,,14,1,,1789762908365.2769,,,,,,session_20260918_152024,Left Fade,
,,,136.15999999999997,,,False,,,False,1789762913719.9,,,unknown,[],24.5,[],0,15,[],,,,,LATE,960.1,,,[],,,,,,,,,True,0.0,823.94,detect_loop,released,False,,,1789762911054.9268,False,,15,1,,1789762912015.0527,,,,,,session_20260918_152024,Left Fade,
,,,123.43000000000006,,,False,,,False,1789762917318.7,,,unknown,[],24.583,[],0,16,[],,,,,LATE,1171.0,,,[],,,,,,,,,True,0.0,1047.57,detect_loop,released,False,,,1789762914433.337,False,,16,1,,1789762915604.319,,,,,,session_20260918_152024,Right Fade,
,,,134.73000000000002,,,False,,,False,1789762921098.9,,,unknown,[],23.167,[],0,17,[],,,,,EXCELLENT,971.4,,,[],,,,,,,,,True,0.0,836.67,detect_loop,released,False,,,1789762918411.7224,False,,17,1,,1789762919383.0984,,,,,,session_20260918_152024,Right Fade,
,,,,,,False,,,False,1789767399715.1,,,unknown,[],,[],0,1,[],,,,,,,,,[],,,,,,,,,True,0.0,824.38,detect_loop,disarmed,False,,,1789767396849.392,False,,1,1,,,,,,,,session_20260918_162245,Right Fade,
,,,113.96999999999991,,,False,,,False,1789767403992.8,,,unknown,[],21.167,[],0,2,[],,,,,EXCELLENT,1075.3,,,[],,,,,,,,,True,0.0,961.33,detect_loop,released,False,,,1789767401211.464,False,,2,1,,1789767402286.7415,,,,,,session_20260918_162245,Right Fade,
,,,121.54000000000008,,,False,,,False,1789767410312.9,,,unknown,[],,[],0,3,[],,,,,,916.6,,,[],,,,,,,,,True,0.0,795.06,detect_loop,released,False,,,1789767405808.204,False,,3,1,,1789767406724.8315,,,,,,session_20260918_162245,Left Fade,
,,,120.19000000000005,,,False,,,False,1789767412365.6,,,unknown,[],25.583,[],0,4,[],,,,,EXCELLENT,947.1,,,[],,,,,,,,,True,0.0,826.91,detect_loop,released,False,,,1789767409712.1528,False,,4,1,,1789767410659.2705,,,,,,session_20260918_162245,Right Fade,
,,,115.57000000000005,,,False,,,False,1789767416820.7,,,unknown,[],23.833,[],0,5,[],,,,,EARLY,901.5,,,[],,,,,,,,,True,0.0,785.93,detect_loop,released,False,,,1789767414206.4023,False,,5,1,,1789767415107.8706,,,,,,session_20260918_162245,Left Fade,
,,,118.17999999999995,,,False,,,False,1789767420728.3,,,unknown,[],25.083,[],0,6,[],,,,,EXCELLENT,938.9,,,[],,,,,,,,,True,0.0,820.72,detect_loop,released,False,,,1789767418068.3171,False,,6,1,,1789767419007.2192,,,,,,session_20260918_162245,Left Fade,
,,,110.89999999999998,,,False,,,False,1789767425204.8,,,unknown,[],22.167,[],0,7,[],,,,,EARLY,986.9,,,[],,,,,,,,,True,0.0,876.0,detect_loop,released,False,,,1789767422512.4219,False,,7,1,,1789767423499.3345,,,,,,session_20260918_162245,Left Fade,
,,,121.30999999999995,,,False,,,False,1789767429794.7,,,unknown,[],24.583,[],0,8,[],,,,,LATE,1022.4,,,[],,,,,,,,,True,0.0,901.09,detect_loop,released,False,,,1789767427052.7305,False,,8,1,,1789767428075.1626,,,,,,session_20260918_162245,Right Fade,
,,,104.8900000000001,,,False,,,False,1789767433690.6,,,unknown,[],24.583,[],0,9,[],,,,,EXCELLENT,1006.7,,,[],,,,,,,,,True,0.0,901.81,detect_loop,released,False,,,1789767430968.2468,False,,9,1,,1789767431974.9055,,,,,,session_20260918_162245,Right Fade,
,,,122.09000000000003,,,False,,,False,1789767437443.2,,,unknown,[],22.833,[],0,10,[],,,,,EXCELLENT,985.6,,,[],,,,,,,,,True,0.0,863.51,detect_loop,released,False,,,1789767434405.7793,False,,10,1,,1789767435391.3618,,,,,,session_20260918_162245,Right Fade,
,,,119.53999999999996,,,False,,,False,1789767441684.8,,,unknown,[],27.083,[],0,11,[],,,,,EXCELLENT,914.5,,,[],,,,,,,,,True,0.0,794.96,detect_loop,released,False,,,1789767439058.593,False,,11,1,,1789767439973.047,,,,,,session_20260918_162245,Left Fade,
,,,101.78999999999996,,,False,,,False,1789767446520.3,,,unknown,[],25.583,[],0,12,[],,,,,EARLY,939.9,,,[],,,,,,,,,True,0.0,838.11,detect_loop,released,False,,,1789767443868.64,False,,12,1,,1789767444808.5464,,,,,,session_20260918_162245,Right Fade,
,,,120.63,,,False,,,False,1789767450074.6,,,unknown,[],24.583,[],0,13,[],,,,,EARLY,955.7,,,[],,,,,,,,,True,0.0,835.07,detect_loop,released,False,,,1789767447401.5725,False,,13,1,,1789767448357.3162,,,,,,session_20260918_162245,Right Fade,
,,,141.19000000000005,,,False,,,False,1789767454303.2,,,unknown,[],23.0,[],0,14,[],,,,,EXCELLENT,963.7,,,[],,,,,,,,,True,0.0,822.51,detect_loop,released,False,,,1789767451629.5237,False,,14,1,,1789767452593.2725,,,,,,session_20260918_162245,Right Fade,
,,,138.66000000000008,,,False,,,False,1789767458351.5,,,unknown,[],21.083,[],0,15,[],,,,,EXCELLENT,1148.7,,,[],,,,,,,,,True,0.0,1010.04,detect_loop,released,False,,,1789767455491.621,False,,15,1,,1789767456640.3088,,,,,,session_20260918_162245,Left Fade,
,,,117.75999999999999,,,False,,,False,1789767462511.5,,,unknown,[],25.083,[],0,16,[],,,,,LATE,1014.4,,,[],,,,,,,,,True,0.0,896.64,detect_loop,released,False,,,1789767459773.8237,False,,16,1,,1789767460788.233,,,,,,session_20260918_162245,Left Fade,
,,,118.63,,,False,,,False,1789767466651.4,,,unknown,[],22.25,[],0,17,[],,,,,LATE,1004.0,,,[],,,,,,,,,True,0.0,885.37,detect_loop,released,False,,,1789767463934.4941,False,,17,1,,1789767464938.5376,,,,,,session_20260918_162245,Left Fade,
,,,125.12,,,False,,,False,1789767469959.2,,,unknown,[],19.667,[],0,18,[],,,,,EXCELLENT,1012.5,,,[],,,,,,,,,True,0.0,887.38,detect_loop,released,False,,,1789767467230.713,False,,18,1,,1789767468243.2463,,,,,,session_20260918_162245,Right Fade,
,,,110.76999999999998,,,False,,,False,1789767473021.4,,,unknown,[],17.25,[],0,19,[],,,,,EXCELLENT,985.0,,,[],,,,,,,,,True,0.0,874.23,detect_loop,released,False,,,1789767470326.0317,False,,19,1,,1789767471311.0059,,,,,,session_20260918_162245,Left Fade,
,,,141.74,,,False,,,False,1789767476252.0,,,unknown,[],20.083,[],0,20,[],,,,,EXCELLENT,957.4,,,[],,,,,,,,,True,0.0,815.66,detect_loop,released,False,,,1789767473585.4487,False,,20,1,,1789767474542.8142,,,,,,session_20260918_162245,Right Fade,
,,,140.51,,,False,,,False,1789767481845.2,,,unknown,[],,[],0,21,[],,,,,,963.5,,,[],,,,,,,,,True,0.0,822.99,detect_loop,released,False,,,1789767477879.638,False,,21,1,,1789767478843.1138,,,,,,session_20260918_162245,Right Fade,
,,,115.48000000000002,,,False,,,False,1789771504752.0,,,unknown,[],18.083,[],0,1,[],,,,,EXCELLENT,658.0,,,[],,,,,,,,,True,0.0,542.52,detect_loop,released,False,,,1789771502967.7803,False,,1,1,,1789771503625.7415,,,,,,session_20260918_174450,Standstill,
,,,137.66000000000003,,,False,,,False,1789771507549.8,,,unknown,[],18.167,[],0,2,[],,,,,EXCELLENT,639.2,,,[],,,,,,,,,True,0.0,501.54,detect_loop,released,False,,,1789771505932.2764,False,,2,1,,1789771506571.5022,,,,,,session_20260918_174450,Standstill,
,,,138.12,,,False,,,False,1789771510953.3,,,unknown,[],23.75,[],0,3,[],,,,,EXCELLENT,649.0,,,[],,,,,,,,,True,0.0,510.88,detect_loop,released,False,,,1789771509022.3267,False,,3,1,,1789771509671.3325,,,,,,session_20260918_174450,Standstill,
,,,,,,False,,,False,1789771514257.5,,,unknown,[],,[],0,4,[],,,,,,,,,[],,,,,,,,,True,0.0,,,disarmed,False,,,1789771512093.942,False,,4,1,,,,,,,,session_20260918_174450,Standstill,
,,,,,,False,,,False,1789771515540.2,,,unknown,[],,[],0,5,[],,,,,,,,,[],,,,,,,,,True,0.0,,,disarmed,False,,,1789771513492.2224,False,,5,1,,,,,,,,session_20260918_174450,Standstill,
,,,,,,False,,,False,1789771516331.6,,,unknown,[],,[],0,6,[],,,,,,,,,[],,,,,,,,,True,0.0,,,disarmed,False,,,1789771514540.8743,False,,6,1,,,,,,,,session_20260918_174450,Standstill,
,,,,,,False,,,False,1789771517117.1,,,unknown,[],,[],0,7,[],,,,,,,,,[],,,,,,,,,True,0.0,,,disarmed,False,,,1789771515540.1602,False,,7,1,,,,,,,,session_20260918_174450,Standstill,
,,,,,,False,,,False,1789771518132.3,,,unknown,[],,[],0,8,[],,,,,,,,,[],,,,,,,,,True,0.0,,,disarmed,False,,,1789771516425.4597,False,,8,1,,,,,,,,session_20260918_174450,Left Fade,
,,,,,,False,,,False,1789771518344.4,,,unknown,[],,[],0,9,[],,,,,,,,,[],,,,,,,,,True,0.0,,,disarmed,False,,,1789771517192.2402,False,,9,1,,,,,,,,session_20260918_174450,Left Fade,
,,,,,,False,,,False,1789771518502.2,,,unknown,[],,[],0,10,[],,,,,,,,,[],,,,,,,,,True,0.0,,,disarmed,False,,,1789771517362.182,False,,10,1,,,,,,,,session_20260918_174450,Left Fade,
,,,,,,False,,,False,1789771518684.9,,,unknown,[],,[],0,11,[],,,,,,,,,[],,,,,,,,,True,0.0,,,disarmed,False,,,1789771517523.9675,False,,11,1,,,,,,,,session_20260918_174450,Left Fade,
,,,,,,False,,,False,1789771518872.2,,,unknown,[],,[],0,12,[],,,,,,,,,[],,,,,,,,,True,0.0,,,disarmed,False,,,1789771517728.8865,False,,12,1,,,,,,,,session_20260918_174450,Right Fade,
,,,,,,False,,,False,1789771519034.1,,,unknown,[],,[],0,13,[],,,,,,,,,[],,,,,,,,,True,0.0,,,disarmed,False,,,1789771517894.5122,False,,13,1,,,,,,,,session_20260918_174450,Right Fade,
,,,,,,False,,,False,1789771519217.9,,,unknown,[],,[],0,14,[],,,,,,,,,[],,,,,,,,,True,0.0,,,disarmed,False,,,1789771518049.2341,False,,14,1,,,,,,,,session_20260918_174450,Right Fade,
,,,,,,False,,,False,1789771519409.3,,,unknown,[],,[],0,15,[],,,,,,,,,[],,,,,,,,,True,0.0,,,disarmed,False,,,1789771518202.4504,False,,15,1,,,,,,,,session_20260918_174450,Left Fade,
,,,,,,False,,,False,1789771519476.0,,,unknown,[],,[],0,16,[],,,,,,,,,[],,,,,,,,,True,0.0,,,disarmed,False,,,1789771518344.36,False,,16,1,,,,,,,,session_20260918_174450,Left Fade,
,,,,,,False,,,False,1789771519763.9,,,unknown,[],,[],0,17,[],,,,,,,,,[],,,,,,,,,True,0.0,,,disarmed,False,,,1789771518502.2258,False,,17,1,,,,,,,,session_20260918_174450,Left Fade,
,,,,,,False,,,False,1789771520000.7,,,unknown,[],,[],0,18,[],,,,,,,,,[],,,,,,,,,True,0.0,,,disarmed,False,,,1789771518734.396,False,,18,1,,,,,,,,session_20260918_174450,Left Fade,
,,,,,,False,,,False,1789771520058.7,,,unknown,[],,[],0,19,[],,,,,,,,,[],,,,,,,,,True,0.0,,,disarmed,False,,,1789771518926.3213,False,,19,1,,,,,,,,session_20260918_174450,Left Fade,
,,,,,,False,,,False,1789771520238.8,,,unknown,[],,[],0,20,[],,,,,,,,,[],,,,,,,,,True,0.0,,,disarmed,False,,,1789771519106.165,False,,20,1,,,,,,,,session_20260918_174450,Left Fade,
,,,,,,False,,,False,1789771520529.5,,,unknown,[],,[],0,21,[],,,,,,,,,[],,,,,,,,,True,0.0,,,disarmed,False,,,1789771519280.5574,False,,21,1,,,,,,,,session_20260918_174450,Left Fade,
,,,,,,False,,,False,1789771520686.3,,,unknown,[],,[],0,22,[],,,,,,,,,[],,,,,,,,,True,0.0,,,disarmed,False,,,1789771519476.0107,False,,22,1,,,,,,,,session_20260918_174450,Left Fade,
,,,,,,False,,,False,1789771520985.7,,,unknown,[],,[],0,23,[],,,,,,,,,[],,,,,,,,,True,0.0,,,disarmed,False,,,1789771519667.2917,False,,23,1,,,,,,,,session_20260918_174450,Left Fade,
,,,,,,False,,,False,1789771521285.2,,,unknown,[],,[],0,24,[],,,,,,,,,[],,,,,,,,,True,0.0,,,disarmed,False,,,1789771519858.4507,False,,24,1,,,,,,,,session_20260918_174450,Left Fade,
,,,,,,False,,,False,1789771521285.2,,,unknown,[],,[],0,25,[],,,,,,,,,[],,,,,,,,,True,0.0,,,disarmed,False,,,1789771520058.6501,False,,25,1,,,,,,,,session_20260918_174450,Left Fade,
,,,,,,False,,,False,1789771521539.5,,,unknown,[],,[],0,26,[],,,,,,,,,[],,,,,,,,,True,0.0,,,disarmed,False,,,1789771520238.8162,False,,26,1,,,,,,,,session_20260918_174450,Left Fade,
,,,,,,False,,,False,1789771528876.3,,,unknown,[],,[],0,27,[],,,,,,,,,[],,,,,,,,,True,0.0,563.57,detect_loop,unanswered,False,,,1789771520686.3323,False,,27,1,,,,,,,,session_20260918_174450,Go-To,
,,,,,,False,,,False,1789771529676.0,,,unknown,[],,[],0,28,[],,,,,,,,,[],,,,,,,,,True,0.0,1614.22,detect_loop,unanswered,False,,,1789771521539.4663,False,,28,1,,,,,,,,session_20260918_174450,Go-To,
,,,,,,False,,,False,1789771524828.3,,,unknown,[],,[],0,29,[],,,,,,,,,[],,,,,,,,,True,0.0,,,disarmed,False,,,1789771523464.685,False,,29,1,,,,,,,,session_20260918_174450,Standstill,
,,,117.92999999999995,,,False,,,False,1789771529975.3,,,unknown,[],,[],0,30,[],,,,,,726.3,,,[],,,,,,,,,True,0.0,608.37,detect_loop,released,False,,,1789771525611.939,False,,30,1,,1789771526338.2576,,,,,,session_20260918_174450,Standstill,
,,,535.77,,,False,,,False,1789771530666.3,,,unknown,[],25.167,[],0,31,[],,,,,EXCELLENT,704.0,,,[],,,,,,,,,True,0.0,168.23,detect_loop,released,False,,,1789771528632.9326,False,,31,1,,1789771529336.8845,,,,,,session_20260918_174450,Standstill,
,,,105.74000000000001,,,False,,,False,1789771535766.4,,,unknown,[],27.083,[],0,32,[],,,,,EXCELLENT,1030.3,,,[],,,,,,,,,True,0.0,924.56,detect_loop,released,False,,,1789771533375.082,False,,32,1,,1789771534405.36,,,,,,session_20260918_174450,Right Fade,
,,,685.76,,,False,,,False,1789771539166.2,,,unknown,[],22.583,[],0,33,[],,,,,LATE,687.3,,,[],,,,,,,,,True,0.0,1.54,detect_loop,released,False,,,1789771536372.0796,False,,33,1,,1789771537059.3518,,,,,,session_20260918_174450,Standstill,
,,,138.82999999999993,,,False,,,False,1789771540965.7,,,unknown,[],22.083,[],0,34,[],,,,,EXCELLENT,643.8,,,[],,,,,,,,,True,0.0,504.97,detect_loop,released,False,,,1789771539076.21,False,,34,1,,1789771539719.9763,,,,,,session_20260918_174450,Standstill,
,,,137.38,,,False,,,False,1789771545083.3,,,unknown,[],25.25,[],0,35,[],,,,,EXCELLENT,644.1,,,[],,,,,,,,,True,0.0,506.72,detect_loop,released,False,,,1789771543091.92,False,,35,1,,1789771543736.054,,,,,,session_20260918_174450,Standstill,
,,,,,,False,,,False,1789771548391.9,,,unknown,[],,[],0,36,[],,,,,,,,,[],,,,,,,,,True,0.0,,,disarmed,False,,,1789771546649.5168,False,,36,1,,,,,,,,session_20260918_174450,Standstill,
,,,137.99,,,False,,,False,1789771552014.1,,,unknown,[],31.833,[],0,37,[],,,,,LATE,659.0,,,[],,,,,,,,,True,0.0,521.01,detect_loop,released,False,,,1789771548143.9998,False,,37,1,,1789771548802.9631,,,,,,session_20260918_174450,Standstill,
,,,136.64,,,False,,,False,1789771553313.6,,,unknown,[],31.75,[],0,38,[],,,,,EXCELLENT,646.9,,,[],,,,,,,,,True,0.0,510.26,detect_loop,released,False,,,1789771551306.0027,False,,38,1,,1789771551952.912,,,,,,session_20260918_174450,Standstill,
,,,121.01999999999998,,,False,,,False,1789771557316.1,,,unknown,[],40.75,[],0,39,[],,,,,EXCELLENT,647.4,,,[],,,,,,,,,True,0.0,526.38,detect_loop,released,False,,,1789771555272.0017,False,,39,1,,1789771555919.384,,,,,,session_20260918_174450,Standstill,
,,,138.47000000000003,,,False,,,False,1789771560714.4,,,unknown,[],31.083,[],0,40,[],,,,,EARLY,684.7,,,[],,,,,,,,,True,0.0,546.23,detect_loop,released,False,,,1789771558584.6426,False,,40,1,,1789771559269.339,,,,,,session_20260918_174450,Standstill,
,,,111.91999999999996,,,False,,,False,1789771706092.3,,,unknown,[],,[],0,41,[],,,,,,978.0,,,[],,,,,,,,,True,0.0,866.08,detect_loop,released,False,,,1789771701457.8066,False,,41,1,,1789771702435.817,,,,,,session_20260918_174450,Left Fade,
,,,,,,False,,,False,1789771711147.3,,,unknown,[],,[],0,42,[],,,,,,,,,[],,,,,,,,,True,0.0,,,disarmed,False,,,1789771709966.7625,False,,42,1,,,,,,,,session_20260918_174450,Right Fade,
,,,,,,False,,,False,1789771721967.5,,,unknown,[],,[],0,43,[],,,,,,,,,[],,,,,,,,,True,0.0,,,disarmed,False,,,1789771720648.7617,False,,43,1,,,,,,,,session_20260918_174450,Right Fade,
,,,138.04000000000002,,,False,,,False,1789771738537.7,,WIDE OPEN,open,[],23.75,[],0,44,[],,,,,EXCELLENT,647.7,,,[],,,,,,,,,True,0.0,509.66,detect_loop,released,False,,,1789771737128.4963,False,,44,1,,1789771737776.1726,,,,,,session_20260918_174450,Standstill,
,,,,,,False,,,False,1789771769140.9,,,unknown,[],,[],0,45,[],,,,,,,,,[],,,,,,,,,True,0.0,,,disarmed,False,,,1789771767859.857,False,,45,1,,,,,,,,session_20260918_174450,Left Fade,
,,,136.83000000000004,,,False,,,False,1789771808984.9,,OPEN,open,[],25.833,[],0,46,[],,,,,EXCELLENT,643.2,,,[],,,,,,,,,True,0.0,506.37,detect_loop,released,False,,,1789771807479.823,False,,46,1,,1789771808123.0452,,,,,,session_20260918_174450,Standstill,
,,,,,,False,,,False,1789771824315.7,,,unknown,[],,[],0,47,[],,,,,,,,,[],,,,,,,,,True,0.0,889.0,detect_loop,disarmed,False,,,1789771821595.5398,False,,47,1,,,,,,,,session_20260918_174450,Standstill,
,,,,,,False,,,False,1789771839390.7,,,unknown,[],,[],0,48,[],,,,,,,,,[],,,,,,,,,True,0.0,,,disarmed,False,,,1789771838216.1572,False,,48,1,,,,,,,,session_20260918_174450,Right Fade,
,,,,,,False,,,False,1789771846987.7,,,unknown,[],,[],0,49,[],,,,,,,,,[],,,,,,,,,True,0.0,,,disarmed,False,,,1789771845739.953,False,,49,1,,,,,,,,session_20260918_174450,Standstill,
,,,,,,False,,,False,1789771858632.8,,,unknown,[],,[],0,50,[],,,,,,,,,[],,,,,,,,,True,0.0,,,unanswered,False,,,1789771850396.6458,False,,50,1,,,,,,,,session_20260918_174450,Go-To,
,,,,,,False,,,False,1789771856081.8,,,unknown,[],,[],0,51,[],,,,,,,,,[],,,,,,,,,True,0.0,,,disarmed,False,,,1789771854703.6113,False,,51,1,,,,,,,,session_20260918_174450,Left Fade,
,,,138.36,,,False,,,False,1789771869383.6,,WIDE OPEN,open,[],27.5,[],0,52,[],,,,,EXCELLENT,674.5,,,[],,,,,,,,,True,0.0,536.14,detect_loop,released,False,,,1789771867845.7024,False,,52,1,,1789771868520.2344,,,,,,session_20260918_174450,Standstill,
,,,,,,False,,,False,1789772023667.2,,,unknown,[],,[],0,53,[],,,,,,,,,[],,,,,,,,,True,0.0,,,unanswered,False,,,1789772015528.9023,False,,53,1,,,,,,,,session_20260918_174450,Go-To,
,,,133.28000000000003,,,False,,,False,1789772022353.0,,,unknown,[],,[],0,54,[],,,,,,572.7,,,[],,,,,,,,,True,0.0,439.42,detect_loop,released,False,,,1789772018092.855,False,,54,1,,1789772018665.5237,,,,,,session_20260918_174450,Standstill,
,,,,,,False,,,False,1789772041514.2,,,unknown,[],,[],0,55,[],,,,,,,,,[],,,,,,,,,True,0.0,,,disarmed,False,,,1789772040301.5942,False,,55,1,,,,,,,,session_20260918_174450,Right Fade,
,,,131.72000000000003,,,False,,,False,1789772064441.5,,,unknown,[],,[],0,56,[],,,,,,648.4,,,[],,,,,,,,,True,0.0,516.68,detect_loop,released,False,,,1789772060098.2883,False,,56,1,,1789772060746.6912,,,,,,session_20260918_174450,Standstill,
,,,,,,False,,,False,1789772080381.7,,,unknown,[],,[],0,57,[],,,,,,,,,[],,,,,,,,,True,0.0,,,unanswered,False,,,1789772072277.3013,False,,57,1,,,,,,,,session_20260918_174450,Go-To,
,,,144.23000000000002,,,False,,,False,1789772076977.1,,OPEN,open,[],25.75,[],0,58,[],,,,,EXCELLENT,657.7,,,[],,,,,,,,,True,0.0,513.47,detect_loop,released,False,,,1789772075599.0493,False,,58,1,,1789772076256.7913,,,,,,session_20260918_174450,Standstill,
,,,116.17999999999995,,,False,,,False,1789772086967.1,,OPEN,open,[],27.917,[],0,59,[],,,,,EXCELLENT,642.8,,,[],,,,,,,,,True,0.0,526.62,detect_loop,released,False,,,1789772085385.3596,False,,59,1,,1789772086028.1506,,,,,,session_20260918_174450,Standstill,
,,,,,,False,,,False,1789772118896.4,,,unknown,[],,[],0,60,[],,,,,,,,,[],,,,,,,,,True,0.0,,,disarmed,False,,,1789772117648.2148,False,,60,1,,,,,,,,session_20260918_174450,Standstill,
,,,,,,False,,,False,1789772257886.7,,,unknown,[],,[],0,61,[],,,,,,,,,[],,,,,,,,,True,0.0,,,unanswered,False,,,1789772249717.4927,False,,61,1,,,,,,,,session_20260918_174450,Go-To,
,,,129.75,,,False,,,False,1789772253100.8,,SEMI-OPEN,unknown,[],24.417,[],0,62,[],,,,,LATE,748.6,,,[],,,,,,,,,True,0.0,618.85,detect_loop,released,False,,,1789772251338.2922,False,,62,1,,1789772252086.919,,,,,,session_20260918_174450,Standstill,
,,,,,,False,,,False,1789772256780.8,,,unknown,[],,[],0,63,[],,,,,,,,,[],,,,,,,,,True,0.0,,,disarmed,False,,,1789772255618.8386,False,,63,1,,,,,,,,session_20260918_174450,Right Fade,
,,,,,,False,,,False,1789772292977.9,,,unknown,[],,[],0,64,[],,,,,,,,,[],,,,,,,,,True,0.0,,,unanswered,False,,,1789772284943.4194,False,,64,1,,,,,,,,session_20260918_174450,Go-To,
,,,143.42999999999995,,,False,,,False,1789772287752.0,,,unknown,[],,[],0,65,[],,,,,EXCELLENT,654.3,,,[],,,,,,,,,True,0.0,510.87,detect_loop,released,False,,,1789772286275.7715,False,,65,1,,1789772286930.0781,,,,,,session_20260918_174450,Standstill,
,,,133.20000000000005,,,False,,,False,1789772299165.6,,OPEN,open,[],27.0,[],0,66,[],,,,,EXCELLENT,644.2,,,[],,,,,,,,,True,0.0,511.0,detect_loop,released,False,,,1789772297673.658,False,,66,1,,1789772298317.8386,,,,,,session_20260918_174450,Standstill,
,,,135.34000000000003,,,False,,,False,1789772318763.6,,WIDE OPEN,open,[],25.0,[],0,67,[],,,,,EXCELLENT,697.9,,,[],,,,,,,,,True,0.0,562.56,detect_loop,released,False,,,1789772317301.9038,False,,67,1,,1789772317999.78,,,,,,session_20260918_174450,Standstill,
,,,,,,False,,,False,1789772328629.6,,,unknown,[],,[],0,68,[],,,,,,,,,[],,,,,,,,,True,0.0,,,disarmed,False,,,1789772327348.881,False,,68,1,,,,,,,,session_20260918_174450,Standstill,
,,,,,,False,,,False,1789772435622.9,,,unknown,[],,[],0,69,[],,,,,,,,,[],,,,,,,,,True,0.0,,,unanswered,False,,,1789772427503.5894,False,,69,1,,,,,,,,session_20260918_174450,Go-To,
,,,118.58000000000004,,,False,,,False,1789772431827.9,,WIDE OPEN,open,[],29.75,[],0,70,[],,,,,EXCELLENT,668.2,,,[],,,,,,,,,True,0.0,549.62,detect_loop,released,False,,,1789772430342.0513,False,,70,1,,1789772431010.2058,,,,,,session_20260918_174450,Standstill,
,,,132.90999999999997,,,False,,,False,1789772444360.0,,,unknown,[],,[],0,71,[],,,,,EXCELLENT,649.0,,,[],,,,,,,,,True,0.0,516.09,detect_loop,released,False,,,1789772442993.5154,False,,71,1,,1789772443642.5183,,,,,,session_20260918_174450,Standstill,
,,,145.56000000000006,,,False,,,False,1789772454425.0,,WIDE OPEN,open,[],25.5,[],0,72,[],,,,,LATE,679.7,,,[],,,,,,,,,True,0.0,534.14,detect_loop,released,False,,,1789772452922.043,False,,72,1,,1789772453601.7449,,,,,,session_20260918_174450,Standstill,
,,,,,,False,,,False,1789772459230.0,,,unknown,[],,[],0,73,[],,,,,,,,,[],,,,,,,,,True,0.0,,,disarmed,False,,,1789772457945.1936,False,,73,1,,,,,,,,session_20260918_174450,Left Fade,
,,,134.32999999999993,,,False,,,False,1789772470473.8,,WIDE OPEN,open,[],,[],0,74,[],,,,,EXCELLENT,652.4,,,[],,,,,,,,,True,0.0,518.07,detect_loop,released,False,,,1789772469121.9534,False,,74,1,,1789772469774.3328,,,,,,session_20260918_174450,Standstill,
,,,129.43000000000006,,,False,,,False,1789772480592.1,,WIDE OPEN,open,[],25.0,[],0,75,[],,,,,EXCELLENT,706.6,,,[],,,,,,,,,True,0.0,577.17,detect_loop,released,False,,,1789772479166.974,False,,75,1,,1789772479873.6038,,,,,,session_20260918_174450,Standstill,
,,,,,,False,,,False,1789772491923.7,,,unknown,[],,[],0,76,[],,,,,,,,,[],,,,,,,,,True,0.0,,,disarmed,False,,,1789772490557.5332,False,,76,1,,,,,,,,session_20260918_174450,Standstill,
,,,137.55000000000007,,,False,,,False,1789772599128.3,,LIGHT CONTEST,contested,[],23.75,[],0,77,[],,,,,EXCELLENT,636.7,,,[],,,,,,,,,True,0.0,499.15,detect_loop,released,False,,,1789772597429.6104,False,,77,1,,1789772598066.2627,,,,,,session_20260918_174450,Standstill,
,,,139.18000000000006,,,False,,,False,1789772609645.7,,LIGHT CONTEST,contested,[],20.833,[],0,78,[],,,,,LATE,1006.2,,,[],,,,,,,,,True,0.0,867.02,detect_loop,released,False,,,1789772607329.1648,False,,78,1,,1789772608335.339,,,,,,session_20260918_174450,Right Fade,
,,,,,,False,,,False,1789772612950.0,,,unknown,[],,[],0,79,[],,,,,,,,,[],,,,,,,,,True,0.0,,,disarmed,False,,,1789772611816.4658,False,,79,1,,,,,,,,session_20260918_174450,Left Fade,
,,,,,,False,,,False,1789772614501.8,,,unknown,[],,[],0,80,[],,,,,,,,,[],,,,,,,,,True,0.0,,,disarmed,False,,,1789772613359.9448,False,,80,1,,,,,,,,session_20260918_174450,Post Fade,
,,,,,,False,,,False,1789772616559.4,,,unknown,[],,[],0,81,[],,,,,,,,,[],,,,,,,,,True,0.0,,,disarmed,False,,,1789772615232.1484,False,,81,1,,,,,,,,session_20260918_174450,Post Fade,
,,,,,,False,,,False,1789772640416.2,,,unknown,[],,[],0,82,[],,,,,,,,,[],,,,,,,,,True,0.0,,,disarmed,False,,,1789772639100.992,False,,82,1,,,,,,,,session_20260918_174450,Right Fade,
,,,,,,False,,,False,1789772677032.9,,,unknown,[],,[],0,83,[],,,,,,,,,[],,,,,,,,,True,0.0,,,disarmed,False,,,1789772675926.5667,False,,83,1,,,,,,,,session_20260918_174450,Left Fade,
,,,137.62,,,False,,,False,1789772686107.7,,OPEN,open,[],22.5,[],0,84,[],,,,,EXCELLENT,651.6,,,[],,,,,,,,,True,0.0,513.98,detect_loop,released,False,,,1789772684677.1377,False,,84,1,,1789772685328.715,,,,,,session_20260918_174450,Standstill,
,,,138.92000000000007,,,False,,,False,1789772696957.2,,WIDE OPEN,open,[],27.917,[],0,85,[],,,,,EXCELLENT,657.7,,,[],,,,,,,,,True,0.0,518.78,detect_loop,released,False,,,1789772695471.1816,False,,85,1,,1789772696128.9128,,,,,,session_20260918_174450,Standstill,
,,,137.69,,,False,,,False,1789772705960.6,,WIDE OPEN,open,[],26.667,[],0,86,[],,,,,EXCELLENT,639.6,,,[],,,,,,,,,True,0.0,501.91,detect_loop,released,False,,,1789772704573.2407,False,,86,1,,1789772705212.8232,,,,,,session_20260918_174450,Standstill,
,,,,,,False,,,False,1789772829828.9,,,unknown,[],,[],0,87,[],,,,,,,,,[],,,,,,,,,True,0.0,,,disarmed,False,,,1789772828648.4456,False,,87,1,,,,,,,,session_20260918_174450,Left Fade,
,,,,,,False,,,False,1789772834124.4,,,unknown,[],,[],0,88,[],,,,,,,,,[],,,,,,,,,True,0.0,,,disarmed,False,,,1789772832859.5552,False,,88,1,,,,,,,,session_20260918_174450,Post Fade,
,,,139.70000000000005,,,False,,,False,1789772849281.5,,WIDE OPEN,open,[],24.0,[],0,89,[],,,,,EXCELLENT,647.7,,,[],,,,,,,,,True,0.0,508.0,detect_loop,released,False,,,1789772847840.2441,False,,89,1,,1789772848487.896,,,,,,session_20260918_174450,Standstill,
,,,138.37,,,False,,,False,1789772861613.7,,WIDE OPEN,open,[],23.75,[],0,90,[],,,,,EXCELLENT,656.9,,,[],,,,,,,,,True,0.0,518.53,detect_loop,released,False,,,1789772860196.7488,False,,90,1,,1789772860853.672,,,,,,session_20260918_174450,Standstill,
,,,136.20999999999992,,,False,,,False,1789772870780.8,,SEMI-OPEN,unknown,[],20.417,[],0,91,[],,,,,EXCELLENT,656.4,,,[],,,,,,,,,True,0.0,520.19,detect_loop,released,False,,,1789772869263.479,False,,91,1,,1789772869919.8596,,,,,,session_20260918_174450,Standstill,
,,,128.39,,,False,,,False,1789772892430.9,,WIDE OPEN,open,[],20.0,[],0,92,[],,,,,EXCELLENT,656.0,,,[],,,,,,,,,True,0.0,527.61,detect_loop,released,False,,,1789772891047.703,False,,92,1,,1789772891703.696,,,,,,session_20260918_174450,Standstill,
,,,,,,False,,,False,1789772919031.9,,,unknown,[],,[],0,93,[],,,,,,,,,[],,,,,,,,,True,0.0,,,disarmed,False,,,1789772917930.8562,False,,93,1,,,,,,,,session_20260918_174450,Right Fade,
,,,137.99,,,False,,,False,1789772935011.0,,SEMI-OPEN,unknown,[],12.25,[],0,94,[],,,,,EXCELLENT,651.5,,,[],,,,,,,,,True,0.0,513.51,detect_loop,released,False,,,1789772933631.9543,False,,94,1,,1789772934283.4587,,,,,,session_20260918_174450,Standstill,
,,,,,,False,,,False,1789773055653.0,,,unknown,[],,[],0,95,[],,,,,,,,,[],,,,,,,,,True,0.0,,,unanswered,False,,,1789773047563.3809,False,,95,1,,,,,,,,session_20260918_174450,Go-To,
,,,135.95,,,False,,,False,1789773051344.8,,SEMI-OPEN,unknown,[],24.917,[],0,96,[],,,,,EARLY,591.0,,,[],,,,,,,,,True,0.0,455.05,detect_loop,released,False,,,1789773049837.6372,False,,96,1,,1789773050428.6187,,,,,,session_20260918_174450,Standstill,
,,,,,,False,,,False,1789773056201.2,,,unknown,[],,[],0,97,[],,,,,,,,,[],,,,,,,,,True,0.0,,,disarmed,False,,,1789773054972.9563,False,,97,1,,,,,,,,session_20260918_174450,Left Fade,
,,,135.58000000000004,,,False,,,False,1789773069841.4,,WIDE OPEN,open,[],,[],0,98,[],,,,,EXCELLENT,694.0,,,[],,,,,,,,,True,0.0,558.42,detect_loop,released,False,,,1789773068401.006,False,,98,1,,1789773069095.0159,,,,,,session_20260918_174450,Standstill,
,,,,,,False,,,False,1789773086336.1,,,unknown,[],,[],0,99,[],,,,,,,,,[],,,,,,,,,True,0.0,,,unanswered,False,,,1789773078272.3572,False,,99,1,,,,,,,,session_20260918_174450,Go-To,
,,,138.84000000000003,,,False,,,False,1789773081788.8,,OPEN,open,[],24.333,[],0,100,[],,,,,EXCELLENT,655.7,,,[],,,,,,,,,True,0.0,516.86,detect_loop,released,False,,,1789773080337.0798,False,,100,1,,1789773080992.8127,,,,,,session_20260918_174450,Standstill,
,,,138.32999999999998,,,False,,,False,1789773091086.8,,OPEN,open,[],29.333,[],0,101,[],,,,,EXCELLENT,647.5,,,[],,,,,,,,,True,0.0,509.17,detect_loop,released,False,,,1789773089578.6228,False,,101,1,,1789773090226.1,,,,,,session_20260918_174450,Standstill,
,,,,,,False,,,False,1789773100150.7,,,unknown,[],,[],0,102,[],,,,,,,,,[],,,,,,,,,True,0.0,,,disarmed,False,,,1789773098742.1575,False,,102,1,,,,,,,,session_20260918_174450,Standstill,
,,,134.80999999999995,,,False,,,False,1789773200367.7,,SEMI-OPEN,unknown,[],25.083,[],0,103,[],,,,,EARLY,636.3,,,[],,,,,,,,,True,0.0,501.49,detect_loop,released,False,,,1789773198769.121,False,,103,1,,1789773199405.4282,,,,,,session_20260918_174450,Standstill,
,,,129.9699999999999,,,False,,,False,1789773276571.8,,BOTHERED,unknown,[],27.833,[],0,104,[],,,,,LATE,658.3,,,[],,,,,,,,,True,0.0,528.33,detect_loop,released,False,,,1789773274627.115,False,,104,1,,1789773275285.4304,,,,,,session_20260918_174450,Standstill,
,,,,,,False,,,False,1789773279879.8,,,unknown,[],,[],0,105,[],,,,,,,,,[],,,,,,,,,True,0.0,,,disarmed,False,,,1789773278601.634,False,,105,1,,,,,,,,session_20260918_174450,Left Fade,
,,,,,,False,,,False,1789773303468.9,,,unknown,[],,[],0,106,[],,,,,,,,,[],,,,,,,,,True,0.0,,,disarmed,False,,,1789773301980.6023,False,,106,1,,,,,,,,session_20260918_174450,Standstill,
,,,,,,False,,,False,1789773333581.3,,,unknown,[],,[],0,107,[],,,,,,,,,[],,,,,,,,,True,0.0,,,disarmed,False,,,1789773332179.1335,False,,107,1,,,,,,,,session_20260918_174450,Standstill,
,,,,,,False,,,False,1789773466173.9,,,unknown,[],,[],0,108,[],,,,,,,,,[],,,,,,,,,True,0.0,,,disarmed,False,,,1789773464938.707,False,,108,1,,,,,,,,session_20260918_174450,Right Fade,
,,,128.21000000000004,,,False,,,False,1789773487556.8,,WIDE OPEN,open,[],23.75,[],0,109,[],,,,,EXCELLENT,645.5,,,[],,,,,,,,,True,0.0,517.29,detect_loop,released,False,,,1789773486079.4626,False,,109,1,,1789773486724.9375,,,,,,session_20260918_174450,Standstill,
,,,136.19999999999993,,,False,,,False,1789773500106.5,,WIDE OPEN,open,[],25.167,[],0,110,[],,,,,EXCELLENT,651.8,,,[],,,,,,,,,True,0.0,515.6,detect_loop,released,False,,,1789773498737.81,False,,110,1,,1789773499389.6536,,,,,,session_20260918_174450,Standstill,
,,,,,,False,,,False,1789773520846.8,,,unknown,[],,[],0,111,[],,,,,,,,,[],,,,,,,,,True,0.0,,,unanswered,False,,,1789773512757.7815,False,,111,1,,,,,,,,session_20260918_174450,Go-To,
,,,122.92999999999995,,,False,,,False,1789773515272.9,,BOTHERED,unknown,[],25.417,[],0,112,[],,,,,LATE,694.9,,,[],,,,,,,,,True,0.0,571.97,detect_loop,released,False,,,1789773513602.3113,False,,112,1,,1789773514297.164,,,,,,session_20260918_174450,Standstill,
,,,,,,False,,,False,1789773637415.9,,,unknown,[],,[],0,113,[],,,,,,,,,[],,,,,,,,,True,0.0,,,disarmed,False,,,1789773636218.2095,False,,113,1,,,,,,,,session_20260918_174450,Standstill,
,,,96.02999999999997,,,False,,,False,1789773831136.0,,WIDE OPEN,open,[],22.917,[],0,114,[],,,,,EXCELLENT,648.5,,,[],,,,,,,,,True,0.0,552.47,detect_loop,released,False,,,1789773829658.4492,False,,114,1,,1789773830306.988,,,,,,session_20260918_174450,Standstill,
,,,72.50999999999999,,,False,,,False,1789773845432.7,,WIDE OPEN,open,[],24.25,[],0,115,[],,,,,EXCELLENT,830.3,,,[],,,,,,,,,True,0.0,757.79,detect_loop,released,False,,,1789773843780.4058,False,,115,1,,1789773844610.731,,,,,,session_20260918_174450,Right Fade,
,,,134.76,,,False,,,False,1789773858289.7,,WIDE OPEN,open,[],24.25,[],0,116,[],,,,,EXCELLENT,648.3,,,[],,,,,,,,,True,0.0,513.54,detect_loop,released,False,,,1789773856923.6904,False,,116,1,,1789773857572.029,,,,,,session_20260918_174450,Standstill,
,,,,,,False,,,False,1789773974720.3,,,unknown,[],,[],0,117,[],,,,,,,,,[],,,,,,,,,True,0.0,,,disarmed,False,,,1789773973414.651,False,,117,1,,,,,,,,session_20260918_174450,Standstill,
,,,,,,False,,,False,1789773976009.4,,,unknown,[],,[],0,118,[],,,,,,,,,[],,,,,,,,,True,0.0,,,disarmed,False,,,1789773974780.1802,False,,118,1,,,,,,,,session_20260918_174450,Standstill,
,,,,,,False,,,False,1789773995948.8,,,unknown,[],,[],0,119,[],,,,,,,,,[],,,,,,,,,True,0.0,,,disarmed,False,,,1789773994853.4438,False,,119,1,,,,,,,,session_20260918_174450,Right Fade,
,,,134.1099999999999,,,False,,,False,1789774026046.6,,WIDE OPEN,open,[],27.167,[],0,120,[],,,,,EXCELLENT,647.8,,,[],,,,,,,,,True,0.0,513.69,detect_loop,released,False,,,1789774024549.6482,False,,120,1,,1789774025197.455,,,,,,session_20260918_174450,Standstill,
,,,114.44000000000005,,,False,,,False,1789774037294.1,,OPEN,open,[],26.5,[],0,121,[],,,,,EXCELLENT,803.0,,,[],,,,,,,,,True,0.0,688.56,detect_loop,released,False,,,1789774035660.046,False,,121,1,,1789774036463.0706,,,,,,session_20260918_174450,Standstill,
,,,,,,False,,,False,1789774051792.0,,,unknown,[],,[],0,122,[],,,,,,,,,[],,,,,,,,,True,0.0,524.76,detect_loop,disarmed,False,,,1789774049187.8145,False,,122,1,,,,,,,,session_20260918_174450,Standstill,
,,,,,,False,,,False,1789774054198.5,,,unknown,[],,[],0,123,[],,,,,,,,,[],,,,,,,,,True,0.0,,,disarmed,False,,,1789774053041.865,False,,123,1,,,,,,,,session_20260918_174450,Left Fade,
,,,,,,False,,,False,1789774056062.9,,,unknown,[],,[],0,124,[],,,,,,,,,[],,,,,,,,,True,0.0,,,disarmed,False,,,1789774054751.9348,False,,124,1,,,,,,,,session_20260918_174450,Right Fade,
,,,,,,False,,,False,1789774229872.0,,,unknown,[],,[],0,125,[],,,,,,,,,[],,,,,,,,,True,0.0,,,disarmed,False,,,1789774228581.413,False,,125,1,,,,,,,,session_20260918_174450,Right Fade,
,,,,,,False,,,False,1789774256885.9,,,unknown,[],,[],0,126,[],,,,,,,,,[],,,,,,,,,True,0.0,,,disarmed,False,,,1789774255575.7124,False,,126,1,,,,,,,,session_20260918_174450,Post Fade,
,,,,,,False,,,False,1789774265563.5,,,unknown,[],,[],0,127,[],,,,,,,,,[],,,,,,,,,True,0.0,,,unanswered,False,,,1789774257298.9468,False,,127,1,,,,,,,,session_20260918_174450,Go-To,
,,,,,,False,,,False,1789774260547.1,,,unknown,[],,[],0,128,[],,,,,,,,,[],,,,,,,,,True,0.0,,,disarmed,False,,,1789774258064.379,False,,128,1,,,,,,,,session_20260918_174450,Standstill,
,,,,,,False,,,False,1789774263182.6,,,unknown,[],,[],0,129,[],,,,,,,,,[],,,,,,,,,True,0.0,,,disarmed,False,,,1789774261818.19,False,,129,1,,,,,,,,session_20260918_174450,Right Fade,
,,,135.36,,,False,,,False,1789774287945.1,,LIGHT CONTEST,contested,[],23.75,[],0,130,[],,,,,EXCELLENT,639.5,,,[],,,,,,,,,True,0.0,504.14,detect_loop,released,False,,,1789774283594.1704,False,,130,1,,1789774284233.6704,,,,,,session_20260918_174450,Standstill,
,,,,,,False,,,False,1789774295500.7,,,unknown,[],,[],0,131,[],,,,,,,,,[],,,,,,,,,True,0.0,,,disarmed,False,,,1789774294018.3032,False,,131,1,,,,,,,,session_20260918_174450,Standstill,
,,,,,,False,,,False,1789774303077.5,,,unknown,[],,[],0,132,[],,,,,,,,,[],,,,,,,,,True,0.0,,,unanswered,False,,,1789774295017.223,False,,132,1,,,,,,,,session_20260918_174450,Go-To,
,,,,,,False,,,False,1789774304376.8,,,unknown,[],,[],0,133,[],,,,,,,,,[],,,,,,,,,True,0.0,,,unanswered,False,,,1789774296235.3599,False,,133,1,,,,,,,,session_20260918_174450,Go-To,
,,,,,,False,,,False,1789774306538.1,,,unknown,[],,[],0,134,[],,,,,,,,,[],,,,,,,,,True,0.0,,,unanswered,False,,,1789774298512.7698,False,,134,1,,,,,,,,session_20260918_174450,Go-To,
,,,134.84000000000003,,,False,,,False,1789774300963.7,,SEMI-OPEN,unknown,[],17.917,[],0,135,[],,,,,LATE,653.4,,,[],,,,,,,,,True,0.0,518.56,detect_loop,released,False,,,1789774299279.097,False,,135,1,,1789774299932.5264,,,,,,session_20260918_174450,Standstill,
,,,,,,False,,,False,1789774303904.1,,,unknown,[],,[],0,136,[],,,,,,,,,[],,,,,,,,,True,0.0,,,disarmed,False,,,1789774302762.2603,False,,136,1,,,,,,,,session_20260918_174450,Left Fade,
,,,,,,False,,,False,1789774305698.1,,,unknown,[],,[],0,137,[],,,,,,,,,[],,,,,,,,,True,0.0,,,disarmed,False,,,1789774304376.8306,False,,137,1,,,,,,,,session_20260918_174450,Right Fade,
,,,,,,False,,,False,1789774309977.9,,,unknown,[],,[],0,138,[],,,,,,,,,[],,,,,,,,,True,0.0,,,disarmed,False,,,1789774308629.3474,False,,138,1,,,,,,,,session_20260918_174450,Right Fade,
,,,118.63,,,False,,,False,1789774337080.2,,OPEN,open,[],25.917,[],0,139,[],,,,,LATE,652.6,,,[],,,,,,,,,True,0.0,533.97,detect_loop,released,False,,,1789774335511.301,False,,139,1,,1789774336163.9304,,,,,,session_20260918_174450,Standstill,
,,,,,,False,,,False,1789774368383.5,,,unknown,[],,[],0,140,[],,,,,,,,,[],,,,,,,,,True,0.0,,,disarmed,False,,,1789774367070.4143,False,,140,1,,,,,,,,session_20260918_174450,Left Fade,
,,,111.57000000000005,,,False,,,False,1789774403008.3,,LIGHT CONTEST,contested,[],15.833,[],0,141,[],,,,,LATE,863.2,,,[],,,,,,,,,True,0.0,751.63,detect_loop,released,False,,,1789774401123.0762,False,,141,1,,1789774401986.2502,,,,,,session_20260918_174450,Standstill,
,,,,,,False,,,False,1789774405397.1,,,unknown,[],,[],0,142,[],,,,,,,,,[],,,,,,,,,True,0.0,,,disarmed,False,,,1789774404082.4468,False,,142,1,,,,,,,,session_20260918_174450,Right Fade,
,,,120.3900000000001,,,False,,,False,1789774436702.6,,BOTHERED,unknown,[],,[],0,143,[],,,,,EXCELLENT,821.7,,,[],,,,,,,,,True,0.0,701.31,detect_loop,released,False,,,1789774435085.4883,False,,143,1,,1789774435907.2131,,,,,,session_20260918_174450,Standstill,
,,,134.91000000000003,,,False,,,False,1789774446202.6,,WIDE OPEN,open,[],23.75,[],0,144,[],,,,,EXCELLENT,640.2,,,[],,,,,,,,,True,0.0,505.29,detect_loop,released,False,,,1789774444830.6296,False,,144,1,,1789774445470.799,,,,,,session_20260918_174450,Standstill,
,,,119.66999999999996,,,False,,,False,1789774456553.6,,LIGHT CONTEST,contested,[],25.583,[],0,145,[],,,,,EARLY,796.5,,,[],,,,,,,,,True,0.0,676.83,detect_loop,released,False,,,1789774454510.5667,False,,145,1,,1789774455307.0996,,,,,,session_20260918_174450,Standstill,
,,,,,,False,,,False,1789774459108.2,,,unknown,[],,[],0,146,[],,,,,,,,,[],,,,,,,,,True,0.0,,,disarmed,False,,,1789774457927.096,False,,146,1,,,,,,,,session_20260918_174450,Right Fade,
,,,135.38,,,False,,,False,1789774496549.7,,OPEN,open,[],26.583,[],0,147,[],,,,,LATE,647.7,,,[],,,,,,,,,True,0.0,512.32,detect_loop,released,False,,,1789774495053.949,False,,147,1,,1789774495701.6497,,,,,,session_20260918_174450,Standstill,
,,,,,,False,,,False,1789774499856.5,,,unknown,[],,[],0,148,[],,,,,,,,,[],,,,,,,,,True,0.0,,,disarmed,False,,,1789774498695.474,False,,148,1,,,,,,,,session_20260918_174450,Right Fade,
,,,,,,False,,,False,1789774506663.3,,,unknown,[],,[],0,149,[],,,,,,,,,[],,,,,,,,,True,0.0,,,disarmed,False,,,1789774505423.4524,False,,149,1,,,,,,,,session_20260918_174450,Right Fade,
,,,136.07000000000005,,,False,,,False,1789774518548.4,,WIDE OPEN,open,[],23.75,[],0,150,[],,,,,EXCELLENT,657.7,,,[],,,,,,,,,True,0.0,521.63,detect_loop,released,False,,,1789774517092.8064,False,,150,1,,1789774517750.5059,,,,,,session_20260918_174450,Standstill,
,,,,,,False,,,False,1789774704141.7,,,unknown,[],,[],0,151,[],,,,,,,,,[],,,,,,,,,True,0.0,,,unanswered,False,,,1789774696006.1514,False,,151,1,,,,,,,,session_20260918_174450,Go-To,
,,,113.68999999999994,,,False,,,False,1789774698380.1,,WIDE OPEN,open,[],24.167,[],0,152,[],,,,,LATE,741.8,,,[],,,,,,,,,True,0.0,628.11,detect_loop,released,False,,,1789774696788.0051,False,,152,1,,1789774697529.784,,,,,,session_20260918_174450,Standstill,
,,,,,,False,,,False,1789774719403.1,,,unknown,[],,[],0,153,[],,,,,,,,,[],,,,,,,,,True,0.0,,,disarmed,False,,,1789774717471.1584,False,,153,1,,,,,,,,session_20260918_174450,Standstill,
,,,132.97000000000003,,,False,,,False,1789774727707.9,,WIDE OPEN,open,[],,[],0,154,[],,,,,EXCELLENT,696.7,,,[],,,,,,,,,True,0.0,563.73,detect_loop,released,False,,,1789774726361.2,False,,154,1,,1789774727057.905,,,,,,session_20260918_174450,Standstill,
,,,,,,False,,,False,1789774743324.0,,,unknown,[],,[],0,155,[],,,,,,,,,[],,,,,,,,,True,0.0,,,unanswered,False,,,1789774735245.8623,False,,155,1,,,,,,,,session_20260918_174450,Go-To,
,,,135.17999999999995,,,False,,,False,1789774737508.0,,OPEN,open,[],25.5,[],0,156,[],,,,,EXCELLENT,647.8,,,[],,,,,,,,,True,0.0,512.62,detect_loop,released,False,,,1789774736011.8792,False,,156,1,,1789774736659.673,,,,,,session_20260918_174450,Standstill,
,,,131.83000000000004,,,False,,,False,1789774751555.3,,WIDE OPEN,open,[],22.0,[],0,157,[],,,,,EXCELLENT,640.2,,,[],,,,,,,,,True,0.0,508.37,detect_loop,released,False,,,1789774750133.386,False,,157,1,,1789774750773.6016,,,,,,session_20260918_174450,Standstill,
,,,107.12,,,False,,,False,1789774884123.3,,,unknown,[],,[],0,158,[],,,,,,944.1,,,[],,,,,,,,,True,0.0,836.98,detect_loop,released,False,,,1789774879435.9426,False,,158,1,,1789774880380.0806,,,,,,session_20260918_174450,Right Fade,
,,,,,,False,,,False,1789774898246.3,,,unknown,[],,[],0,159,[],,,,,,,,,[],,,,,,,,,True,0.0,,,disarmed,False,,,1789774896927.3354,False,,159,1,,,,,,,,session_20260918_174450,Right Fade,
,,,,,,False,,,False,1789774900099.5,,,unknown,[],,[],0,160,[],,,,,,,,,[],,,,,,,,,True,0.0,,,disarmed,False,,,1789774898903.564,False,,160,1,,,,,,,,session_20260918_174450,Right Fade,
,,,131.45,,,False,,,False,1789774949681.3,,LIGHT CONTEST,contested,[],25.75,[],0,161,[],,,,,EXCELLENT,639.4,,,[],,,,,,,,,True,0.0,507.95,detect_loop,released,False,,,1789774947924.2407,False,,161,1,,1789774948563.635,,,,,,session_20260918_174450,Standstill,
,,,,,,False,,,False,1789774970572.1,,,unknown,[],,[],0,162,[],,,,,,,,,[],,,,,,,,,True,0.0,,,unanswered,False,,,1789774962360.3262,False,,162,1,,,,,,,,session_20260918_174450,Go-To,
,,,132.17999999999995,,,False,,,False,1789774964511.6,,OPEN,open,[],23.75,[],0,163,[],,,,,EXCELLENT,632.4,,,[],,,,,,,,,True,0.0,500.22,detect_loop,released,False,,,1789774963113.6963,False,,163,1,,1789774963746.122,,,,,,session_20260918_174450,Standstill,
,,,,,,False,,,False,1789774980051.2,,,unknown,[],,[],0,164,[],,,,,,,,,[],,,,,,,,,True,0.0,,,unanswered,False,,,1789774972010.6187,False,,164,1,,,,,,,,session_20260918_174450,Go-To,
,,,79.25,,,False,,,False,1789774974581.4,,WIDE OPEN,open,[],27.917,[],0,165,[],,,,,EXCELLENT,648.6,,,[],,,,,,,,,True,0.0,569.35,detect_loop,released,False,,,1789774973047.139,False,,165,1,,1789774973695.7837,,,,,,session_20260918_174450,Standstill,
,,,134.15000000000003,,,False,,,False,1789775135521.8,,,unknown,[],,[],0,166,[],,,,,EXCELLENT,627.2,,,[],,,,,,,,,True,0.0,493.05,detect_loop,released,False,,,1789775134079.5686,False,,166,1,,1789775134706.7776,,,,,,session_20260918_174450,Standstill,
,,,,,,False,,,False,1789775151084.9,,,unknown,[],,[],0,167,[],,,,,,,,,[],,,,,,,,,True,0.0,,,unanswered,False,,,1789775142943.4812,False,,167,1,,,,,,,,session_20260918_174450,Go-To,
,,,131.42999999999995,,,False,,,False,1789775145573.2,,LIGHT CONTEST,contested,[],26.917,[],0,168,[],,,,,EXCELLENT,644.4,,,[],,,,,,,,,True,0.0,512.97,detect_loop,released,False,,,1789775143825.6443,False,,168,1,,1789775144470.0232,,,,,,session_20260918_174450,Standstill,
,,,119.67999999999995,,,False,,,False,1789775155870.5,,,unknown,[],,[],0,169,[],,,,,EARLY,727.3,,,[],,,,,,,,,True,0.0,607.62,detect_loop,released,False,,,1789775154261.8948,False,,169,1,,1789775154989.161,,,,,,session_20260918_174450,Standstill,
,,,,,,False,,,False,1789775158493.8,,,unknown,[],,[],0,170,[],,,,,,,,,[],,,,,,,,,True,0.0,,,disarmed,False,,,1789775157184.2583,False,,170,1,,,,,,,,session_20260918_174450,Right Fade,
,,,106.47000000000003,,,False,,,False,1789775191503.2,,WIDE OPEN,open,[],20.667,[],0,171,[],,,,,EXCELLENT,898.5,,,[],,,,,,,,,True,0.0,792.03,detect_loop,released,False,,,1789775189779.4248,False,,171,1,,1789775190677.8918,,,,,,session_20260918_174450,Left Fade,
,,,127.25999999999999,,,False,,,False,1789775327630.5,,SEMI-OPEN,unknown,[],22.333,[],0,172,[],,,,,LATE,800.5,,,[],,,,,,,,,True,0.0,673.24,detect_loop,released,False,,,1789775325927.5984,False,,172,1,,1789775326728.1284,,,,,,session_20260918_174450,Standstill,
,,,,,,False,,,False,1789775331334.8,,,unknown,[],,[],0,173,[],,,,,,,,,[],,,,,,,,,True,0.0,,,disarmed,False,,,1789775330043.0803,False,,173,1,,,,,,,,session_20260918_174450,Left Fade,
,,,,,,False,,,False,1789775335804.7,,,unknown,[],,[],0,174,[],,,,,,,,,[],,,,,,,,,True,0.0,,,disarmed,False,,,1789775334523.7598,False,,174,1,,,,,,,,session_20260918_174450,Post Fade,
,,,,,,False,,,False,1789775337646.1,,,unknown,[],,[],0,175,[],,,,,,,,,[],,,,,,,,,True,0.0,,,disarmed,False,,,1789775336305.1968,False,,175,1,,,,,,,,session_20260918_174450,Post Fade,
,,,,,,False,,,False,1789777470164.1,,,unknown,[],,[],0,1,[],,,,,,,,,[],,,,,,,,,True,0.0,,,unanswered,False,,,1789777462142.3787,False,,1,1,,,,,,,,session_20260918_192239,Go-To,
,,,136.93999999999994,,,False,,,False,1789777568924.0,,WIDE OPEN,open,[],,[],0,2,[],,,,,EXCELLENT,647.3,,,[],,,,,,,,,True,0.0,510.36,detect_loop,released,False,,,1789777567547.7334,False,,2,1,,1789777568195.0403,,,,,,session_20260918_192239,Standstill,
,,,,,,False,,,False,1789777598498.7,,,unknown,[],,[],0,3,[],,,,,,,,,[],,,,,,,,,True,0.0,,,unanswered,False,,,1789777590412.115,False,,3,1,,,,,,,,session_20260918_192239,Go-To,
,,,,,,False,,,False,1789777599793.7,,,unknown,[],,[],0,4,[],,,,,,,,,[],,,,,,,,,True,0.0,,,unanswered,False,,,1789777591681.9102,False,,4,1,,,,,,,,session_20260918_192239,Go-To,
,,,136.00999999999993,,,False,,,False,1789777593939.1,,BOTHERED,unknown,[],24.75,[],0,5,[],,,,,EXCELLENT,646.3,,,[],,,,,,,,,True,0.0,510.29,detect_loop,released,False,,,1789777592314.2087,False,,5,1,,1789777592960.4849,,,,,,session_20260918_192239,Standstill,
,,,,,,False,,,False,1789777606107.9,,,unknown,[],,[],0,6,[],,,,,,,,,[],,,,,,,,,True,0.0,,,disarmed,False,,,1789777604797.4402,False,,6,1,,,,,,,,session_20260918_192239,Right Fade,
,,,,,,False,,,False,1789777606107.9,,,unknown,[],,[],0,7,[],,,,,,,,,[],,,,,,,,,True,0.0,,,disarmed,False,,,1789777604951.6206,False,,7,1,,,,,,,,session_20260918_192239,Right Fade,
,,,,,,False,,,False,1789777611446.9,,,unknown,[],,[],0,8,[],,,,,,,,,[],,,,,,,,,True,0.0,,,disarmed,False,,,1789777610225.6177,False,,8,1,,,,,,,,session_20260918_192239,Left Fade,
,,,,,,False,,,False,1789777630407.8,,,unknown,[],,[],0,9,[],,,,,,,,,[],,,,,,,,,True,0.0,,,unanswered,False,,,1789777622238.8533,False,,9,1,,,,,,,,session_20260918_192239,Go-To,
,,,120.46000000000004,,,False,,,False,1789777624854.8,,LIGHT CONTEST,contested,[],27.667,[],0,10,[],,,,,EARLY,642.1,,,[],,,,,,,,,True,0.0,521.64,detect_loop,released,False,,,1789777622883.4568,False,,10,1,,1789777623525.5366,,,,,,session_20260918_192239,Standstill,
,,,,,,False,,,False,1789777634717.5,,,unknown,[],,[],0,11,[],,,,,,,,,[],,,,,,,,,True,0.0,,,unanswered,False,,,1789777626575.4812,False,,11,1,,,,,,,,session_20260918_192239,Go-To,
,,,,,,False,,,False,1789777652798.8,,,unknown,[],,[],0,12,[],,,,,,,,,[],,,,,,,,,True,0.0,,,disarmed,False,,,1789777651471.7212,False,,12,1,,,,,,,,session_20260918_192239,Left Fade,
,,,,,,False,,,False,1789777673136.8,,,unknown,[],,[],0,13,[],,,,,,,,,[],,,,,,,,,True,0.0,870.79,detect_loop,disarmed,False,,,1789777670231.9944,False,,13,1,,,,,,,,session_20260918_192239,Standstill,
,,,,,,False,,,False,1789777695989.2,,,unknown,[],,[],0,14,[],,,,,,,,,[],,,,,,,,,True,0.0,,,unanswered,False,,,1789777687897.0593,False,,14,1,,,,,,,,session_20260918_192239,Go-To,
,,,,,,False,,,False,1789777833069.4,,,unknown,[],,[],0,15,[],,,,,,,,,[],,,,,,,,,True,0.0,,,disarmed,False,,,1789777831706.932,False,,15,1,,,,,,,,session_20260918_192239,Right Fade,
,,,,,,False,,,False,1789777836857.9,,,unknown,[],,[],0,16,[],,,,,,,,,[],,,,,,,,,True,0.0,,,disarmed,False,,,1789777835714.7092,False,,16,1,,,,,,,,session_20260918_192239,Post Fade,
,,,,,,False,,,False,1789777846663.2,,,unknown,[],,[],0,17,[],,,,,,,,,[],,,,,,,,,True,0.0,,,disarmed,False,,,1789777845491.9885,False,,17,1,,,,,,,,session_20260918_192239,Right Fade,
,,,132.34000000000003,,,False,,,False,1789777858696.0,,OPEN,open,[],28.917,[],0,18,[],,,,,LATE,649.0,,,[],,,,,,,,,True,0.0,516.66,detect_loop,released,False,,,1789777857066.1611,False,,18,1,,1789777857715.137,,,,,,session_20260918_192239,Standstill,
,,,,,,False,,,False,1789777874012.2,,,unknown,[],,[],0,19,[],,,,,,,,,[],,,,,,,,,True,0.0,,,disarmed,False,,,1789777872853.159,False,,19,1,,,,,,,,session_20260918_192239,Right Fade,
,,,,,,False,,,False,1789777915884.3,,,unknown,[],,[],0,20,[],,,,,,,,,[],,,,,,,,,True,0.0,,,disarmed,False,,,1789777914659.226,False,,20,1,,,,,,,,session_20260918_192239,Left Fade,
,,,,,,False,,,False,1789777934456.2,,,unknown,[],,[],0,21,[],,,,,,,,,[],,,,,,,,,True,0.0,,,disarmed,False,,,1789777933364.023,False,,21,1,,,,,,,,session_20260918_192239,Right Fade,
,,,,,,False,,,False,1789777941012.6,,,unknown,[],,[],0,22,[],,,,,,,,,[],,,,,,,,,True,0.0,,,disarmed,False,,,1789777939901.3591,False,,22,1,,,,,,,,session_20260918_192239,Left Fade,
,,,,,,False,,,False,1789777941125.0,,,unknown,[],,[],0,23,[],,,,,,,,,[],,,,,,,,,True,0.0,,,disarmed,False,,,1789777940043.6934,False,,23,1,,,,,,,,session_20260918_192239,Right Fade,
,,,,,,False,,,False,1789777941258.4,,,unknown,[],,[],0,24,[],,,,,,,,,[],,,,,,,,,True,0.0,,,disarmed,False,,,1789777940167.4246,False,,24,1,,,,,,,,session_20260918_192239,Right Fade,
,,,,,,False,,,False,1789777941541.6,,,unknown,[],,[],0,25,[],,,,,,,,,[],,,,,,,,,True,0.0,,,disarmed,False,,,1789777940297.9187,False,,25,1,,,,,,,,session_20260918_192239,Right Fade,
,,,,,,False,,,False,1789777941541.6,,,unknown,[],,[],0,26,[],,,,,,,,,[],,,,,,,,,True,0.0,,,disarmed,False,,,1789777940434.0356,False,,26,1,,,,,,,,session_20260918_192239,Right Fade,
,,,,,,False,,,False,1789777941863.1,,,unknown,[],,[],0,27,[],,,,,,,,,[],,,,,,,,,True,0.0,,,disarmed,False,,,1789777940571.5247,False,,27,1,,,,,,,,session_20260918_192239,Right Fade,
,,,,,,False,,,False,1789777942151.6,,,unknown,[],,[],0,28,[],,,,,,,,,[],,,,,,,,,True,0.0,,,disarmed,False,,,1789777940896.298,False,,28,1,,,,,,,,session_20260918_192239,Right Fade,
,,,,,,False,,,False,1789777942151.6,,,unknown,[],,[],0,29,[],,,,,,,,,[],,,,,,,,,True,0.0,,,disarmed,False,,,1789777941029.7815,False,,29,1,,,,,,,,session_20260918_192239,Right Fade,
,,,,,,False,,,False,1789777942475.2,,,unknown,[],,[],0,30,[],,,,,,,,,[],,,,,,,,,True,0.0,,,disarmed,False,,,1789777941171.2307,False,,30,1,,,,,,,,session_20260918_192239,Right Fade,
,,,,,,False,,,False,1789777953048.1,,,unknown,[],,[],0,31,[],,,,,,,,,[],,,,,,,,,True,0.0,,,unanswered,False,,,1789777944895.2266,False,,31,1,,,,,,,,session_20260918_192239,Go-To,
,,,147.70000000000005,,,False,,,False,1789785443541.1,,WIDE OPEN,open,[],,[],0,1,[],,,,,EXCELLENT,647.7,,,[],,,,,,,,,True,0.0,500.0,pickup,released,False,,,1789785442165.8826,False,,1,1,,1789785442813.5596,,,,,,session_20260918_213313,Standstill,
,,,160.7,,,False,,,False,1789785458901.1,,WIDE OPEN,open,[],25.833,[],0,2,[],,,,,EXCELLENT,644.5,,,[],,,,,,,,,True,0.0,483.8,pickup,released,False,,,1789785457434.57,False,,2,1,,1789785458079.0364,,,,,,session_20260918_213313,Standstill,
,,,154.0,,,False,,,False,1789785470860.2,,OPEN,open,[],19.333,[],0,3,[],,,,,EXCELLENT,823.9,,,[],,,,,,,,,True,0.0,669.9,pickup,released,False,,,1789785469307.5972,False,,3,1,,1789785470131.4634,,,,,,session_20260918_213313,Standstill,
,,,141.19999999999993,,,False,,,False,1789785495864.2,,WIDE OPEN,open,[],20.083,[],0,4,[],,,,,EXCELLENT,958.4,,,[],,,,,,,,,True,0.0,817.2,pickup,released,False,,,1789785494121.6675,False,,4,1,,1789785495080.0225,,,,,,session_20260918_213313,Right Fade,
,,,151.89999999999998,,,False,,,False,1789785678354.2,,BOTHERED,unknown,[],27.0,[],0,5,[],,,,,LATE,902.8,,,[],,,,,,,,,True,0.0,750.9,pickup,released,False,,,1789785676232.8916,False,,5,1,,1789785677135.6528,,,,,,session_20260918_213313,Standstill,
,,,,,,False,,,False,1789785680719.6,,,unknown,[],,[],0,6,[],,,,,,,,,[],,,,,,,,,True,0.0,0.0,pickup,disarmed,False,,,1789785679439.2676,False,,6,1,,,,,,,,session_20260918_213313,Right Fade,
,,,,,,False,,,False,1789785700515.4,,,unknown,[],,[],0,7,[],,,,,,,,,[],,,,,,,,,True,0.0,,,unanswered,False,,,1789785692473.1848,False,,7,1,,,,,,,,session_20260918_213313,Go-To,
,,,,,,False,,,False,1789785700515.4,,,unknown,[],,[],0,8,[],,,,,,,,,[],,,,,,,,,True,0.0,,,unanswered,False,,,1789785692503.4263,False,,8,1,,,,,,,,session_20260918_213313,Go-To,
,,,,,,False,,,False,1789785700841.5,,,unknown,[],,[],0,9,[],,,,,,,,,[],,,,,,,,,True,0.0,,,unanswered,False,,,1789785692519.502,False,,9,1,,,,,,,,session_20260918_213313,Go-To,
,,,,,,False,,,False,1789785738782.0,,,unknown,[],,[],0,10,[],,,,,,,,,[],,,,,,,,,True,0.0,,,unanswered,False,,,1789785738007.953,False,,10,1,,,,,,,,session_20260918_213313,Go-To,
,,,,,,False,,,False,1789785738868.8,,,unknown,[],,[],0,11,[],,,,,,,,,[],,,,,,,,,True,0.0,,,unanswered,False,,,1789785738151.1746,False,,11,1,,,,,,,,session_20260918_213313,Go-To,
,,,,,,False,,,False,1789785738957.2,,,unknown,[],,[],0,12,[],,,,,,,,,[],,,,,,,,,True,0.0,,,unanswered,False,,,1789785738236.5933,False,,12,1,,,,,,,,session_20260918_213313,Go-To,
,,,,,,False,,,False,1789785739043.5,,,unknown,[],,[],0,13,[],,,,,,,,,[],,,,,,,,,True,0.0,,,unanswered,False,,,1789785738331.4019,False,,13,1,,,,,,,,session_20260918_213313,Go-To,
,,,,,,False,,,False,1789785739147.3,,,unknown,[],,[],0,14,[],,,,,,,,,[],,,,,,,,,True,0.0,,,unanswered,False,,,1789785738394.8228,False,,14,1,,,,,,,,session_20260918_213313,Go-To,
,,,,,,False,,,False,1789785739223.1,,,unknown,[],,[],0,15,[],,,,,,,,,[],,,,,,,,,True,0.0,,,unanswered,False,,,1789785738508.8933,False,,15,1,,,,,,,,session_20260918_213313,Go-To,
,,,,,,False,,,False,1789785739321.9,,,unknown,[],,[],0,16,[],,,,,,,,,[],,,,,,,,,True,0.0,,,unanswered,False,,,1789785738601.43,False,,16,1,,,,,,,,session_20260918_213313,Go-To,
,,,,,,False,,,False,1789785739409.5,,,unknown,[],,[],0,17,[],,,,,,,,,[],,,,,,,,,True,0.0,,,unanswered,False,,,1789785738685.035,False,,17,1,,,,,,,,session_20260918_213313,Go-To,
,,,,,,False,,,False,1789785739521.4,,,unknown,[],,[],0,18,[],,,,,,,,,[],,,,,,,,,True,0.0,,,unanswered,False,,,1789785738782.0405,False,,18,1,,,,,,,,session_20260918_213313,Go-To,
,,,,,,False,,,False,1789785746869.0,,,unknown,[],,[],0,19,[],,,,,,,,,[],,,,,,,,,True,0.0,,,unanswered,False,,,1789785738868.779,False,,19,1,,,,,,,,session_20260918_213313,Go-To,
,,,,,,False,,,False,1789785747166.3,,,unknown,[],,[],0,20,[],,,,,,,,,[],,,,,,,,,True,0.0,,,unanswered,False,,,1789785738957.1565,False,,20,1,,,,,,,,session_20260918_213313,Go-To,
,,,,,,False,,,False,1789785747166.3,,,unknown,[],,[],0,21,[],,,,,,,,,[],,,,,,,,,True,0.0,,,unanswered,False,,,1789785739043.4795,False,,21,1,,,,,,,,session_20260918_213313,Go-To,
,,,,,,False,,,False,1789785747166.3,,,unknown,[],,[],0,22,[],,,,,,,,,[],,,,,,,,,True,0.0,,,unanswered,False,,,1789785739147.2908,False,,22,1,,,,,,,,session_20260918_213313,Go-To,
,,,,,,False,,,False,1789785747570.3,,,unknown,[],,[],0,23,[],,,,,,,,,[],,,,,,,,,True,0.0,,,unanswered,False,,,1789785739223.0894,False,,23,1,,,,,,,,session_20260918_213313,Go-To,
,,,,,,False,,,False,1789785747570.3,,,unknown,[],,[],0,24,[],,,,,,,,,[],,,,,,,,,True,0.0,,,unanswered,False,,,1789785739321.8518,False,,24,1,,,,,,,,session_20260918_213313,Go-To,
,,,,,,False,,,False,1789785747570.3,,,unknown,[],,[],0,25,[],,,,,,,,,[],,,,,,,,,True,0.0,,,unanswered,False,,,1789785739409.535,False,,25,1,,,,,,,,session_20260918_213313,Go-To,
,,,,,,False,,,False,1789785747570.3,,,unknown,[],,[],0,26,[],,,,,,,,,[],,,,,,,,,True,0.0,2179.54,detect_loop,unanswered,False,,,1789785739521.4133,False,,26,1,,,,,,,,session_20260918_213313,Go-To,
,,,161.39999999999998,,,False,,,False,1789785841465.1,,SEMI-OPEN,unknown,[],21.167,[],0,27,[],,,,,EXCELLENT,644.8,,,[],,,,,,,,,True,0.0,483.4,pickup,released,False,,,1789785839895.718,False,,27,1,,1789785840540.4753,,,,,,session_20260918_213313,Standstill,
,,,,,,False,,,False,1789785866783.5,,,unknown,[],,[],0,28,[],,,,,,,,,[],,,,,,,,,True,0.0,,,disarmed,False,,,1789785865498.8071,False,,28,1,,,,,,,,session_20260918_213313,Right Fade,
,,,158.5,,,False,,,False,1789785882308.4,,LIGHT CONTEST,contested,[],23.667,[],0,29,[],,,,,EXCELLENT,708.8,,,[],,,,,,,,,True,0.0,550.3,pickup,released,False,,,1789785880500.6628,False,,29,1,,1789785881209.4368,,,,,,session_20260918_213313,Standstill,
,,,,,,False,,,False,1789785903719.6,,,unknown,[],,[],0,30,[],,,,,,,,,[],,,,,,,,,True,0.0,,,disarmed,False,,,1789785902320.199,False,,30,1,,,,,,,,session_20260918_213313,Standstill,
,,,,,,False,,,False,1789785916291.3,,,unknown,[],,[],0,31,[],,,,,,,,,[],,,,,,,,,True,0.0,,,disarmed,False,,,1789785913996.2708,False,,31,1,,,,,,,,session_20260918_213313,Standstill,
,,,,,,False,,,False,1789785958765.8,,,unknown,[],,[],0,32,[],,,,,,,,,[],,,,,,,,,True,0.0,,,disarmed,False,,,1789785957440.8567,False,,32,1,,,,,,,,session_20260918_213313,Left Fade,
,,,154.09999999999997,,,False,,,False,1789785990932.8,,OPEN,open,[],11.75,[],0,33,[],,,,,EXCELLENT,637.4,,,[],,,,,,,,,True,0.0,483.3,pickup,released,False,,,1789785989547.5747,False,,33,1,,1789785990184.989,,,,,,session_20260918_213313,Standstill,
,,,,,,False,,,False,1789786043121.4,,,unknown,[],,[],0,34,[],,,,,,,,,[],,,,,,,,,True,0.0,,,unanswered,False,,,1789786035084.1697,False,,34,1,,,,,,,,session_20260918_213313,Go-To,
,,,158.5,,,False,,,False,1789786038635.6,,OPEN,open,[],23.917,[],0,35,[],,,,,LATE,658.5,,,[],,,,,,,,,True,0.0,500.0,pickup,released,False,,,1789786036972.751,False,,35,1,,1789786037631.2622,,,,,,session_20260918_213313,Standstill,
,,,,,,False,,,False,1789786042574.1,,,unknown,[],,[],0,36,[],,,,,,,,,[],,,,,,,,,True,0.0,,,disarmed,False,,,1789786041380.0889,False,,36,1,,,,,,,,session_20260918_213313,Left Fade,
,,,,,,False,,,False,1789845584283.6,,,unknown,[],,[],0,1,[],,,,,,,,,[],,,,,,,,,True,0.0,,,unanswered,False,,,1789845576144.4187,False,,1,1,,,,,,,,session_20260919_141849,Standstill,
,,,,,,False,,,False,1789845588646.0,,,unknown,[],,[],0,2,[],,,,,,,,,[],,,,,,,,,True,0.0,,,unanswered,False,,,1789845580599.5762,False,,2,1,,,,,,,,session_20260919_141849,Standstill,
,,,,,,False,,,False,1789845590219.6,,,unknown,[],,[],0,3,[],,,,,,,,,[],,,,,,,,,True,0.0,,,disarmed,False,,,1789845587811.303,False,,3,1,,,,,,,,session_20260919_141849,Standstill,
,,,,,,False,,,False,1789845593532.0,,,unknown,[],,[],0,4,[],,,,,,,,,[],,,,,,,,,True,0.0,,,disarmed,False,,,1789845591029.3098,False,,4,1,,,,,,,,session_20260919_141849,Standstill,
,,,,,,False,,,False,1789845596848.2,,,unknown,[],,[],0,5,[],,,,,,,,,[],,,,,,,,,True,0.0,,,disarmed,False,,,1789845594313.3958,False,,5,1,,,,,,,,session_20260919_141849,Standstill,
,,,,,,False,,,False,1789845600130.6,,,unknown,[],,[],0,6,[],,,,,,,,,[],,,,,,,,,True,0.0,,,disarmed,False,,,1789845598869.0662,False,,6,1,,,,,,,,session_20260919_141849,Standstill,
,,,,,,False,,,False,1789845601937.3,,,unknown,[],,[],0,7,[],,,,,,,,,[],,,,,,,,,True,0.0,,,disarmed,False,,,1789845599813.5134,False,,7,1,,,,,,,,session_20260919_141849,Standstill,
,,,188.5,,,False,,,False,1789845622040.9,,,unknown,[],28.167,[],0,8,[],,,,,LATE,805.3,,,[],,,,,,,,,True,0.0,616.8,pickup,released,False,,,1789845618206.265,False,,8,1,,1789845619011.525,,,,,,session_20260919_141849,Standstill,
,,,794.2,,,False,,,False,1789845623050.6,,,unknown,[],23.667,[],0,9,[],,,,,LATE,794.2,,,[],,,,,,,,,True,0.0,0.0,pickup,released,False,,,1789845621000.6702,False,,9,1,,1789845621794.8594,,,,,,session_20260919_141849,Standstill,
,,,660.5,,,False,,,False,1789845625657.6,,,unknown,[],24.5,[],0,10,[],,,,,EXCELLENT,660.5,,,[],,,,,,,,,True,0.0,0.0,pickup,released,False,,,1789845623700.712,False,,10,1,,1789845624361.2014,,,,,,session_20260919_141849,Standstill,
,,,660.0,,,False,,,False,1789845629959.5,,,unknown,[],27.083,[],0,11,[],,,,,LATE,660.0,,,[],,,,,,,,,True,0.0,0.0,pickup,released,False,,,1789845626534.9463,False,,11,1,,1789845627194.9832,,,,,,session_20260919_141849,Standstill,
,,,180.30000000000007,,,False,,,False,1789845633193.6,,,unknown,[],25.75,[],0,12,[],,,,,EXCELLENT,664.2,,,[],,,,,,,,,True,0.0,483.9,pickup,released,False,,,1789845631161.601,False,,12,1,,1789845631825.7842,,,,,,session_20260919_141849,Standstill,
,,,661.5,,,False,,,False,1789845636321.8,,,unknown,[],24.167,[],0,13,[],,,,,EXCELLENT,661.5,,,[],,,,,,,,,True,0.0,0.0,pickup,released,False,,,1789845633545.2644,False,,13,1,,1789845634206.8127,,,,,,session_20260919_141849,Standstill,
,,,667.6,,,False,,,False,1789845638522.6,,,unknown,[],24.5,[],0,14,[],,,,,EXCELLENT,667.6,,,[],,,,,,,,,True,0.0,0.0,pickup,released,False,,,1789845636367.6165,False,,14,1,,1789845637035.1956,,,,,,session_20260919_141849,Standstill,
,,,343.09999999999997,,,False,,,False,1789845641623.5,,,unknown,[],24.583,[],0,15,[],,,,,EARLY,393.2,,,[],,,,,,,,,True,0.0,50.1,pickup,released,False,,,1789845639456.2036,False,,15,1,,1789845639849.415,,,,,,session_20260919_141849,Standstill,
,,,171.2,,,False,,,False,1789845644924.2,,,unknown,[],24.667,[],0,16,[],,,,,EXCELLENT,654.4,,,[],,,,,,,,,True,0.0,483.2,pickup,released,False,,,1789845642950.755,False,,16,1,,1789845643605.1765,,,,,,session_20260919_141849,Standstill,
,,,662.5,,,False,,,False,1789845647325.7,,,unknown,[],24.083,[],0,17,[],,,,,EXCELLENT,662.5,,,[],,,,,,,,,True,0.0,0.0,pickup,released,False,,,1789845645396.1594,False,,17,1,,1789845646058.6572,,,,,,session_20260919_141849,Standstill,
,,,515.7,,,False,,,False,1789845649773.6,,,unknown,[],23.833,[],0,18,[],,,,,EARLY,515.7,,,[],,,,,,,,,True,0.0,0.0,pickup,released,False,,,1789845647712.912,False,,18,1,,1789845648228.6167,,,,,,session_20260919_141849,Standstill,
,,,154.7,,,False,,,False,1789845652760.8,,,unknown,[],23.75,[],0,19,[],,,,,EXCELLENT,656.0,,,[],,,,,,,,,True,0.0,501.3,pickup,released,False,,,1789845650745.509,False,,19,1,,1789845651401.4705,,,,,,session_20260919_141849,Standstill,
,,,668.4,,,False,,,False,1789845657354.7,,,unknown,[],,[],0,20,[],,,,,,668.4,,,[],,,,,,,,,True,0.0,0.0,pickup,released,False,,,1789845652935.615,False,,20,1,,1789845653604.0093,,,,,,session_20260919_141849,Standstill,
,,,691.9,,,False,,,False,1789845657059.9,,,unknown,[],23.833,[],0,21,[],,,,,LATE,691.9,,,[],,,,,,,,,True,0.0,0.0,pickup,released,False,,,1789845655164.794,False,,21,1,,1789845655856.7266,,,,,,session_20260919_141849,Standstill,
,,,709.9,,,False,,,False,1789845659666.2,,,unknown,[],24.167,[],0,22,[],,,,,EXCELLENT,709.9,,,[],,,,,,,,,True,0.0,0.0,pickup,released,False,,,1789845657618.5562,False,,22,1,,1789845658328.485,,,,,,session_20260919_141849,Standstill,
,,,733.8,,,False,,,False,1789845662069.1,,,unknown,[],,[],0,23,[],,,,,LATE,733.8,,,[],,,,,,,,,True,0.0,0.0,pickup,released,False,,,1789845659918.5254,False,,23,1,,1789845660652.3284,,,,,,session_20260919_141849,Standstill,
,,,159.3,,,False,,,False,1789845668972.8,,,unknown,[],24.25,[],0,24,[],,,,,LATE,661.1,,,[],,,,,,,,,True,0.0,501.8,pickup,released,False,,,1789845665305.9448,False,,24,1,,1789845665967.0042,,,,,,session_20260919_141849,Standstill,
,,,691.3,,,False,,,False,1789845671375.2,,,unknown,[],23.75,[],0,25,[],,,,,LATE,691.3,,,[],,,,,,,,,True,0.0,0.0,pickup,released,False,,,1789845667490.0532,False,,25,1,,1789845668181.329,,,,,,session_20260919_141849,Standstill,
,,,648.3,,,False,,,False,1789845671775.7,,,unknown,[],25.0,[],0,26,[],,,,,EXCELLENT,648.3,,,[],,,,,,,,,True,0.0,0.0,pickup,released,False,,,1789845669816.391,False,,26,1,,1789845670464.6924,,,,,,session_20260919_141849,Standstill,
,,,139.39999999999998,,,False,,,False,1789846471880.3,,,unknown,[],26.083,[],0,1,[],,,,,LATE,719.0,,,[],,,,,,,,,True,0.0,579.6,pickup,released,False,,,1789846468256.0488,False,,1,1,,1789846468975.0576,,,,,,session_20260919_143409,Standstill,
,,,115.90000000000009,,,False,,,False,1789846474578.0,,,unknown,[],26.083,[],0,2,[],,,,,LATE,668.7,,,[],,,,,,,,,True,0.0,552.8,pickup,released,False,,,1789846470873.4758,False,,2,1,,1789846471542.2148,,,,,,session_20260919_143409,Standstill,
,,,131.89999999999998,,,False,,,False,1789846477987.6,,,unknown,[],24.5,[],0,3,[],,,,,LATE,748.5,,,[],,,,,,,,,True,0.0,616.6,pickup,released,False,,,1789846474456.5176,False,,3,1,,1789846475205.0464,,,,,,session_20260919_143409,Standstill,
,,,128.79999999999995,,,False,,,False,1789846482553.0,,,unknown,[],,[],0,4,[],,,,,,678.0,,,[],,,,,,,,,True,0.0,549.2,pickup,released,False,,,1789846478346.4502,False,,4,1,,1789846479024.4158,,,,,,session_20260919_143409,Standstill,
,,,146.20000000000005,,,False,,,False,1789846483482.1,,,unknown,[],24.25,[],0,5,[],,,,,EXCELLENT,629.1,,,[],,,,,,,,,True,0.0,482.9,pickup,released,False,,,1789846481477.7588,False,,5,1,,1789846482106.8638,,,,,,session_20260919_143409,Standstill,
,,,620.0,,,False,,,False,1789846485882.0,,,unknown,[],23.75,[],0,6,[],,,,,EARLY,620.0,,,[],,,,,,,,,True,0.0,0.0,pickup,released,False,,,1789846483803.218,False,,6,1,,1789846484423.2393,,,,,,session_20260919_143409,Standstill,
,,,134.49999999999994,,,False,,,False,1789846490534.5,,,unknown,[],24.583,[],0,7,[],,,,,EXCELLENT,635.3,,,[],,,,,,,,,True,0.0,500.8,pickup,released,False,,,1789846488623.1528,False,,7,1,,1789846489258.4363,,,,,,session_20260919_143409,Standstill,
,,,123.39999999999998,,,False,,,False,1789846493522.9,,,unknown,[],25.083,[],0,8,[],,,,,EXCELLENT,639.1,,,[],,,,,,,,,True,0.0,515.7,pickup,released,False,,,1789846491568.8945,False,,8,1,,1789846492207.9546,,,,,,session_20260919_143409,Standstill,
,,,120.69999999999999,,,False,,,False,1789846497135.2,,,unknown,[],26.75,[],0,9,[],,,,,EXCELLENT,621.4,,,[],,,,,,,,,True,0.0,500.7,pickup,released,False,,,1789846495070.4043,False,,9,1,,1789846495691.8362,,,,,,session_20260919_143409,Standstill,
,,,118.29999999999995,,,False,,,False,1789846501417.5,,,unknown,[],33.167,[],0,10,[],,,,,LATE,837.0,,,[],,,,,,,,,True,0.0,718.7,pickup,released,False,,,1789846498999.3518,False,,10,1,,1789846499836.3176,,,,,,session_20260919_143409,Standstill,
,,,89.10000000000002,,,False,,,False,1789846505969.1,,,unknown,[],33.5,[],0,11,[],,,,,LATE,641.0,,,[],,,,,,,,,True,0.0,551.9,pickup,released,False,,,1789846502007.1975,False,,11,1,,1789846502648.2002,,,,,,session_20260919_143409,Standstill,
,,,129.5,,,False,,,False,1789846510529.0,,,unknown,[],,[],0,12,[],,,,,,666.2,,,[],,,,,,,,,True,0.0,536.7,pickup,released,False,,,1789846506166.6296,False,,12,1,,1789846506832.859,,,,,,session_20260919_143409,Standstill,
,,,101.60000000000002,,,False,,,False,1789846511522.0,,,unknown,[],26.75,[],0,13,[],,,,,EARLY,617.0,,,[],,,,,,,,,True,0.0,515.4,pickup,released,False,,,1789846509472.7017,False,,13,1,,1789846510089.6963,,,,,,session_20260919_143409,Standstill,
,,,,,,False,,,False,1789846515356.1,,,unknown,[],,[],0,14,[],,,,,,,,,[],,,,,,,,,True,0.0,,,disarmed,False,,,1789846513044.2952,False,,14,1,,,,,,,,session_20260919_143409,Standstill,
,,,,,,False,,,False,1789846516159.1,,,unknown,[],,[],0,15,[],,,,,,,,,[],,,,,,,,,True,0.0,,,disarmed,False,,,1789846514209.2131,False,,15,1,,,,,,,,session_20260919_143409,Standstill,
,,,,,,False,,,False,1789846516709.0,,,unknown,[],,[],0,16,[],,,,,,,,,[],,,,,,,,,True,0.0,,,disarmed,False,,,1789846515092.058,False,,16,1,,,,,,,,session_20260919_143409,Standstill,
,,,,,,False,,,False,1789846517486.0,,,unknown,[],,[],0,17,[],,,,,,,,,[],,,,,,,,,True,0.0,,,disarmed,False,,,1789846515741.217,False,,17,1,,,,,,,,session_20260919_143409,Standstill,
,,,,,,False,,,False,1789846517614.3,,,unknown,[],,[],0,18,[],,,,,,,,,[],,,,,,,,,True,0.0,,,disarmed,False,,,1789846516411.4395,False,,18,1,,,,,,,,session_20260919_143409,Standstill,
,,,,,,False,,,False,1789846518643.2,,,unknown,[],,[],0,19,[],,,,,,,,,[],,,,,,,,,True,0.0,,,disarmed,False,,,1789846516943.837,False,,19,1,,,,,,,,session_20260919_143409,Standstill,
,,,,,,False,,,False,1789846518980.2,,,unknown,[],,[],0,20,[],,,,,,,,,[],,,,,,,,,True,0.0,,,disarmed,False,,,1789846517614.301,False,,20,1,,,,,,,,session_20260919_143409,Standstill,
,,,,,,False,,,False,1789846519269.9,,,unknown,[],,[],0,21,[],,,,,,,,,[],,,,,,,,,True,0.0,,,disarmed,False,,,1789846517862.0525,False,,21,1,,,,,,,,session_20260919_143409,Standstill,
,,,,,,False,,,False,1789846519269.9,,,unknown,[],,[],0,22,[],,,,,,,,,[],,,,,,,,,True,0.0,,,disarmed,False,,,1789846518051.401,False,,22,1,,,,,,,,session_20260919_143409,Standstill,
,,,160.70000000000005,,,False,,,False,1789846521511.6,,,unknown,[],23.167,[],0,23,[],,,,,EXCELLENT,644.6,,,[],,,,,,,,,True,0.0,483.9,pickup,released,False,,,1789846519590.2085,False,,23,1,,1789846520234.7705,,,,,,session_20260919_143409,Standstill,
,,,,,,False,,,False,1789846528441.3,,,unknown,[],,[],0,24,[],,,,,,,,,[],,,,,,,,,True,0.0,1629.64,detect_loop,unanswered,False,,,1789846520250.272,False,,24,1,,,,,,,,session_20260919_143409,Go-To,
,,,140.89999999999998,,,False,,,False,1789846525086.4,,,unknown,[],23.667,[],0,25,[],,,,,LATE,659.0,,,[],,,,,,,,,True,0.0,518.1,pickup,released,False,,,1789846523176.2693,False,,25,1,,1789846523835.291,,,,,,session_20260919_143409,Standstill,
,,,598.5,,,False,,,False,1789846527895.4,,,unknown,[],24.333,[],0,26,[],,,,,EXCELLENT,648.7,,,[],,,,,,,,,True,0.0,50.2,pickup,released,False,,,1789846525886.199,False,,26,1,,1789846526534.8843,,,,,,session_20260919_143409,Standstill,
,,,651.2,,,False,,,False,1789846530699.1,,,unknown,[],25.25,[],0,27,[],,,,,LATE,651.2,,,[],,,,,,,,,True,0.0,0.0,pickup,released,False,,,1789846528499.111,False,,27,1,,1789846529150.3398,,,,,,session_20260919_143409,Standstill,
,,,136.39999999999998,,,False,,,False,1789846533202.4,,,unknown,[],25.667,[],0,28,[],,,,,LATE,753.5,,,[],,,,,,,,,True,0.0,617.1,pickup,released,False,,,1789846531197.8245,False,,28,1,,1789846531951.3733,,,,,,session_20260919_143409,Standstill,
,,,139.30000000000007,,,False,,,False,1789846536481.1,,,unknown,[],,[],0,29,[],,,,,LATE,671.7,,,[],,,,,,,,,True,0.0,532.4,pickup,released,False,,,1789846534496.769,False,,29,1,,1789846535168.5083,,,,,,session_20260919_143409,Standstill,
,,,,,,False,,,False,1789849206854.1,,,unknown,[],,[],0,1,[],,,,,,,,,[],,,,,,,,,True,0.0,,,unanswered,False,,,1789849198834.3542,False,,1,1,,,,,,,,session_20260919_151955,Go-To,
,,,,,,False,,,False,1789849206854.1,,,unknown,[],,[],0,2,[],,,,,,,,,[],,,,,,,,,True,0.0,,,unanswered,False,,,1789849198834.3542,False,,2,1,,,,,,,,session_20260919_151955,Go-To,
,,,,,,False,,,False,1789849207240.1,,,unknown,[],,[],0,3,[],,,,,,,,,[],,,,,,,,,True,0.0,,,unanswered,False,,,1789849198979.1404,False,,3,1,,,,,,,,session_20260919_151955,Go-To,
,,,,,,False,,,False,1789849210297.0,,,unknown,[],,[],0,4,[],,,,,,,,,[],,,,,,,,,True,0.0,,,unanswered,False,,,1789849202054.1003,False,,4,1,,,,,,,,session_20260919_151955,Go-To,
,,,,,,False,,,False,1789849210297.0,,,unknown,[],,[],0,5,[],,,,,,,,,[],,,,,,,,,True,0.0,,,unanswered,False,,,1789849202196.074,False,,5,1,,,,,,,,session_20260919_151955,Go-To,
,,,,,,False,,,False,1789849212188.7,,,unknown,[],,[],0,6,[],,,,,,,,,[],,,,,,,,,True,0.0,,,unanswered,False,,,1789849203997.7488,False,,6,1,,,,,,,,session_20260919_151955,Go-To,
,,,,,,False,,,False,1789849563496.8,,,unknown,[],,[],0,1,[],,,,,,,,,[],,,,,,,,,True,0.0,,,unanswered,False,,,1789849555477.2893,False,,1,1,,,,,,,,session_20260919_152537,Standstill,
,,,171.70000000000005,,,False,,,False,1789849568627.4,,,unknown,[],24.417,[],0,2,[],,,,,EXCELLENT,788.2,,,[],,,,,,,,,True,0.0,616.5,pickup,released,False,,,1789849566645.6646,False,,2,1,,1789849567433.8674,,,,,,session_20260919_152537,Standstill,
,,,640.7,,,False,,,False,1789849571327.0,,,unknown,[],24.667,[],0,3,[],,,,,EXCELLENT,640.7,,,[],,,,,,,,,True,0.0,0.0,pickup,released,False,,,1789849569376.4783,False,,3,1,,1789849570017.2104,,,,,,session_20260919_152537,Standstill,
,,,627.8,,,False,,,False,1789849573629.0,,,unknown,[],25.833,[],0,4,[],,,,,EXCELLENT,627.8,,,[],,,,,,,,,True,0.0,0.0,pickup,released,False,,,1789849571705.5852,False,,4,1,,1789849572333.4033,,,,,,session_20260919_152537,Standstill,
,,,634.1,,,False,,,False,1789849576061.6,,,unknown,[],26.833,[],0,5,[],,,,,EXCELLENT,634.1,,,[],,,,,,,,,True,0.0,0.0,pickup,released,False,,,1789849574116.178,False,,5,1,,1789849574750.3054,,,,,,session_20260919_152537,Standstill,
,,,160.29999999999995,,,False,,,False,1789849742586.0,,,unknown,[],29.667,[],0,6,[],,,,,EXCELLENT,660.4,,,[],,,,,,,,,True,0.0,500.1,pickup,released,False,,,1789849740531.574,False,,6,1,,1789849741191.9998,,,,,,session_20260919_152537,Standstill,
,,,172.60000000000002,,,False,,,False,1789849745884.2,,,unknown,[],22.75,[],0,7,[],,,,,EXCELLENT,656.1,,,[],,,,,,,,,True,0.0,483.5,pickup,released,False,,,1789849743902.4534,False,,7,1,,1789849744558.5867,,,,,,session_20260919_152537,Standstill,
,,,143.0,,,False,,,False,1789849749885.6,,,unknown,[],24.417,[],0,8,[],,,,,EXCELLENT,942.7,,,[],,,,,,,,,True,0.0,799.7,pickup,released,False,,,1789849747631.8262,False,,8,1,,1789849748574.561,,,,,,session_20260919_152537,Right Fade,
,,,147.70000000000005,,,False,,,False,1789849753918.8,,,unknown,[],24.083,[],0,9,[],,,,,EXCELLENT,931.0,,,[],,,,,,,,,True,0.0,783.3,pickup,released,False,,,1789849751743.0632,False,,9,1,,1789849752674.0708,,,,,,session_20260919_152537,Left Fade,
,,,,,,False,,,False,1789849814866.3,,,unknown,[],,[],0,10,[],,,,,,,,,[],,,,,,,,,True,0.0,,,unanswered,False,,,1789849806828.1628,False,,10,1,,,,,,,,session_20260919_152537,Go-To,
,,,161.79999999999995,,,False,,,False,1789849886118.2,,WIDE OPEN,open,[],23.75,[],0,11,[],,,,,EXCELLENT,695.3,,,[],,,,,,,,,True,0.0,533.5,pickup,released,False,,,1789849884740.7354,False,,11,1,,1789849885436.0615,,,,,,session_20260919_152537,Standstill,
,,,,,,False,,,False,1789849905169.9,,,unknown,[],,[],0,12,[],,,,,,,,,[],,,,,,,,,True,0.0,,,unanswered,False,,,1789849897132.4912,False,,12,1,,,,,,,,session_20260919_152537,Go-To,
,,,153.60000000000002,,,False,,,False,1789849899349.3,,WIDE OPEN,open,[],27.0,[],0,13,[],,,,,EXCELLENT,669.9,,,[],,,,,,,,,True,0.0,516.3,pickup,released,False,,,1789849897848.5566,False,,13,1,,1789849898518.4766,,,,,,session_20260919_152537,Standstill,
,,,,,,False,,,False,1789849919418.9,,,unknown,[],,[],0,14,[],,,,,,,,,[],,,,,,,,,True,0.0,,,unanswered,False,,,1789849911261.1035,False,,14,1,,,,,,,,session_20260919_152537,Go-To,
,,,,,,False,,,False,1789849920477.3,,,unknown,[],,[],0,15,[],,,,,,,,,[],,,,,,,,,True,0.0,,,unanswered,False,,,1789849912239.8237,False,,15,1,,,,,,,,session_20260919_152537,Go-To,
,,,150.29999999999995,,,False,,,False,1789849914331.9,,WIDE OPEN,open,[],24.833,[],0,16,[],,,,,EXCELLENT,633.9,,,[],,,,,,,,,True,0.0,483.6,pickup,released,False,,,1789849912934.2742,False,,16,1,,1789849913568.1685,,,,,,session_20260919_152537,Standstill,
,,,,,,False,,,False,1789849929776.5,,,unknown,[],,[],0,17,[],,,,,,,,,[],,,,,,,,,True,0.0,,,disarmed,False,,,1789849928486.0837,False,,17,1,,,,,,,,session_20260919_152537,Right Fade,
,,,149.0,,,False,,,False,1789849977798.4,,WIDE OPEN,open,[],25.583,[],0,18,[],,,,,LATE,732.6,,,[],,,,,,,,,True,0.0,583.6,pickup,released,False,,,1789849976115.8125,False,,18,1,,1789849976848.4204,,,,,,session_20260919_152537,Standstill,
,,,,,,False,,,False,1789849982113.9,,,unknown,[],,[],0,19,[],,,,,,,,,[],,,,,,,,,True,0.0,,,disarmed,False,,,1789849980872.162,False,,19,1,,,,,,,,session_20260919_152537,Left Fade,
,,,,,,False,,,False,1789849983415.2,,,unknown,[],,[],0,20,[],,,,,,,,,[],,,,,,,,,True,0.0,,,disarmed,False,,,1789849982166.6375,False,,20,1,,,,,,,,session_20260919_152537,Right Fade,
,,,,,,False,,,False,1789849998995.7,,,unknown,[],,[],0,21,[],,,,,,,,,[],,,,,,,,,True,0.0,,,disarmed,False,,,1789849997705.258,False,,21,1,,,,,,,,session_20260919_152537,Left Fade,
,,,,,,False,,,False,1789850115051.1,,,unknown,[],,[],0,22,[],,,,,,,,,[],,,,,,,,,True,0.0,,,unanswered,False,,,1789850106978.2517,False,,22,1,,,,,,,,session_20260919_152537,Go-To,
,,,164.5,,,False,,,False,1789850109274.3,,WIDE OPEN,open,[],26.75,[],0,23,[],,,,,EXCELLENT,680.0,,,[],,,,,,,,,True,0.0,515.5,pickup,released,False,,,1789850107811.9011,False,,23,1,,1789850108491.9092,,,,,,session_20260919_152537,Standstill,
,,,167.19999999999993,,,False,,,False,1789850119359.6,,SEMI-OPEN,unknown,[],28.333,[],0,24,[],,,,,EXCELLENT,650.8,,,[],,,,,,,,,True,0.0,483.6,pickup,released,False,,,1789850117674.8367,False,,24,1,,1789850118325.6482,,,,,,session_20260919_152537,Standstill,
,,,169.8,,,False,,,False,1789850148337.7,,WIDE OPEN,open,[],23.667,[],0,25,[],,,,,LATE,653.5,,,[],,,,,,,,,True,0.0,483.7,pickup,released,False,,,1789850146803.3389,False,,25,1,,1789850147456.8726,,,,,,session_20260919_152537,Standstill,
,,,,,,False,,,False,1789850150980.6,,,unknown,[],,[],0,26,[],,,,,,,,,[],,,,,,,,,True,0.0,,,disarmed,False,,,1789850149727.8823,False,,26,1,,,,,,,,session_20260919_152537,Left Fade,
,,,,,,False,,,False,1789850152613.5,,,unknown,[],,[],0,27,[],,,,,,,,,[],,,,,,,,,True,0.0,,,disarmed,False,,,1789850151405.2898,False,,27,1,,,,,,,,session_20260919_152537,Left Fade,
,,,,,,False,,,False,1789850156055.6,,,unknown,[],,[],0,28,[],,,,,,,,,[],,,,,,,,,True,0.0,,,disarmed,False,,,1789850154876.4497,False,,28,1,,,,,,,,session_20260919_152537,Post Fade,
,,,,,,False,,,False,1789850208732.7,,,unknown,[],,[],0,29,[],,,,,,,,,[],,,,,,,,,True,0.0,,,unanswered,False,,,1789850200655.4016,False,,29,1,,,,,,,,session_20260919_152537,Go-To,
,,,,,,False,,,False,1789850212168.8,,,unknown,[],,[],0,30,[],,,,,,,,,[],,,,,,,,,True,0.0,,,unanswered,False,,,1789850204139.246,False,,30,1,,,,,,,,session_20260919_152537,Go-To,
,,,155.09999999999997,,,False,,,False,1789850207395.1,,WIDE OPEN,open,[],20.5,[],0,31,[],,,,,EXCELLENT,655.4,,,[],,,,,,,,,True,0.0,500.3,pickup,released,False,,,1789850205931.5203,False,,31,1,,1789850206586.913,,,,,,session_20260919_152537,Standstill,
,,,153.0,,,False,,,False,1789850219787.6,,BOTHERED,unknown,[],23.667,[],0,32,[],,,,,LATE,836.7,,,[],,,,,,,,,True,0.0,683.7,pickup,released,False,,,1789850217799.8186,False,,32,1,,1789850218636.5317,,,,,,session_20260919_152537,Standstill,
,,,,,,False,,,False,1789850225062.8,,,unknown,[],,[],0,33,[],,,,,,,,,[],,,,,,,,,True,0.0,,,disarmed,False,,,1789850223842.7417,False,,33,1,,,,,,,,session_20260919_152537,Post Fade,
,,,,,,False,,,False,1789850244013.3,,,unknown,[],,[],0,34,[],,,,,,,,,[],,,,,,,,,True,0.0,,,unanswered,False,,,1789850235802.461,False,,34,1,,,,,,,,session_20260919_152537,Go-To,
,,,167.09999999999997,,,False,,,False,1789850238032.4,,LIGHT CONTEST,contested,[],23.75,[],0,35,[],,,,,EXCELLENT,650.4,,,[],,,,,,,,,True,0.0,483.3,pickup,released,False,,,1789850236401.6118,False,,35,1,,1789850237051.9648,,,,,,session_20260919_152537,Standstill,
,,,,,,False,,,False,1789850354260.1,,,unknown,[],,[],0,36,[],,,,,,,,,[],,,,,,,,,True,0.0,,,unanswered,False,,,1789850346245.5613,False,,36,1,,,,,,,,session_20260919_152537,Go-To,
,,,,,,False,,,False,1789850355813.8,,,unknown,[],,[],0,37,[],,,,,,,,,[],,,,,,,,,True,0.0,,,unanswered,False,,,1789850347656.7476,False,,37,1,,,,,,,,session_20260919_152537,Go-To,
,,,156.2,,,False,,,False,1789850350457.8,,WIDE OPEN,open,[],23.75,[],0,38,[],,,,,EXCELLENT,656.0,,,[],,,,,,,,,True,0.0,499.8,pickup,released,False,,,1789850349072.5835,False,,38,1,,1789850349728.5408,,,,,,session_20260919_152537,Standstill,
,,,,,,False,,,False,1789850373063.6,,,unknown,[],,[],0,39,[],,,,,,,,,[],,,,,,,,,True,0.0,,,unanswered,False,,,1789850364937.9854,False,,39,1,,,,,,,,session_20260919_152537,Go-To,
,,,168.0,,,False,,,False,1789850368509.1,,WIDE OPEN,open,[],27.917,[],0,40,[],,,,,EXCELLENT,651.0,,,[],,,,,,,,,True,0.0,483.0,pickup,released,False,,,1789850367010.062,False,,40,1,,1789850367661.0293,,,,,,session_20260919_152537,Standstill,
,,,,,,False,,,False,1789850383891.6,,,unknown,[],,[],0,41,[],,,,,,,,,[],,,,,,,,,True,0.0,,,disarmed,False,,,1789850382765.2468,False,,41,1,,,,,,,,session_20260919_152537,Left Fade,
,,,,,,False,,,False,1789850404238.3,,,unknown,[],,[],0,42,[],,,,,,,,,[],,,,,,,,,True,0.0,,,disarmed,False,,,1789850403088.6619,False,,42,1,,,,,,,,session_20260919_152537,Right Fade,
,,,,,,False,,,False,1789850415806.8,,,unknown,[],,[],0,43,[],,,,,,,,,[],,,,,,,,,True,0.0,,,disarmed,False,,,1789850414576.9575,False,,43,1,,,,,,,,session_20260919_152537,Post Fade,
,,,,,,False,,,False,1789850426972.8,,,unknown,[],,[],0,44,[],,,,,,,,,[],,,,,,,,,True,0.0,,,disarmed,False,,,1789850425648.1108,False,,44,1,,,,,,,,session_20260919_152537,Right Fade,
,,,183.0,,,False,,,False,1789850436404.5,,OPEN,open,[],5.75,[],0,45,[],,,,,EXCELLENT,766.3,,,[],,,,,,,,,True,0.0,583.3,pickup,released,False,,,1789850434708.3552,False,,45,1,,1789850435474.6074,,,,,,session_20260919_152537,Right Fade,
,,,,,,False,,,False,1789850454636.6,,,unknown,[],,[],0,46,[],,,,,,,,,[],,,,,,,,,True,0.0,,,unanswered,False,,,1789850446560.0137,False,,46,1,,,,,,,,session_20260919_152537,Go-To,
,,,,,,False,,,False,1789850455687.0,,,unknown,[],,[],0,47,[],,,,,,,,,[],,,,,,,,,True,0.0,,,unanswered,False,,,1789850447645.438,False,,47,1,,,,,,,,session_20260919_152537,Go-To,
,,,166.3,,,False,,,False,1789850450076.0,,LIGHT CONTEST,contested,[],25.25,[],0,48,[],,,,,LATE,650.1,,,[],,,,,,,,,True,0.0,483.8,pickup,released,False,,,1789850448357.8206,False,,48,1,,1789850449007.8794,,,,,,session_20260919_152537,Standstill,
,,,,,,False,,,False,1789852831157.6,,,unknown,[],,[],0,1,[],,,,,,,,,[],,,,,,,,,True,0.0,,,disarmed,False,,,1789852830044.1797,False,,1,1,,,,,,,,session_20260919_161833,Post Fade,
,,,,,,False,,,False,1789852850319.3,,,unknown,[],,[],0,2,[],,,,,,,,,[],,,,,,,,,True,0.0,,,unanswered,False,,,1789852842295.656,False,,2,1,,,,,,,,session_20260919_161833,Go-To,
,,,,,,False,,,False,1789852851945.0,,,unknown,[],,[],0,3,[],,,,,,,,,[],,,,,,,,,True,0.0,,,unanswered,False,,,1789852843720.8604,False,,3,1,,,,,,,,session_20260919_161833,Go-To,
,,,114.5,,,False,,,False,1789852845855.2,,WIDE OPEN,open,[],25.667,[],0,4,[],,,,,EXCELLENT,616.5,,,[],,,,,,,,,True,0.0,502.0,pickup,released,False,,,1789852844409.0322,False,,4,1,,1789852845025.5686,,,,,,session_20260919_161833,Standstill,
,,,,,,False,,,False,1789852864227.4,,,unknown,[],,[],0,5,[],,,,,,,,,[],,,,,,,,,True,0.0,,,unanswered,False,,,1789852856123.3643,False,,5,1,,,,,,,,session_20260919_161833,Go-To,
,,,,,,False,,,False,1789852865849.5,,,unknown,[],,[],0,6,[],,,,,,,,,[],,,,,,,,,True,0.0,,,unanswered,False,,,1789852857608.5967,False,,6,1,,,,,,,,session_20260919_161833,Go-To,
,,,157.39999999999998,,,False,,,False,1789852860022.6,,OPEN,open,[],19.167,[],0,7,[],,,,,EXCELLENT,657.3,,,[],,,,,,,,,True,0.0,499.9,pickup,released,False,,,1789852858579.6108,False,,7,1,,1789852859236.9246,,,,,,session_20260919_161833,Standstill,
,,,,,,False,,,False,1789852901540.8,,,unknown,[],,[],0,8,[],,,,,,,,,[],,,,,,,,,True,0.0,,,disarmed,False,,,1789852900390.9495,False,,8,1,,,,,,,,session_20260919_161833,Post Fade,
,,,,,,False,,,False,1789852913302.0,,,unknown,[],,[],0,9,[],,,,,,,,,[],,,,,,,,,True,0.0,,,disarmed,False,,,1789852912091.3093,False,,9,1,,,,,,,,session_20260919_161833,Post Fade,
,,,,,,False,,,False,1789852914641.2,,,unknown,[],,[],0,10,[],,,,,,,,,[],,,,,,,,,True,0.0,,,disarmed,False,,,1789852913302.002,False,,10,1,,,,,,,,session_20260919_161833,No Dip,
,,,,,,False,,,False,1789869243264.5,,,unknown,[],,[],0,1,[],,,,,,,,,[],,,,,,,,,True,0.0,,,disarmed,False,,,1789869242051.6602,False,,1,1,,,,,,,,session_20260919_205321,Standstill,
,,,154.90000000000003,,,False,,,False,1789869252950.3,,,unknown,[],24.333,[],0,2,[],,,,,EXCELLENT,620.7,,,[],,,,,,,,,True,0.0,465.8,pickup,released,False,,,1789869250998.25,False,,2,1,,1789869251618.9473,,,,,,session_20260919_205321,Standstill,
,,,156.50000000000006,,,False,,,False,1789869269016.0,,,unknown,[],24.083,[],0,3,[],,,,,EXCELLENT,640.2,,,[],,,,,,,,,True,0.0,483.7,pickup,released,False,,,1789869267062.5364,False,,3,1,,1789869267702.708,,,,,,session_20260919_205321,Standstill,
,,,139.30000000000007,,,False,,,False,1789869273434.6,,,unknown,[],22.167,[],0,4,[],,,,,EXCELLENT,972.6,,,[],,,,,,,,,True,0.0,833.3,pickup,released,False,,,1789869271129.0205,False,,4,1,,1789869272101.6182,,,,,,session_20260919_205321,Right Fade,
,,,158.09999999999997,,,False,,,False,1789869277232.2,,,unknown,[],25.5,[],0,5,[],,,,,EXCELLENT,657.8,,,[],,,,,,,,,True,0.0,499.7,pickup,released,False,,,1789869275260.212,False,,5,1,,1789869275917.99,,,,,,session_20260919_205321,Standstill,
,,,169.0,,,False,,,False,1789869282432.2,,,unknown,[],24.167,[],0,6,[],,,,,EXCELLENT,684.6,,,[],,,,,,,,,True,0.0,515.6,pickup,released,False,,,1789869280466.9119,False,,6,1,,1789869281151.558,,,,,,session_20260919_205321,Standstill,
,,,157.70000000000005,,,False,,,False,1789869286298.1,,,unknown,[],27.083,[],0,7,[],,,,,EXCELLENT,690.6,,,[],,,,,,,,,True,0.0,532.9,pickup,released,False,,,1789869284245.4595,False,,7,1,,1789869284936.0752,,,,,,session_20260919_205321,Go-To,
,,,153.5,,,False,,,False,1789869289347.1,,,unknown,[],26.5,[],0,8,[],,,,,EARLY,672.2,,,[],,,,,,,,,True,0.0,518.7,pickup,released,False,,,1789869287313.319,False,,8,1,,1789869287985.4763,,,,,,session_20260919_205321,Go-To,
,,,144.5,,,False,,,False,1789869292081.0,,,unknown,[],,[],0,9,[],,,,,LATE,730.0,,,[],,,,,,,,,True,0.0,585.5,pickup,released,False,,,1789869290139.1155,False,,9,1,,1789869290869.0737,,,,,,session_20260919_205321,Go-To,
,,,151.79999999999995,,,False,,,False,1789869295931.9,,,unknown,[],27.5,[],0,10,[],,,,,EXCELLENT,717.5,,,[],,,,,,,,,True,0.0,565.7,pickup,released,False,,,1789869293867.5718,False,,10,1,,1789869294585.0464,,,,,,session_20260919_205321,Go-To,
,,,139.0,,,False,,,False,1789869300025.0,,,unknown,[],21.583,[],0,11,[],,,,,EXCELLENT,1007.7,,,[],,,,,,,,,True,0.0,868.7,pickup,released,False,,,1789869297587.3564,False,,11,1,,1789869298595.099,,,,,,session_20260919_205321,Go-To,
,,,124.89999999999998,,,False,,,False,1789869303621.2,,,unknown,[],23.25,[],0,12,[],,,,,EXCELLENT,957.8,,,[],,,,,,,,,True,0.0,832.9,pickup,released,False,,,1789869301369.8923,False,,12,1,,1789869302327.7124,,,,,,session_20260919_205321,Go-To,
,,,152.30000000000007,,,False,,,False,1789869307941.2,,,unknown,[],26.917,[],0,13,[],,,,,EXCELLENT,986.2,,,[],,,,,,,,,True,0.0,833.9,pickup,released,False,,,1789869305632.9868,False,,13,1,,1789869306619.1675,,,,,,session_20260919_205321,Go-To,
,,,146.10000000000002,,,False,,,False,1789869312400.4,,,unknown,[],19.917,[],0,14,[],,,,,EXCELLENT,1012.6,,,[],,,,,,,,,True,0.0,866.5,pickup,released,False,,,1789869310171.6382,False,,14,1,,1789869311184.2405,,,,,,session_20260919_205321,Go-To,
,,,,,,False,,,False,1789872340107.5,,,unknown,[],,[],0,1,[],,,,,,,,,[],,,,,,,,,True,0.0,,,unanswered,False,,,1789872331927.029,False,,1,1,,,,,,,,session_20260919_212430,Go-To,
,,,157.69999999999993,,,False,,,False,1789872335298.4,,,unknown,[],23.75,[],0,2,[],,,,,EXCELLENT,640.8,,,[],,,,,,,,,True,0.0,483.1,pickup,released,False,,,1789872333385.6614,False,,2,1,,1789872334026.4822,,,,,,session_20260919_212430,Standstill,
,,,165.69999999999993,,,False,,,False,1789872397270.4,,,unknown,[],28.583,[],0,3,[],,,,,EXCELLENT,649.8,,,[],,,,,,,,,True,0.0,484.1,pickup,released,False,,,1789872395256.618,False,,3,1,,1789872395906.4136,,,,,,session_20260919_212430,Standstill,
,,,150.0,,,False,,,False,1789872401083.1,,,unknown,[],19.417,[],0,4,[],,,,,EXCELLENT,617.4,,,[],,,,,,,,,True,0.0,467.4,pickup,released,False,,,1789872399305.2434,False,,4,1,,1789872399922.6292,,,,,,session_20260919_212430,Standstill,
,,,594.9,,,False,,,False,1789872403834.8,,,unknown,[],20.25,[],0,5,[],,,,,EXCELLENT,661.5,,,[],,,,,,,,,True,0.0,66.6,pickup,released,False,,,1789872402076.7742,False,,5,1,,1789872402738.284,,,,,,session_20260919_212430,Standstill,
,,,144.60000000000002,,,False,,,False,1789872410034.0,,,unknown,[],22.917,[],0,6,[],,,,,EXCELLENT,945.2,,,[],,,,,,,,,True,0.0,800.6,pickup,released,False,,,1789872407843.7068,False,,6,1,,1789872408788.9373,,,,,,session_20260919_212430,Right Fade,
,,,132.5,,,False,,,False,1789872413333.6,,,unknown,[],23.75,[],0,7,[],,,,,EXCELLENT,632.0,,,[],,,,,,,,,True,0.0,499.5,pickup,released,False,,,1789872411406.4863,False,,7,1,,1789872412038.52,,,,,,session_20260919_212430,Standstill,
,,,153.39999999999986,,,False,,,False,1789872418382.5,,,unknown,[],26.0,[],0,8,[],,,,,EXCELLENT,2153.2,,,[],,,,,,,,,True,0.0,1999.8,pickup,released,False,,,1789872414835.5413,False,,8,1,,1789872416988.7437,,,,,,session_20260919_212430,Go-To,
,,,,,,False,,,False,1789872429215.2,,,unknown,[],,[],0,9,[],,,,,,,,,[],,,,,,,,,True,0.0,888.55,detect_loop,unanswered,False,,,1789872421197.1895,False,,9,1,,,,,,,,session_20260919_212430,Go-To,
,,,157.69999999999993,,,False,,,False,1789872430100.8,,,unknown,[],24.917,[],0,10,[],,,,,EXCELLENT,690.4,,,[],,,,,,,,,True,0.0,532.7,pickup,released,False,,,1789872428096.959,False,,10,1,,1789872428787.352,,,,,,session_20260919_212430,Go-To,
,,,166.00000000000006,,,False,,,False,1789872433534.5,,,unknown,[],25.75,[],0,11,[],,,,,EXCELLENT,648.2,,,[],,,,,,,,,True,0.0,482.2,pickup,released,False,,,1789872431589.9631,False,,11,1,,1789872432238.1348,,,,,,session_20260919_212430,Standstill,
,,,145.10000000000002,,,False,,,False,1789872437849.7,,,unknown,[],25.25,[],0,12,[],,,,,EXCELLENT,929.0,,,[],,,,,,,,,True,0.0,783.9,pickup,released,False,,,1789872435624.917,False,,12,1,,1789872436553.9607,,,,,,session_20260919_212430,Left Fade,
,,,155.5,,,False,,,False,1789872442851.8,,,unknown,[],26.667,[],0,13,[],,,,,EXCELLENT,1222.8,,,[],,,,,,,,,True,0.0,1067.3,pickup,released,False,,,1789872440247.94,False,,13,1,,1789872441470.7134,,,,,,session_20260919_212430,Left Fade,
,,,285.70000000000005,,,False,,,False,1789872447049.4,,,unknown,[],24.417,[],0,14,[],,,,,LATE,985.5,,,[],,,,,,,,,True,0.0,699.8,pickup,released,False,,,1789872444834.0842,False,,14,1,,1789872445819.581,,,,,,session_20260919_212430,Right Fade,
,,,153.20000000000005,,,False,,,False,1789872451281.9,,,unknown,[],26.333,[],0,15,[],,,,,LATE,1223.9,,,[],,,,,,,,,True,0.0,1070.7,pickup,released,False,,,1789872448700.2224,False,,15,1,,1789872449924.0793,,,,,,session_20260919_212430,Right Fade,
,,,154.20000000000005,,,False,,,False,1789872455083.9,,,unknown,[],21.25,[],0,16,[],,,,,EXCELLENT,954.6,,,[],,,,,,,,,True,0.0,800.4,pickup,released,False,,,1789872452931.8994,False,,16,1,,1789872453886.4727,,,,,,session_20260919_212430,Right Fade,
,,,141.5999999999999,,,False,,,False,1789872459383.6,,,unknown,[],23.917,[],0,17,[],,,,,EARLY,908.8,,,[],,,,,,,,,True,0.0,767.2,pickup,released,False,,,1789872457152.9404,False,,17,1,,1789872458061.7605,,,,,,session_20260919_212430,Left Fade,
,,,,,,False,,,False,1789872460690.0,,,unknown,[],,[],0,18,[],,,,,,,,,[],,,,,,,,,True,0.0,,,disarmed,False,,,1789872459507.2766,False,,18,1,,,,,,,,session_20260919_212430,Standstill,
,,,142.5,,,False,,,False,1789872464580.6,,,unknown,[],23.25,[],0,19,[],,,,,EXCELLENT,892.3,,,[],,,,,,,,,True,0.0,749.8,pickup,released,False,,,1789872462377.3481,False,,19,1,,1789872463269.6648,,,,,,session_20260919_212430,Left Fade,
,,,145.19999999999993,,,False,,,False,1789872468155.7,,,unknown,[],25.417,[],0,20,[],,,,,EXCELLENT,944.9,,,[],,,,,,,,,True,0.0,799.7,pickup,released,False,,,1789872465873.8098,False,,20,1,,1789872466818.6765,,,,,,session_20260919_212430,Right Fade,
,,,137.60000000000002,,,False,,,False,1789872472255.1,,,unknown,[],22.583,[],0,21,[],,,,,EARLY,938.7,,,[],,,,,,,,,True,0.0,801.1,pickup,released,False,,,1789872469889.2214,False,,21,1,,1789872470827.9546,,,,,,session_20260919_212430,Right Fade,
,,,151.70000000000005,,,False,,,False,1789872477146.4,,,unknown,[],22.75,[],0,22,[],,,,,EXCELLENT,951.6,,,[],,,,,,,,,True,0.0,799.9,pickup,released,False,,,1789872474916.7583,False,,22,1,,1789872475868.3386,,,,,,session_20260919_212430,Left Fade,
,,,157.10000000000002,,,False,,,False,1789872480862.3,,,unknown,[],20.833,[],0,23,[],,,,,EXCELLENT,989.6,,,[],,,,,,,,,True,0.0,832.5,pickup,released,False,,,1789872478694.971,False,,23,1,,1789872479684.5918,,,,,,session_20260919_212430,Left Fade,
,,,157.0,,,False,,,False,1789872485300.9,,,unknown,[],26.917,[],0,24,[],,,,,EARLY,940.8,,,[],,,,,,,,,True,0.0,783.8,pickup,released,False,,,1789872482944.0688,False,,24,1,,1789872483884.9087,,,,,,session_20260919_212430,Left Fade,
,,,,,,False,,,False,1789872494401.1,,,unknown,[],,[],0,25,[],,,,,,,,,[],,,,,,,,,True,0.0,,,unanswered,False,,,1789872486256.3594,False,,25,1,,,,,,,,session_20260919_212430,Go-To,
,,,170.80000000000007,,,False,,,False,1789872489099.5,,,unknown,[],26.083,[],0,26,[],,,,,EXCELLENT,654.7,,,[],,,,,,,,,True,0.0,483.9,pickup,released,False,,,1789872487080.073,False,,26,1,,1789872487734.7292,,,,,,session_20260919_212430,Standstill,
,,,149.79999999999995,,,False,,,False,1789872492595.5,,,unknown,[],25.333,[],0,27,[],,,,,EXCELLENT,915.5,,,[],,,,,,,,,True,0.0,765.7,pickup,released,False,,,1789872490352.0996,False,,27,1,,1789872491267.6401,,,,,,session_20260919_212430,Left Fade,
,,,146.39999999999998,,,False,,,False,1789872495994.7,,,unknown,[],21.583,[],0,28,[],,,,,EARLY,929.0,,,[],,,,,,,,,True,0.0,782.6,pickup,released,False,,,1789872493630.7295,False,,28,1,,1789872494559.7068,,,,,,session_20260919_212430,Left Fade,
,,,141.79999999999995,,,False,,,False,1789872499830.4,,,unknown,[],22.667,[],0,29,[],,,,,EXCELLENT,991.9,,,[],,,,,,,,,True,0.0,850.1,pickup,released,False,,,1789872497617.751,False,,29,1,,1789872498609.6484,,,,,,session_20260919_212430,Right Fade,
,,,164.0,,,False,,,False,1789872503629.5,,,unknown,[],22.083,[],0,30,[],,,,,LATE,963.5,,,[],,,,,,,,,True,0.0,799.5,pickup,released,False,,,1789872501537.2473,False,,30,1,,1789872502500.7566,,,,,,session_20260919_212430,Left Fade,
,,,143.10000000000002,,,False,,,False,1789872507127.9,,,unknown,[],22.0,[],0,31,[],,,,,EXCELLENT,693.1,,,[],,,,,,,,,True,0.0,550.0,pickup,released,False,,,1789872505224.1582,False,,31,1,,1789872505917.2842,,,,,,session_20260919_212430,Standstill,
,,,156.0,,,False,,,False,1789875442038.2,,,unknown,[],22.083,[],0,1,[],,,,,EXCELLENT,656.5,,,[],,,,,,,,,True,0.0,500.5,pickup,released,False,,,1789875440145.5793,False,,1,1,,1789875440802.0928,,,,,,session_20260919_222917,Standstill,
,,,128.90000000000003,,,False,,,False,1789877272429.7,,,unknown,[],41.417,[],0,1,[],,,,,EARLY,627.2,,,[],,,,,,,,,True,0.0,498.3,pickup,released,False,,,1789877270181.955,False,,1,1,,1789877270809.1223,,,,,,session_20260919_225848,Standstill,
,,,158.39999999999998,,,False,,,False,1789877275432.9,,,unknown,[],27.333,[],0,2,[],,,,,EXCELLENT,657.5,,,[],,,,,,,,,True,0.0,499.1,pickup,released,False,,,1789877273414.74,False,,2,1,,1789877274072.2551,,,,,,session_20260919_225848,Standstill,
,,,138.8,,,False,,,False,1789877278433.9,,,unknown,[],26.667,[],0,3,[],,,,,EXCELLENT,639.6,,,[],,,,,,,,,True,0.0,500.8,pickup,released,False,,,1789877276416.394,False,,3,1,,1789877277055.9534,,,,,,session_20260919_225848,Standstill,
,,,173.69999999999993,,,False,,,False,1789877281778.1,,,unknown,[],23.75,[],0,4,[],,,,,EXCELLENT,658.3,,,[],,,,,,,,,True,0.0,484.6,pickup,released,False,,,1789877279782.1226,False,,4,1,,1789877280440.3777,,,,,,session_20260919_225848,Standstill,
,,,148.69999999999993,,,False,,,False,1789877290999.1,,,unknown,[],24.333,[],0,5,[],,,,,EXCELLENT,681.3,,,[],,,,,,,,,True,0.0,532.6,pickup,released,False,,,1789877289089.7712,False,,5,1,,1789877289771.035,,,,,,session_20260919_225848,Standstill,
,,,152.89999999999998,,,False,,,False,1789877295398.8,,,unknown,[],24.417,[],0,6,[],,,,,EXCELLENT,953.4,,,[],,,,,,,,,True,0.0,800.5,pickup,released,False,,,1789877293184.472,False,,6,1,,1789877294137.87,,,,,,session_20260919_225848,Right Fade,
,,,185.5,,,False,,,False,1789877299000.4,,,unknown,[],8.917,[],0,7,[],,,,,EXCELLENT,635.9,,,[],,,,,,,,,True,0.0,450.4,pickup,released,False,,,1789877297218.9834,False,,7,1,,1789877297854.8672,,,,,,session_20260919_225848,Go-To,
,,,148.9000000000001,,,False,,,False,1789877304415.0,,,unknown,[],18.75,[],0,8,[],,,,,EXCELLENT,2115.4,,,[],,,,,,,,,True,0.0,1966.5,pickup,released,False,,,1789877301171.1926,False,,8,1,,1789877303286.6318,,,,,,session_20260919_225848,Go-To,
,,,140.9000000000001,,,False,,,False,1789877309430.7,,,unknown,[],23.917,[],0,9,[],,,,,EXCELLENT,2041.0,,,[],,,,,,,,,True,0.0,1900.1,pickup,released,False,,,1789877306096.1416,False,,9,1,,1789877308137.102,,,,,,session_20260919_225848,Go-To,
,,,,,,False,,,False,1789877322020.8,,,unknown,[],,[],0,10,[],,,,,,,,,[],,,,,,,,,True,0.0,,,disarmed,False,,,1789877320856.9355,False,,10,1,,,,,,,,session_20260919_225848,Standstill,
,,,156.20000000000005,,,False,,,False,1789877378293.4,,,unknown,[],25.917,[],0,11,[],,,,,EXCELLENT,789.6,,,[],,,,,,,,,True,0.0,633.4,pickup,released,False,,,1789877376293.6917,False,,11,1,,1789877377083.2742,,,,,,session_20260919_225848,Standstill,
,,,132.6199999999999,,,False,,,False,1789877387109.8,,,unknown,[],,[],0,12,[],,,,,,4246.5,,,[],,,,,,,,,True,0.0,4113.88,detect_loop,released,False,,,1789877379303.6487,False,,12,1,,1789877383550.1516,,,,,,session_20260919_225848,Go-To,
,,,120.17000000000007,,,False,,,False,1789877391664.7,,,unknown,[],27.5,[],0,13,[],,,,,EXCELLENT,4259.5,,,[],,,,,,,,,True,0.0,4139.33,detect_loop,released,False,,,1789877386040.8594,False,,13,1,,1789877390300.3198,,,,,,session_20260919_225848,Go-To,
,,,113.41999999999962,,,False,,,False,1789877398260.4,,,unknown,[],21.667,[],0,14,[],,,,,EXCELLENT,4200.7,,,[],,,,,,,,,True,0.0,4087.28,detect_loop,released,False,,,1789877392782.0938,False,,14,1,,1789877396982.7854,,,,,,session_20260919_225848,Go-To,
,,,135.0699999999997,,,False,,,False,1789877407319.7,,,unknown,[],,[],0,15,[],,,,,,4272.7,,,[],,,,,,,,,True,0.0,4137.63,detect_loop,released,False,,,1789877399427.3323,False,,15,1,,1789877403699.9956,,,,,,session_20260919_225848,Go-To,
,,,644.1,,,False,,,False,1789877407628.5,,,unknown,[],28.167,[],0,16,[],,,,,LATE,644.1,,,[],,,,,,,,,True,0.0,0.0,pickup,released,False,,,1789877405554.443,False,,16,1,,1789877406198.5203,,,,,,session_20260919_225848,Standstill,
,,,-87.19999999999999,,,False,,,False,1789877410460.8,,,unknown,[],26.25,[],0,17,[],,,,,LATE,397.2,,,[],,,,,,,,,True,0.0,484.4,pickup,released,False,,,1789877408602.4844,False,,17,1,,1789877408999.7117,,,,,,session_20260919_225848,Standstill,
,,,162.39999999999998,,,False,,,False,1789877413665.2,,,unknown,[],26.417,[],0,18,[],,,,,LATE,696.4,,,[],,,,,,,,,True,0.0,534.0,pickup,released,False,,,1789877411502.3962,False,,18,1,,1789877412198.841,,,,,,session_20260919_225848,Standstill,
,,,609.5,,,False,,,False,1789877416779.4,,,unknown,[],24.667,[],0,19,[],,,,,EARLY,676.2,,,[],,,,,,,,,True,0.0,66.7,pickup,released,False,,,1789877414402.0361,False,,19,1,,1789877415078.1895,,,,,,session_20260919_225848,Standstill,
,,,139.60000000000002,,,False,,,False,1789877419208.9,,,unknown,[],25.083,[],0,20,[],,,,,EXCELLENT,690.7,,,[],,,,,,,,,True,0.0,551.1,pickup,released,False,,,1789877417238.899,False,,20,1,,1789877417929.6355,,,,,,session_20260919_225848,Standstill,
,,,115.55999999999995,,,False,,,False,1789884321756.1,,,unknown,[],26.75,[],0,1,[],,,,,EARLY,629.5,,,[],,,,,,,,,True,0.0,513.94,detect_loop,released,False,,,1789884318917.0,False,,1,1,,1789884319546.5251,,,,,,session_20260920_005825,Standstill,
,,,131.6400000000001,,,False,,,False,1789884329008.5,,,unknown,[],24.333,[],0,2,[],,,,,LATE,644.7,,,[],,,,,,,,,True,0.0,513.06,detect_loop,released,False,,,1789884326167.0,False,,2,1,,1789884326811.6667,,,,,,session_20260920_005825,Standstill,
,,,173.4699999999999,,,False,,,False,1789884332539.1,,,unknown,[],24.417,[],0,3,[],,,,,LATE,724.8,,,[],,,,,,,,,True,0.0,551.33,detect_loop,released,False,,,1789884328980.0,False,,3,1,,1789884329704.785,,,,,,session_20260920_005825,Standstill,
,,,160.49,,,False,,,False,1789884335290.8,,,unknown,[],24.833,[],0,4,[],,,,,EXCELLENT,706.8,,,[],,,,,,,,,True,0.0,546.31,detect_loop,released,False,,,1789884332201.0,False,,4,1,,1789884332907.7776,,,,,,session_20260920_005825,Standstill,
,,,132.8,,,False,,,False,1789884339172.4,,,unknown,[],,[],0,5,[],,,,,EXCELLENT,636.6,,,[],,,,,,,,,True,0.0,503.8,detect_loop,released,False,,,1789884335009.0,False,,5,1,,1789884335645.5657,,,,,,session_20260920_005825,Standstill,
,,,149.32000000000005,,,False,,,False,1789884342897.2,,,unknown,[],26.833,[],0,6,[],,,,,EXCELLENT,657.1,,,[],,,,,,,,,True,0.0,507.78,detect_loop,released,False,,,1789884339104.0,False,,6,1,,1789884339761.1455,,,,,,session_20260920_005825,Standstill,
,,,149.41000000000003,,,False,,,False,1789884344483.7,,,unknown,[],26.583,[],0,7,[],,,,,EXCELLENT,651.0,,,[],,,,,,,,,True,0.0,501.59,detect_loop,released,False,,,1789884341827.0,False,,7,1,,1789884342478.0005,,,,,,session_20260920_005825,Standstill,
,,,149.29999999999995,,,False,,,False,1789884348272.8,,,unknown,[],26.083,[],0,8,[],,,,,EXCELLENT,647.4,,,[],,,,,,,,,True,0.0,498.1,detect_loop,released,False,,,1789884344481.0,False,,8,1,,1789884345128.4304,,,,,,session_20260920_005825,Standstill,
,,,149.54999999999995,,,False,,,False,1789884351771.7,,,unknown,[],23.75,[],0,9,[],,,,,EXCELLENT,640.9,,,[],,,,,,,,,True,0.0,491.35,detect_loop,released,False,,,1789884347803.0,False,,9,1,,1789884348443.9404,,,,,,session_20260920_005825,Standstill,
,,,149.42000000000007,,,False,,,False,1789884354900.0,,,unknown,[],23.75,[],0,10,[],,,,,EXCELLENT,655.7,,,[],,,,,,,,,True,0.0,506.28,detect_loop,released,False,,,1789884351770.0,False,,10,1,,1789884352425.704,,,,,,session_20260920_005825,Standstill,
,,,149.40000000000003,,,False,,,False,1789884358261.8,,,unknown,[],23.75,[],0,11,[],,,,,EXCELLENT,654.2,,,[],,,,,,,,,True,0.0,504.8,detect_loop,released,False,,,1789884355388.0,False,,11,1,,1789884356042.2302,,,,,,session_20260920_005825,Standstill,
,,,,,,False,,,False,1789892019246.0,,,unknown,[],,[],0,1,[],,,,,,,,,[],,,,,,,,,True,0.0,,,disarmed,False,,,1789892017954.0,False,,1,1,,,,,,,,session_20260920_030834,Standstill,
,,,150.94000000000005,,,False,,,False,1789892026278.2,,,unknown,[],25.417,[],0,2,[],,,,,EXCELLENT,774.2,,,[],,,,,,,,,True,0.0,623.26,detect_loop,released,False,,,1789892022663.0,False,,2,1,,1789892023437.1638,,,,,,session_20260920_030834,Standstill,
,,,149.17000000000002,,,False,,,False,1789892030833.1,,,unknown,[],24.833,[],0,3,[],,,,,EXCELLENT,649.6,,,[],,,,,,,,,True,0.0,500.43,detect_loop,released,False,,,1789892026537.0,False,,3,1,,1789892027186.6265,,,,,,session_20260920_030834,Standstill,
,,,149.25000000000006,,,False,,,False,1789892033677.3,,,unknown,[],24.833,[],0,4,[],,,,,EXCELLENT,658.2,,,[],,,,,,,,,True,0.0,508.95,detect_loop,released,False,,,1789892029345.0,False,,4,1,,1789892030003.239,,,,,,session_20260920_030834,Standstill,
,,,149.51999999999998,,,False,,,False,1789892036485.2,,,unknown,[],23.75,[],0,5,[],,,,,EXCELLENT,658.3,,,[],,,,,,,,,True,0.0,508.78,detect_loop,released,False,,,1789892032177.0,False,,5,1,,1789892032835.284,,,,,,session_20260920_030834,Standstill,
,,,149.39999999999998,,,False,,,False,1789892039297.2,,,unknown,[],24.917,[],0,6,[],,,,,EXCELLENT,644.4,,,[],,,,,,,,,True,0.0,495.0,detect_loop,released,False,,,1789892035091.0,False,,6,1,,1789892035735.4001,,,,,,session_20260920_030834,Standstill,
,,,150.95000000000005,,,False,,,False,1789892043340.1,,,unknown,[],25.417,[],0,7,[],,,,,EXCELLENT,958.1,,,[],,,,,,,,,True,0.0,807.15,detect_loop,released,False,,,1789892038744.0,False,,7,1,,1789892039702.1067,,,,,,session_20260920_030834,Right Fade,
,,,,,,False,,,False,1789892046662.3,,,unknown,[],,[],0,8,[],,,,,,,,,[],,,,,,,,,True,0.0,1325.37,detect_loop,disarmed,False,,,1789892043993.0,False,,8,1,,,,,,,,session_20260920_030834,Left Fade,
,,,134.32000000000005,,,False,,,False,1789892052542.5,,,unknown,[],25.0,[],0,9,[],,,,,EXCELLENT,969.6,,,[],,,,,,,,,True,0.0,835.28,detect_loop,released,False,,,1789892048499.0,False,,9,1,,1789892049468.5671,,,,,,session_20260920_030834,Left Fade,
,,,,,,False,,,False,1789892056867.2,,,unknown,[],,[],0,10,[],,,,,,,,,[],,,,,,,,,True,0.0,,,disarmed,False,,,1789892055644.0,False,,10,1,,,,,,,,session_20260920_030834,Standstill,
,,,134.27999999999997,,,False,,,False,1789892062930.9,,,unknown,[],,[],0,11,[],,,,,,880.4,,,[],,,,,,,,,True,0.0,746.12,detect_loop,released,False,,,1789892058304.0,False,,11,1,,1789892059184.4434,,,,,,session_20260920_030834,Left Fade,
,,,134.39,,,False,,,False,1789892066721.0,,,unknown,[],,[],0,12,[],,,,,,965.0,,,[],,,,,,,,,True,0.0,830.61,detect_loop,released,False,,,1789892062136.0,False,,12,1,,1789892063100.9702,,,,,,session_20260920_030834,Right Fade,
,,,,,,False,,,False,1789892130955.3,,,unknown,[],,[],0,13,[],,,,,,,,,[],,,,,,,,,True,0.0,,,unanswered,False,,,1789892122796.0,False,,13,1,,,,,,,,session_20260920_030834,Go-To,
,,,,,,False,,,False,1789892132509.4,,,unknown,[],,[],0,14,[],,,,,,,,,[],,,,,,,,,True,0.0,,,unanswered,False,,,1789892124502.0,False,,14,1,,,,,,,,session_20260920_030834,Go-To,
,,,,,,False,,,False,1789892139360.4,,,unknown,[],,[],0,15,[],,,,,,,,,[],,,,,,,,,True,0.0,,,unanswered,False,,,1789892131349.0,False,,15,1,,,,,,,,session_20260920_030834,Go-To,
,,,,,,False,,,False,1789892143414.2,,,unknown,[],,[],0,16,[],,,,,,,,,[],,,,,,,,,True,0.0,,,unanswered,False,,,1789892135335.0,False,,16,1,,,,,,,,session_20260920_030834,Go-To,
,,,,,,False,,,False,1789892145998.6,,,unknown,[],,[],0,17,[],,,,,,,,,[],,,,,,,,,True,0.0,,,unanswered,False,,,1789892137869.0,False,,17,1,,,,,,,,session_20260920_030834,Go-To,
,,,,,,False,,,False,1789892147302.5,,,unknown,[],,[],0,18,[],,,,,,,,,[],,,,,,,,,True,0.0,,,unanswered,False,,,1789892139093.0,False,,18,1,,,,,,,,session_20260920_030834,Go-To,
,,,,,,False,,,False,1789892147587.2,,,unknown,[],,[],0,19,[],,,,,,,,,[],,,,,,,,,True,0.0,,,unanswered,False,,,1789892139572.0,False,,19,1,,,,,,,,session_20260920_030834,Go-To,
,,,,,,False,,,False,1789892148378.2,,,unknown,[],,[],0,20,[],,,,,,,,,[],,,,,,,,,True,0.0,,,unanswered,False,,,1789892140365.0,False,,20,1,,,,,,,,session_20260920_030834,Go-To,
,,,,,,False,,,False,1789892166407.4,,,unknown,[],,[],0,21,[],,,,,,,,,[],,,,,,,,,True,0.0,,,unanswered,False,,,1789892161738.0,False,,21,1,,,,,,,,session_20260920_030834,Go-To,
,,,149.45000000000005,,,False,,,False,1789892166258.8,,,unknown,[],25.417,[],0,22,[],,,,,EXCELLENT,648.1,,,[],,,,,,,,,True,0.0,498.65,detect_loop,released,False,,,1789892162596.0,False,,22,1,,1789892163244.0588,,,,,,session_20260920_030834,Standstill,
,,,149.26999999999998,,,False,,,False,1789926031062.8,,,unknown,[],24.917,[],0,1,[],,,,,EXCELLENT,659.5,,,[],,,,,,,,,True,0.0,510.23,detect_loop,released,False,,,1789926029124.0,False,,1,1,,1789926029783.5095,,,,,,session_20260920_123914,Standstill,
,,,149.34000000000003,,,False,,,False,1789926033762.4,,,unknown,[],24.75,[],0,2,[],,,,,EXCELLENT,654.6,,,[],,,,,,,,,True,0.0,505.26,detect_loop,released,False,,,1789926031829.0,False,,2,1,,1789926032483.6057,,,,,,session_20260920_123914,Standstill,
,,,149.21999999999997,,,False,,,False,1789926036664.2,,,unknown,[],23.75,[],0,3,[],,,,,EXCELLENT,641.3,,,[],,,,,,,,,True,0.0,492.08,detect_loop,released,False,,,1789926034792.0,False,,3,1,,1789926035433.3347,,,,,,session_20260920_123914,Standstill,
,,,533.81,,,False,,,False,1789926039364.9,,,unknown,[],23.75,[],0,4,[],,,,,EXCELLENT,644.4,,,[],,,,,,,,,True,0.0,110.59,detect_loop,released,False,,,1789926037442.0,False,,4,1,,1789926038086.414,,,,,,session_20260920_123914,Standstill,
,,,65.78,,,False,,,False,1789926043950.4,,,unknown,[],,[],0,5,[],,,,,,230.1,,,[],,,,,,,,,True,0.0,164.32,detect_loop,released,False,,,1789926039988.0,False,,5,1,,1789926040218.133,,,,,,session_20260920_123914,Standstill,
,,,149.62000000000006,,,False,,,False,1789926043398.3,,,unknown,[],23.75,[],0,6,[],,,,,EXCELLENT,642.2,,,[],,,,,,,,,True,0.0,492.58,detect_loop,released,False,,,1789926041510.0,False,,6,1,,1789926042152.177,,,,,,session_20260920_123914,Standstill,
,,,100.9,,,False,,,False,1789926047873.1,,,unknown,[],,[],0,7,[],,,,,,349.5,,,[],,,,,,,,,True,0.0,248.6,detect_loop,released,False,,,1789926043987.0,False,,7,1,,1789926044336.4893,,,,,,session_20260920_123914,Standstill,
,,,149.43999999999994,,,False,,,False,1789926047319.6,,,unknown,[],24.083,[],0,8,[],,,,,EXCELLENT,653.3,,,[],,,,,,,,,True,0.0,503.86,detect_loop,released,False,,,1789926045366.0,False,,8,1,,1789926046019.254,,,,,,session_20260920_123914,Standstill,
,,,399.73,,,False,,,False,1789926049815.3,,,unknown,[],23.75,[],0,9,[],,,,,EXCELLENT,645.5,,,[],,,,,,,,,True,0.0,245.77,detect_loop,released,False,,,1789926047906.0,False,,9,1,,1789926048551.4756,,,,,,session_20260920_123914,Standstill,
,,,134.27999999999997,,,False,,,False,1789926054416.7,,,unknown,[],17.5,[],0,10,[],,,,,EXCELLENT,945.3,,,[],,,,,,,,,True,0.0,811.02,detect_loop,released,False,,,1789926052291.0,False,,10,1,,1789926053236.2966,,,,,,session_20260920_123914,Right Fade,
,,,150.99,,,False,,,False,1789926058124.8,,,unknown,[],18.25,[],0,11,[],,,,,EXCELLENT,1129.3,,,[],,,,,,,,,True,0.0,978.31,detect_loop,released,False,,,1789926055924.0,False,,11,1,,1789926057053.2957,,,,,,session_20260920_123914,Left Fade,
,,,132.73000000000002,,,False,,,False,1789926061447.8,,,unknown,[],23.667,[],0,12,[],,,,,LATE,651.6,,,[],,,,,,,,,True,0.0,518.87,detect_loop,released,False,,,1789926059550.0,False,,12,1,,1789926060201.5962,,,,,,session_20260920_123914,Standstill,
,,,650.8299999999999,,,False,,,False,1789926064349.1,,,unknown,[],23.667,[],0,13,[],,,,,LATE,739.8,,,[],,,,,,,,,True,0.0,88.97,detect_loop,released,False,,,1789926062363.0,False,,13,1,,1789926063102.8203,,,,,,session_20260920_123914,Standstill,
,,,149.40999999999997,,,False,,,False,1789926067247.2,,,unknown,[],23.667,[],0,14,[],,,,,LATE,692.1,,,[],,,,,,,,,True,0.0,542.69,detect_loop,released,False,,,1789926065159.0,False,,14,1,,1789926065851.0884,,,,,,session_20260920_123914,Standstill,
,,,629.94,,,False,,,False,1789926070545.6,,,unknown,[],23.75,[],0,15,[],,,,,LATE,697.0,,,[],,,,,,,,,True,0.0,67.06,detect_loop,released,False,,,1789926068317.0,False,,15,1,,1789926069014.0183,,,,,,session_20260920_123914,Standstill,
,,,126.77999999999997,,,False,,,False,1789926073047.2,,,unknown,[],24.333,[],0,16,[],,,,,EXCELLENT,688.1,,,[],,,,,,,,,True,0.0,561.32,detect_loop,released,False,,,1789926071106.0,False,,16,1,,1789926071794.142,,,,,,session_20260920_123914,Standstill,
,,,134.24,,,False,,,False,1789926713170.6,,,unknown,[],26.917,[],0,1,[],,,,,EXCELLENT,699.7,,,[],,,,,,,,,True,0.0,565.46,detect_loop,released,False,,,1789926710259.0,False,,1,1,,1789926710958.6924,,,,,,session_20260920_125107,Standstill,
,,,429.51,,,False,,,False,1789926716927.8,,,unknown,[],24.167,[],0,2,[],,,,,EXCELLENT,651.6,,,[],,,,,,,,,True,0.0,222.09,detect_loop,released,False,,,1789926713003.0,False,,2,1,,1789926713654.604,,,,,,session_20260920_125107,Standstill,
,,,130.52000000000004,,,False,,,False,1789926719720.9,,,unknown,[],23.75,[],0,3,[],,,,,EXCELLENT,632.7,,,[],,,,,,,,,True,0.0,502.18,detect_loop,released,False,,,1789926715605.0,False,,3,1,,1789926716237.6548,,,,,,session_20260920_125107,Standstill,
,,,246.74,,,False,,,False,1789926720984.1,,,unknown,[],26.5,[],0,4,[],,,,,EARLY,515.6,,,[],,,,,,,,,True,0.0,268.86,detect_loop,released,False,,,1789926718272.0,False,,4,1,,1789926718787.6272,,,,,,session_20260920_125107,Standstill,
,,,130.55000000000007,,,False,,,False,1789926724228.5,,,unknown,[],17.333,[],0,5,[],,,,,EXCELLENT,617.7,,,[],,,,,,,,,True,0.0,487.15,detect_loop,released,False,,,1789926721237.0,False,,5,1,,1789926721854.7346,,,,,,session_20260920_125107,Standstill,
,,,150.93000000000006,,,False,,,False,1789926728532.6,,,unknown,[],22.25,[],0,6,[],,,,,EXCELLENT,687.6,,,[],,,,,,,,,True,0.0,536.67,detect_loop,released,False,,,1789926724487.0,False,,6,1,,1789926725174.6104,,,,,,session_20260920_125107,Left Fade,
,,,401.5,,,False,,,False,1789926731333.0,,,unknown,[],21.333,[],0,7,[],,,,,LATE,732.4,,,[],,,,,,,,,True,0.0,330.9,detect_loop,released,False,,,1789926727142.0,False,,7,1,,1789926727874.35,,,,,,session_20260920_125107,Standstill,
,,,61.27000000000004,,,False,,,False,1789926733872.4,,,unknown,[],,[],0,8,[],,,,,,340.8,,,[],,,,,,,,,True,0.0,279.53,detect_loop,released,False,,,1789926729878.0,False,,8,1,,1789926730218.781,,,,,,session_20260920_125107,Standstill,
,,,134.17999999999995,,,False,,,False,1789926735152.7,,,unknown,[],24.333,[],0,9,[],,,,,LATE,738.8,,,[],,,,,,,,,True,0.0,604.62,detect_loop,released,False,,,1789926731036.0,False,,9,1,,1789926731774.828,,,,,,session_20260920_125107,Standstill,
,,,533.56,,,False,,,False,1789926737114.9,,,unknown,[],24.333,[],0,10,[],,,,,EXCELLENT,678.3,,,[],,,,,,,,,True,0.0,144.74,detect_loop,released,False,,,1789926733613.0,False,,10,1,,1789926734291.2666,,,,,,session_20260920_125107,Standstill,
,,,147.14999999999998,,,False,,,False,1789926740216.2,,,unknown,[],24.917,[],0,11,[],,,,,EXCELLENT,642.5,,,[],,,,,,,,,True,0.0,495.35,detect_loop,released,False,,,1789926737361.0,False,,11,1,,1789926738003.47,,,,,,session_20260920_125107,Standstill,
,,,413.44000000000005,,,False,,,False,1789926743094.9,,,unknown,[],24.667,[],0,12,[],,,,,EXCELLENT,643.2,,,[],,,,,,,,,True,0.0,229.76,detect_loop,released,False,,,1789926740243.0,False,,12,1,,1789926740886.2363,,,,,,session_20260920_125107,Standstill,
,,,147.24,,,False,,,False,1789926746947.2,,,unknown,[],23.75,[],0,13,[],,,,,EXCELLENT,659.7,,,[],,,,,,,,,True,0.0,512.46,detect_loop,released,False,,,1789926743043.0,False,,13,1,,1789926743702.7148,,,,,,session_20260920_125107,Standstill,
,,,147.14999999999998,,,False,,,False,1789926749410.6,,,unknown,[],25.583,[],0,14,[],,,,,EXCELLENT,663.0,,,[],,,,,,,,,True,0.0,515.85,detect_loop,released,False,,,1789926745407.0,False,,14,1,,1789926746070.0447,,,,,,session_20260920_125107,Standstill,
,,,347.12999999999994,,,False,,,False,1789926752279.5,,,unknown,[],24.75,[],0,15,[],,,,,EXCELLENT,652.3,,,[],,,,,,,,,True,0.0,305.17,detect_loop,released,False,,,1789926747934.0,False,,15,1,,1789926748586.2563,,,,,,session_20260920_125107,Standstill,
,,,130.49,,,False,,,False,1789926755595.0,,,unknown,[],24.75,[],0,16,[],,,,,EXCELLENT,643.3,,,[],,,,,,,,,True,0.0,512.81,detect_loop,released,False,,,1789926750726.0,False,,16,1,,1789926751369.3188,,,,,,session_20260920_125107,Standstill,
,,,247.30999999999995,,,False,,,False,1789926755492.7,,,unknown,[],23.75,[],0,17,[],,,,,EXCELLENT,677.3,,,[],,,,,,,,,True,0.0,429.99,detect_loop,released,False,,,1789926753109.0,False,,17,1,,1789926753786.3472,,,,,,session_20260920_125107,Standstill,
,,,130.50000000000006,,,False,,,False,1789926757926.6,,,unknown,[],23.75,[],0,18,[],,,,,EXCELLENT,626.2,,,[],,,,,,,,,True,0.0,495.7,detect_loop,released,False,,,1789926755593.0,False,,18,1,,1789926756219.2278,,,,,,session_20260920_125107,Standstill,
,,,715.73,,,False,,,False,1789926760940.1,,,unknown,[],24.083,[],0,19,[],,,,,LATE,888.0,,,[],,,,,,,,,True,0.0,172.27,detect_loop,released,False,,,1789926758333.0,False,,19,1,,1789926759221.047,,,,,,session_20260920_125107,Standstill,
,,,231.2,,,False,,,False,1789926765284.1,,,unknown,[],23.667,[],0,20,[],,,,,LATE,703.4,,,[],,,,,,,,,True,0.0,472.2,detect_loop,released,False,,,1789926760983.0,False,,20,1,,1789926761686.3948,,,,,,session_20260920_125107,Standstill,
,,,260.96000000000004,,,False,,,False,1789926767867.6,,,unknown,[],23.667,[],0,21,[],,,,,LATE,742.1,,,[],,,,,,,,,True,0.0,481.14,detect_loop,released,False,,,1789926763376.0,False,,21,1,,1789926764118.1392,,,,,,session_20260920_125107,Standstill,
,,,391.46,,,False,,,False,1789926770140.3,,,unknown,[],23.75,[],0,22,[],,,,,EXCELLENT,699.8,,,[],,,,,,,,,True,0.0,308.34,detect_loop,released,False,,,1789926765781.0,False,,22,1,,1789926766480.7805,,,,,,session_20260920_125107,Standstill,
,,,497.78999999999996,,,False,,,False,1789926772568.5,,,unknown,[],24.083,[],0,23,[],,,,,EXCELLENT,674.3,,,[],,,,,,,,,True,0.0,176.51,detect_loop,released,False,,,1789926768228.0,False,,23,1,,1789926768902.3066,,,,,,session_20260920_125107,Standstill,
,,,134.1400000000001,,,False,,,False,1789926776278.7,,,unknown,[],23.917,[],0,24,[],,,,,EXCELLENT,941.2,,,[],,,,,,,,,True,0.0,807.06,detect_loop,released,False,,,1789926771648.0,False,,24,1,,1789926772589.2407,,,,,,session_20260920_125107,Right Fade,
,,,130.5,,,False,,,False,1789926779760.3,,,unknown,[],23.75,[],0,25,[],,,,,EXCELLENT,629.0,,,[],,,,,,,,,True,0.0,498.5,detect_loop,released,False,,,1789926775889.0,False,,25,1,,1789926776517.9763,,,,,,session_20260920_125107,Standstill,
,,,225.07000000000005,,,False,,,False,1789926782560.9,,,unknown,[],24.333,[],0,26,[],,,,,EXCELLENT,701.7,,,[],,,,,,,,,True,0.0,476.63,detect_loop,released,False,,,1789926778111.0,False,,26,1,,1789926778812.7288,,,,,,session_20260920_125107,Standstill,
,,,130.5,,,False,,,False,1789926784937.7,,,unknown,[],23.75,[],0,27,[],,,,,EXCELLENT,636.4,,,[],,,,,,,,,True,0.0,505.9,detect_loop,released,False,,,1789926780751.0,False,,27,1,,1789926781387.3628,,,,,,session_20260920_125107,Standstill,
,,,130.37000000000006,,,False,,,False,1789926787213.9,,,unknown,[],23.75,[],0,28,[],,,,,EXCELLENT,632.2,,,[],,,,,,,,,True,0.0,501.83,detect_loop,released,False,,,1789926783054.0,False,,28,1,,1789926783686.23,,,,,,session_20260920_125107,Standstill,
,,,91.90999999999997,,,False,,,False,1789926790341.4,,,unknown,[],24.083,[],0,29,[],,,,,EXCELLENT,722.6,,,[],,,,,,,,,True,0.0,630.69,detect_loop,released,False,,,1789926785959.0,False,,29,1,,1789926786681.6091,,,,,,session_20260920_125107,Standstill,
,,,125.3599999999999,,,False,,,False,1789926793139.2,,,unknown,[],23.75,[],0,30,[],,,,,EXCELLENT,872.3,,,[],,,,,,,,,True,0.0,746.94,detect_loop,released,False,,,1789926788759.0,False,,30,1,,1789926789631.2593,,,,,,session_20260920_125107,Standstill,
,,,150.98,,,False,,,False,1789926795283.6,,,unknown,[],,[],0,31,[],,,,,,326.4,,,[],,,,,,,,,True,0.0,175.42,detect_loop,released,False,,,1789926791332.0,False,,31,1,,1789926791658.4229,,,,,,session_20260920_125107,Standstill,
,,,,,,False,,,False,1789926794941.3,,,unknown,[],,[],0,32,[],,,,,,,,,[],,,,,,,,,True,0.0,,,disarmed,False,,,1789926792569.0,False,,32,1,,,,,,,,session_20260920_125107,Standstill,
,,,125.30999999999995,,,False,,,False,1789926799368.3,,,unknown,[],24.333,[],0,33,[],,,,,LATE,723.8,,,[],,,,,,,,,True,0.0,598.49,detect_loop,released,False,,,1789926794940.0,False,,33,1,,1789926795663.7568,,,,,,session_20260920_125107,Standstill,
,,,529.61,,,False,,,False,1789926801678.7,,,unknown,[],25.0,[],0,34,[],,,,,LATE,731.1,,,[],,,,,,,,,True,0.0,201.49,detect_loop,released,False,,,1789926797387.0,False,,34,1,,1789926798118.0896,,,,,,session_20260920_125107,Standstill,
,,,130.51999999999998,,,False,,,False,1789926803754.3,,,unknown,[],24.917,[],0,35,[],,,,,EXCELLENT,630.8,,,[],,,,,,,,,True,0.0,500.28,detect_loop,released,False,,,1789926799771.0,False,,35,1,,1789926800401.7644,,,,,,session_20260920_125107,Standstill,
,,,148.84000000000003,,,False,1,C:\Users\aaron\Desktop\NexusVision\logs\orion_native.log.1:305,False,1789930005706.0,,,unknown,[],24.75,[],0,1,[],,,,,EXCELLENT,662.9,C:\Users\aaron\Desktop\NexusVision\logs\orion_native.log.1:304,15.20700000000005,[],delivery_legacy,95.26,C:\Users\aaron\Desktop\NexusVision\logs\orion_native.log.1:340,91.81,14.179500000000019,18.662771827328804,3.450000000000003,,True,0.0,514.06,detect_loop,released,False,18.90600000000001,4.6,1789930001642.0,False,0,1,1,,1789930002304.908,1,0.1741,C:\Users\aaron\Desktop\NexusVision\logs\orion_native.log.1:307,1,0.0,session_20260920_134449,Standstill,C:\Users\aaron\Desktop\NexusVision\logs\orion_native.log.1:306
,,,,,,False,,,False,1789930006036.1,,,unknown,[],,[],0,2,[],,,,,,,,,[],,,,,,,,,True,0.0,,,disarmed,False,,,1789930004272.0,False,,2,1,,,,,,,,session_20260920_134449,Standstill,
,,,148.83999999999997,,,False,2,C:\Users\aaron\Desktop\NexusVision\logs\orion_native.log.1:411,False,1789930009345.6,82.0,,unknown,[],23.75,[],0,3,[],,,,,EXCELLENT,648.4,C:\Users\aaron\Desktop\NexusVision\logs\orion_native.log.1:410,14.795999999999992,[],delivery_legacy,96.35,C:\Users\aaron\Desktop\NexusVision\logs\orion_native.log.1:448,90.83,22.68720000000002,29.545576192260324,5.519999999999996,,True,0.0,499.56,detect_loop,released,True,15.20700000000001,3.7,1789930005453.0,False,0,3,1,,1789930006101.417,2,0.1855,C:\Users\aaron\Desktop\NexusVision\logs\orion_native.log.1:413,1,0.0,session_20260920_134449,Standstill,C:\Users\aaron\Desktop\NexusVision\logs\orion_native.log.1:412
,,,547.71,,,False,3,C:\Users\aaron\Desktop\NexusVision\logs\orion_native.log.1:490,False,1789930012196.6,70.0,,unknown,[],23.75,[],0,4,[],,,,,EXCELLENT,636.5,C:\Users\aaron\Desktop\NexusVision\logs\orion_native.log.1:489,18.90599999999995,[],delivery_legacy,96.34,C:\Users\aaron\Desktop\NexusVision\logs\orion_native.log.1:531,90.84,22.605000000000018,29.367791542076034,5.5,,True,0.0,88.79,detect_loop,released,True,18.90600000000001,4.6,1789930007931.0,False,0,4,1,,1789930008567.479,3,0.1849,C:\Users\aaron\Desktop\NexusVision\logs\orion_native.log.1:492,1,0.0,session_20260920_134449,Standstill,C:\Users\aaron\Desktop\NexusVision\logs\orion_native.log.1:491
,,,149.08999999999997,,,False,4,C:\Users\aaron\Desktop\NexusVision\logs\orion_native.log.1:572,False,1789930014781.0,75.0,,unknown,[],,[],0,5,[],,,,,EXCELLENT,641.5,C:\Users\aaron\Desktop\NexusVision\logs\orion_native.log.1:571,15.20700000000005,[],delivery_legacy,96.26,C:\Users\aaron\Desktop\NexusVision\logs\orion_native.log.1:611,92.59,15.083700000000022,20.69587774206283,3.6700000000000017,,True,0.0,492.41,detect_loop,released,True,15.20700000000001,3.7,1789930010476.0,False,0,5,1,,1789930011117.506,4,0.1762,C:\Users\aaron\Desktop\NexusVision\logs\orion_native.log.1:574,1,0.0,session_20260920_134449,Standstill,C:\Users\aaron\Desktop\NexusVision\logs\orion_native.log.1:573
,,,149.17000000000007,,,False,5,C:\Users\aaron\Desktop\NexusVision\logs\orion_native.log.1:655,False,1789930017009.4,67.0,,unknown,[],26.25,[],0,6,[],,,,,EXCELLENT,662.7,C:\Users\aaron\Desktop\NexusVision\logs\orion_native.log.1:654,15.206999999999994,[],delivery_legacy,96.28,C:\Users\aaron\Desktop\NexusVision\logs\orion_native.log.1:694,92.59,15.165900000000022,20.52622795794625,3.6899999999999977,,True,0.0,513.53,detect_loop,released,True,15.20700000000001,3.7,1789930012838.0,False,0,6,1,,1789930013500.668,5,0.1777,C:\Users\aaron\Desktop\NexusVision\logs\orion_native.log.1:657,1,0.0,session_20260920_134449,Standstill,C:\Users\aaron\Desktop\NexusVision\logs\orion_native.log.1:656
,,,149.05000000000007,,,False,6,C:\Users\aaron\Desktop\NexusVision\logs\orion_native.log.1:738,False,1789930019808.9,,,unknown,[],26.667,[],0,7,[],,,,,EARLY,703.2,C:\Users\aaron\Desktop\NexusVision\logs\orion_native.log.1:737,18.906000000000063,[],delivery_legacy,96.34,C:\Users\aaron\Desktop\NexusVision\logs\orion_native.log.1:777,92.63,15.248100000000022,20.482526362281277,3.710000000000008,,True,0.0,554.15,detect_loop,released,False,16.029000000000007,3.9,1789930015398.0,False,0,7,1,,1789930016101.1904,6,0.1793,C:\Users\aaron\Desktop\NexusVision\logs\orion_native.log.1:740,1,0.0,session_20260920_134449,Standstill,C:\Users\aaron\Desktop\NexusVision\logs\orion_native.log.1:739
,,,132.42999999999995,,,False,7,C:\Users\aaron\Desktop\NexusVision\logs\orion_native.log.1:819,False,1789930022155.4,59.0,,unknown,[],24.75,[],0,8,[],,,,,LATE,681.8,C:\Users\aaron\Desktop\NexusVision\logs\orion_native.log.1:818,18.90599999999995,[],delivery_legacy,96.28,C:\Users\aaron\Desktop\NexusVision\logs\orion_native.log.1:863,92.44,15.782400000000052,22.168340838240407,3.8400000000000034,,True,0.0,549.37,detect_loop,released,True,15.618000000000007,3.8,1789930018052.0,False,0,8,1,,1789930018733.7717,7,0.1736,C:\Users\aaron\Desktop\NexusVision\logs\orion_native.log.1:821,1,0.0,session_20260920_134449,Standstill,C:\Users\aaron\Desktop\NexusVision\logs\orion_native.log.1:820
,,,129.72000000000003,,,False,8,C:\Users\aaron\Desktop\NexusVision\logs\orion_native.log.1:905,False,1789930024987.2,61.0,,unknown,[],25.583,[],0,9,[],,,,,LATE,728.7,C:\Users\aaron\Desktop\NexusVision\logs\orion_native.log.1:904,18.90599999999995,[],delivery_legacy,96.27,C:\Users\aaron\Desktop\NexusVision\logs\orion_native.log.1:945,92.5,15.494700000000023,21.699090595142142,3.769999999999996,,True,0.0,598.98,detect_loop,released,True,18.08400000000001,4.4,1789930020503.0,False,0,9,1,,1789930021231.6665,8,0.1747,C:\Users\aaron\Desktop\NexusVision\logs\orion_native.log.1:907,1,0.0,session_20260920_134449,Standstill,C:\Users\aaron\Desktop\NexusVision\logs\orion_native.log.1:906
,,,132.44000000000005,,,False,9,C:\Users\aaron\Desktop\NexusVision\logs\orion_native.log.1:989,False,1789930027450.0,69.0,,unknown,[],26.333,[],0,10,[],,,,,LATE,676.1,C:\Users\aaron\Desktop\NexusVision\logs\orion_native.log.1:988,14.795999999999992,[],delivery_legacy,96.35,C:\Users\aaron\Desktop\NexusVision\logs\orion_native.log.1:1029,92.63,15.289199999999994,21.79772647369037,3.719999999999999,,True,0.0,543.66,detect_loop,released,True,15.20700000000001,3.7,1789930023174.0,False,0,10,1,,1789930023850.1404,9,0.1718,C:\Users\aaron\Desktop\NexusVision\logs\orion_native.log.1:991,1,0.0,session_20260920_134449,Standstill,C:\Users\aaron\Desktop\NexusVision\logs\orion_native.log.1:990
,,,129.72000000000003,,,False,10,C:\Users\aaron\Desktop\NexusVision\logs\orion_native.log.1:1072,False,1789930030285.2,50.0,,unknown,[],27.583,[],0,11,[],,,,,LATE,742.5,C:\Users\aaron\Desktop\NexusVision\logs\orion_native.log.1:1071,15.20700000000005,[],delivery_legacy,96.53,C:\Users\aaron\Desktop\NexusVision\logs\orion_native.log.1:1112,92.93,14.795999999999992,20.355083116589363,3.5999999999999943,,True,0.0,612.78,detect_loop,released,True,14.796000000000008,3.6,1789930025805.0,False,0,11,1,,1789930026547.497,10,0.176,C:\Users\aaron\Desktop\NexusVision\logs\orion_native.log.1:1074,1,0.0,session_20260920_134449,Standstill,C:\Users\aaron\Desktop\NexusVision\logs\orion_native.log.1:1073
,,,129.73000000000002,,,False,11,C:\Users\aaron\Desktop\NexusVision\logs\orion_native.log.1:1158,False,1789930032858.8,53.0,,unknown,[],26.833,[],0,12,[],,,,,LATE,695.5,C:\Users\aaron\Desktop\NexusVision\logs\orion_native.log.1:1157,15.20700000000005,[],delivery_legacy,96.29,C:\Users\aaron\Desktop\NexusVision\logs\orion_native.log.1:1203,92.6,15.165900000000079,13.57166501158561,3.690000000000012,,True,0.0,565.77,detect_loop,released,True,15.20700000000001,3.7,1789930028452.0,False,0,12,1,,1789930029147.4673,11,0.1545,C:\Users\aaron\Desktop\NexusVision\logs\orion_native.log.1:1160,1,0.0,session_20260920_134449,Standstill,C:\Users\aaron\Desktop\NexusVision\logs\orion_native.log.1:1159
,,,145.98000000000002,,,False,12,C:\Users\aaron\Desktop\NexusVision\logs\orion_native.log.1:1239,False,1789930034705.6,83.0,,unknown,[],25.917,[],0,13,[],,,,,EXCELLENT,649.0,C:\Users\aaron\Desktop\NexusVision\logs\orion_native.log.1:1238,15.20700000000005,[],delivery_legacy,96.31,C:\Users\aaron\Desktop\NexusVision\logs\orion_native.log.1:1278,92.55,15.453599999999994,20.890049447191537,3.760000000000005,,True,0.0,503.02,detect_loop,released,True,15.20700000000001,3.7,1789930031548.0,False,0,13,1,,1789930032196.9866,12,0.1782,C:\Users\aaron\Desktop\NexusVision\logs\orion_native.log.1:1241,1,0.0,session_20260920_134449,Standstill,C:\Users\aaron\Desktop\NexusVision\logs\orion_native.log.1:1240
,,,129.0,,,False,1,C:\Users\aaron\Desktop\NexusVision\logs\orion_native.log.1:1840,False,1789931404343.3,63.0,,unknown,[],29.5,[],0,1,[],,,,,LATE,878.0,C:\Users\aaron\Desktop\NexusVision\logs\orion_native.log.1:1839,7.809000000000026,[],delivery_legacy,95.49,C:\Users\aaron\Desktop\NexusVision\logs\orion_native.log.1:1875,93.84,6.781499999999994,9.412972787951347,1.6499999999999915,,True,0.0,749.0,detect_loop,released,True,4.932000000000002,1.2,1789931402030.0,False,1,1,1,,1789931402907.9895,1,0.1595,C:\Users\aaron\Desktop\NexusVision\logs\orion_native.log.1:1842,1,0.0,session_20260920_140605,Standstill,C:\Users\aaron\Desktop\NexusVision\logs\orion_native.log.1:1841
,,,381.78999999999996,,,False,2,C:\Users\aaron\Desktop\NexusVision\logs\orion_native.log.1:1922,False,1789931406741.1,,,unknown,[],,[],0,2,[],,,,,EXCELLENT,650.3,C:\Users\aaron\Desktop\NexusVision\logs\orion_native.log.1:1921,11.096999999999923,[],delivery_legacy,96.24,C:\Users\aaron\Desktop\NexusVision\logs\orion_native.log.1:1958,93.49,11.302500000000009,15.003546292760106,2.75,,True,0.0,268.51,detect_loop,released,False,11.508000000000006,2.8,1789931404794.0,False,1,2,1,,1789931405444.322,2,0.1822,C:\Users\aaron\Desktop\NexusVision\logs\orion_native.log.1:1924,1,0.0,session_20260920_140605,Standstill,C:\Users\aaron\Desktop\NexusVision\logs\orion_native.log.1:1923
,,,,,,False,,,False,1789931423820.4,,,unknown,[],,[],0,3,[],,,,,,,,,[],,,,,,,,,True,0.0,,,unanswered,False,,,1789931415653.0,False,,3,1,,,,,,,,session_20260920_140605,Go-To,
,,,,,,False,,,False,1789931426770.1,,,unknown,[],,[],0,4,[],,,,,,,,,[],,,,,,,,,True,0.0,,,unanswered,False,,,1789931418595.0,False,,4,1,,,,,,,,session_20260920_140605,Go-To,
,,,148.48000000000002,,,False,3,C:\Users\aaron\Desktop\NexusVision\logs\orion_native.log.1:2048,False,1789931421512.0,68.0,,unknown,[],23.917,[],0,5,[],,,,,EXCELLENT,648.2,C:\Users\aaron\Desktop\NexusVision\logs\orion_native.log.1:2047,18.90599999999995,[],delivery_legacy,95.52,C:\Users\aaron\Desktop\NexusVision\logs\orion_native.log.1:2086,90.02,22.605000000000018,32.41395568128242,5.5,,True,0.0,499.72,detect_loop,released,True,17.67300000000001,4.3,1789931419596.0,False,1,5,1,,1789931420244.1777,3,0.1698,C:\Users\aaron\Desktop\NexusVision\logs\orion_native.log.1:2050,1,0.0,session_20260920_140605,Standstill,C:\Users\aaron\Desktop\NexusVision\logs\orion_native.log.1:2049
,,,148.53000000000003,,,False,4,C:\Users\aaron\Desktop\NexusVision\logs\orion_native.log.1:2126,False,1789931424709.7,63.0,,unknown,[],23.75,[],0,6,[],,,,,EXCELLENT,648.7,C:\Users\aaron\Desktop\NexusVision\logs\orion_native.log.1:2125,15.20700000000005,[],delivery_legacy,93.65,C:\Users\aaron\Desktop\NexusVision\logs\orion_native.log.1:2163,90.07,14.713800000000049,19.85029110063772,3.5800000000000125,,True,0.0,500.17,detect_loop,released,True,15.20700000000001,3.7,1789931422712.0,False,1,6,1,,1789931423360.6877,4,0.1786,C:\Users\aaron\Desktop\NexusVision\logs\orion_native.log.1:2128,1,0.0,session_20260920_140605,Standstill,C:\Users\aaron\Desktop\NexusVision\logs\orion_native.log.1:2127
,,,,,,False,,,False,1789931427866.3,,,unknown,[],,[],0,7,[],,,,,,,,,[],,,,,,,,,True,0.0,,,disarmed,False,,,1789931425743.0,False,,7,1,,,,,,,,session_20260920_140605,Standstill,
,,,,,,False,,,False,1789931428672.4,,,unknown,[],,[],0,8,[],,,,,,,,,[],,,,,,,,,True,0.0,,,disarmed,False,,,1789931426923.0,False,,8,1,,,,,,,,session_20260920_140605,Standstill,
,,,,,,False,,,False,1789931428916.1,,,unknown,[],,[],0,9,[],,,,,,,,,[],,,,,,,,,True,0.0,,,disarmed,False,,,1789931427586.0,False,,9,1,,,,,,,,session_20260920_140605,Standstill,
,,,,,,False,,,False,1789931429205.1,,,unknown,[],,[],0,10,[],,,,,,,,,[],,,,,,,,,True,0.0,,,disarmed,False,,,1789931427866.0,False,,10,1,,,,,,,,session_20260920_140605,Standstill,
,,,,,,False,,,False,1789931429240.2,,,unknown,[],,[],0,11,[],,,,,,,,,[],,,,,,,,,True,0.0,,,disarmed,False,,,1789931428091.0,False,,11,1,,,,,,,,session_20260920_140605,Standstill,
,,,,,,False,,,False,1789931429550.7,,,unknown,[],,[],0,12,[],,,,,,,,,[],,,,,,,,,True,0.0,,,disarmed,False,,,1789931428269.0,False,,12,1,,,,,,,,session_20260920_140605,Standstill,
,,,,,,False,,,False,1789931430051.7,,,unknown,[],,[],0,13,[],,,,,,,,,[],,,,,,,,,True,0.0,,,disarmed,False,,,1789931428430.0,False,,13,1,,,,,,,,session_20260920_140605,Standstill,
,,,,,,False,,,False,1789931430336.9,,,unknown,[],,[],0,14,[],,,,,,,,,[],,,,,,,,,True,0.0,,,disarmed,False,,,1789931428961.0,False,,14,1,,,,,,,,session_20260920_140605,Standstill,
,,,,,,False,,,False,1789931430638.2,,,unknown,[],,[],0,15,[],,,,,,,,,[],,,,,,,,,True,0.0,,,disarmed,False,,,1789931429255.0,False,,15,1,,,,,,,,session_20260920_140605,Standstill,
,,,,,,False,,,False,1789931430936.5,,,unknown,[],,[],0,16,[],,,,,,,,,[],,,,,,,,,True,0.0,,,disarmed,False,,,1789931429581.0,False,,16,1,,,,,,,,session_20260920_140605,Standstill,
,,,,,,False,,,False,1789931431239.2,,,unknown,[],,[],0,17,[],,,,,,,,,[],,,,,,,,,True,0.0,,,disarmed,False,,,1789931429849.0,False,,17,1,,,,,,,,session_20260920_140605,Standstill,
,,,,,,False,,,False,1789931431787.2,,,unknown,[],,[],0,18,[],,,,,,,,,[],,,,,,,,,True,0.0,,,disarmed,False,,,1789931430082.0,False,,18,1,,,,,,,,session_20260920_140605,Standstill,
,,,,,,False,,,False,1789931434337.3,,,unknown,[],,[],0,19,[],,,,,,,,,[],,,,,,,,,True,0.0,,,disarmed,False,,,1789931432292.0,False,,19,1,,,,,,,,session_20260920_140605,Standstill,
,,,,,,False,,,False,1789931436139.2,,,unknown,[],,[],0,20,[],,,,,,,,,[],,,,,,,,,True,0.0,,,disarmed,False,,,1789931434907.0,False,,20,1,,,,,,,,session_20260920_140605,Standstill,
,,,,,,False,,,False,1789931436437.4,,,unknown,[],,[],0,21,[],,,,,,,,,[],,,,,,,,,True,0.0,,,disarmed,False,,,1789931435030.0,False,,21,1,,,,,,,,session_20260920_140605,Standstill,
,,,,,,False,,,False,1789931437989.4,,,unknown,[],,[],0,22,[],,,,,,,,,[],,,,,,,,,True,0.0,,,disarmed,False,,,1789931436862.0,False,,22,1,,,,,,,,session_20260920_140605,Left Fade,
,,,,,,False,,,False,1789931438214.7,,,unknown,[],,[],0,23,[],,,,,,,,,[],,,,,,,,,True,0.0,,,disarmed,False,,,1789931437041.0,False,,23,1,,,,,,,,session_20260920_140605,Left Fade,
,,,131.81000000000006,,,False,5,C:\Users\aaron\Desktop\NexusVision\logs\orion_native.log.1:2469,False,1789931442502.6,63.0,,unknown,[],,[],0,24,[],,,,,,664.2,C:\Users\aaron\Desktop\NexusVision\logs\orion_native.log.1:2468,15.206999999999937,[],delivery_legacy,96.06,C:\Users\aaron\Desktop\NexusVision\logs\orion_native.log.1:2505,92.06,16.439999999999998,22.18155603615594,4.0,,True,0.0,532.39,detect_loop,released,True,13.974000000000007,3.4,1789931438213.0,False,1,24,1,,1789931438877.1895,5,0.1787,C:\Users\aaron\Desktop\NexusVision\logs\orion_native.log.1:2471,1,0.0,session_20260920_140605,Standstill,C:\Users\aaron\Desktop\NexusVision\logs\orion_native.log.1:2470
,,,131.90999999999997,,,False,6,C:\Users\aaron\Desktop\NexusVision\logs\orion_native.log.1:2543,False,1789931442974.1,58.0,,unknown,[],24.583,[],0,25,[],,,,,LATE,674.8,C:\Users\aaron\Desktop\NexusVision\logs\orion_native.log.1:2542,14.795999999999992,[],delivery_legacy,96.29,C:\Users\aaron\Desktop\NexusVision\logs\orion_native.log.1:2586,90.66,23.13930000000005,32.688846310166696,5.63000000000001,,True,0.0,542.89,detect_loop,released,True,17.26200000000001,4.2,1789931440935.0,False,1,25,1,,1789931441609.7666,6,0.1721,C:\Users\aaron\Desktop\NexusVision\logs\orion_native.log.1:2545,1,0.0,session_20260920_140605,Standstill,C:\Users\aaron\Desktop\NexusVision\logs\orion_native.log.1:2544
,,,129.04000000000008,,,False,7,C:\Users\aaron\Desktop\NexusVision\logs\orion_native.log.1:2628,False,1789931447010.0,59.0,,unknown,[],24.083,[],0,26,[],,,,,LATE,717.2,C:\Users\aaron\Desktop\NexusVision\logs\orion_native.log.1:2627,15.20700000000005,[],delivery_legacy,96.28,C:\Users\aaron\Desktop\NexusVision\logs\orion_native.log.1:2665,90.69,22.974900000000048,32.28414669361827,5.590000000000003,,True,0.0,588.16,detect_loop,released,True,15.20700000000001,3.7,1789931443773.0,False,1,26,1,,1789931444490.2085,7,0.1737,C:\Users\aaron\Desktop\NexusVision\logs\orion_native.log.1:2630,1,0.0,session_20260920_140605,Standstill,C:\Users\aaron\Desktop\NexusVision\logs\orion_native.log.1:2629
,,,142.66999999999996,,,False,8,C:\Users\aaron\Desktop\NexusVision\logs\orion_native.log.1:2710,False,1789931448310.3,71.0,,unknown,[],23.667,[],0,27,[],,,,,LATE,717.9,C:\Users\aaron\Desktop\NexusVision\logs\orion_native.log.1:2709,15.206999999999937,[],delivery_legacy,96.09,C:\Users\aaron\Desktop\NexusVision\logs\orion_native.log.1:2753,90.42,23.303699999999992,30.939648586707417,5.670000000000002,,True,0.0,575.23,detect_loop,released,True,15.20700000000001,3.7,1789931446436.0,False,1,27,1,,1789931447153.86,8,0.1815,C:\Users\aaron\Desktop\NexusVision\logs\orion_native.log.1:2712,1,0.0,session_20260920_140605,Standstill,C:\Users\aaron\Desktop\NexusVision\logs\orion_native.log.1:2711
,,,148.45999999999992,,,False,9,C:\Users\aaron\Desktop\NexusVision\logs\orion_native.log.1:2790,False,1789931451126.3,77.0,,unknown,[],24.417,[],0,28,[],,,,,EXCELLENT,663.8,C:\Users\aaron\Desktop\NexusVision\logs\orion_native.log.1:2789,18.906000000000063,[],delivery_legacy,96.06,C:\Users\aaron\Desktop\NexusVision\logs\orion_native.log.1:2827,90.62,22.358400000000017,29.430859121402282,5.439999999999998,,True,0.0,515.34,detect_loop,released,True,16.029000000000007,3.9,1789931448979.0,False,1,28,1,,1789931449642.8455,9,0.1829,C:\Users\aaron\Desktop\NexusVision\logs\orion_native.log.1:2792,1,0.0,session_20260920_140605,Standstill,C:\Users\aaron\Desktop\NexusVision\logs\orion_native.log.1:2791
,,,148.49000000000007,,,False,10,C:\Users\aaron\Desktop\NexusVision\logs\orion_native.log.1:2871,False,1789931453625.3,79.0,,unknown,[],27.333,[],0,29,[],,,,,EXCELLENT,643.7,C:\Users\aaron\Desktop\NexusVision\logs\orion_native.log.1:2870,14.79600000000005,[],delivery_legacy,96.06,C:\Users\aaron\Desktop\NexusVision\logs\orion_native.log.1:2911,92.6,14.220600000000047,18.94126019598187,3.460000000000008,,True,0.0,495.21,detect_loop,released,True,15.20700000000001,3.7,1789931451649.0,False,1,29,1,,1789931452292.7246,10,0.1807,C:\Users\aaron\Desktop\NexusVision\logs\orion_native.log.1:2873,1,0.0,session_20260920_140605,Standstill,C:\Users\aaron\Desktop\NexusVision\logs\orion_native.log.1:2872
,,,148.51999999999998,,,False,11,C:\Users\aaron\Desktop\NexusVision\logs\orion_native.log.1:2949,False,1789931456025.9,74.0,,unknown,[],27.083,[],0,30,[],,,,,EXCELLENT,678.0,C:\Users\aaron\Desktop\NexusVision\logs\orion_native.log.1:2948,15.20700000000005,[],delivery_legacy,96.32,C:\Users\aaron\Desktop\NexusVision\logs\orion_native.log.1:2988,92.66,15.042599999999993,19.989077007099926,3.6599999999999966,,True,0.0,529.48,detect_loop,released,True,14.385000000000007,3.5,1789931454048.0,False,1,30,1,,1789931454725.9883,11,0.1809,C:\Users\aaron\Desktop\NexusVision\logs\orion_native.log.1:2951,1,0.0,session_20260920_140605,Standstill,C:\Users\aaron\Desktop\NexusVision\logs\orion_native.log.1:2950
,,,148.53999999999996,,,False,12,C:\Users\aaron\Desktop\NexusVision\logs\orion_native.log.1:3028,False,1789931459125.6,74.0,,unknown,[],26.583,[],0,31,[],,,,,EXCELLENT,644.4,C:\Users\aaron\Desktop\NexusVision\logs\orion_native.log.1:3027,15.20700000000005,[],delivery_legacy,96.38,C:\Users\aaron\Desktop\NexusVision\logs\orion_native.log.1:3067,92.71,15.083699999999965,20.536064014324893,3.6700000000000017,,True,0.0,495.86,detect_loop,released,True,15.20700000000001,3.7,1789931457115.0,False,1,31,1,,1789931457759.3818,12,0.1772,C:\Users\aaron\Desktop\NexusVision\logs\orion_native.log.1:3030,1,0.0,session_20260920_140605,Standstill,C:\Users\aaron\Desktop\NexusVision\logs\orion_native.log.1:3029
,,,141.80000000000007,,,False,13,C:\Users\aaron\Desktop\NexusVision\logs\orion_native.log.1:3108,False,1789931461425.8,70.0,,unknown,[],27.667,[],0,32,[],,,,,EXCELLENT,652.7,C:\Users\aaron\Desktop\NexusVision\logs\orion_native.log.1:3107,11.508000000000038,[],delivery_legacy,96.5,C:\Users\aaron\Desktop\NexusVision\logs\orion_native.log.1:3148,93.05,14.179500000000019,18.986296846623755,3.450000000000003,,True,0.0,510.9,detect_loop,released,True,13.563000000000006,3.3,1789931459366.0,False,1,32,1,,1789931460018.741,13,0.1793,C:\Users\aaron\Desktop\NexusVision\logs\orion_native.log.1:3110,1,-0.0,session_20260920_140605,Standstill,C:\Users\aaron\Desktop\NexusVision\logs\orion_native.log.1:3109
,,,143.69,,,False,14,C:\Users\aaron\Desktop\NexusVision\logs\orion_native.log.1:3191,False,1789931463773.6,71.0,,unknown,[],23.75,[],0,33,[],,,,,EXCELLENT,645.4,C:\Users\aaron\Desktop\NexusVision\logs\orion_native.log.1:3190,15.20700000000005,[],delivery_legacy,96.36,C:\Users\aaron\Desktop\NexusVision\logs\orion_native.log.1:3230,90.82,22.769400000000076,30.781197910879023,5.540000000000006,,True,0.0,501.71,detect_loop,released,True,15.20700000000001,3.7,1789931461909.0,False,1,33,1,,1789931462554.39,14,0.1779,C:\Users\aaron\Desktop\NexusVision\logs\orion_native.log.1:3193,1,0.0,session_20260920_140605,Standstill,C:\Users\aaron\Desktop\NexusVision\logs\orion_native.log.1:3192
,,,149.41000000000003,,,False,1,C:\Users\aaron\Desktop\NexusVision\logs\orion_native.log.1:3571,False,1789940635582.1,59.0,,unknown,[],23.75,[],0,1,[],,,,,EXCELLENT,655.0,C:\Users\aaron\Desktop\NexusVision\logs\orion_native.log.1:3570,15.20700000000005,[],delivery_legacy,97.03,C:\Users\aaron\Desktop\NexusVision\logs\orion_native.log.1:3608,91.53,22.605000000000018,29.644801379830756,5.5,,True,0.0,505.59,detect_loop,released,True,15.20700000000001,3.7,1789940633685.0,False,2,1,1,,1789940634340.049,1,0.1835,C:\Users\aaron\Desktop\NexusVision\logs\orion_native.log.1:3573,1,0.0,session_20260920_164027,Standstill,C:\Users\aaron\Desktop\NexusVision\logs\orion_native.log.1:3572
,,,149.79000000000002,,,False,2,C:\Users\aaron\Desktop\NexusVision\logs\orion_native.log.1:3654,False,1789940638582.0,77.0,,unknown,[],24.333,[],0,2,[],,,,,EXCELLENT,653.6,C:\Users\aaron\Desktop\NexusVision\logs\orion_native.log.1:3653,15.20700000000005,[],delivery_legacy,94.31,C:\Users\aaron\Desktop\NexusVision\logs\orion_native.log.1:3688,90.71,14.79600000000005,19.909302068355316,3.6000000000000085,,True,0.0,503.81,detect_loop,released,True,15.20700000000001,3.7,1789940636667.0,False,2,2,1,,1789940637320.6216,2,0.1794,C:\Users\aaron\Desktop\NexusVision\logs\orion_native.log.1:3656,1,0.0,session_20260920_164027,Standstill,C:\Users\aaron\Desktop\NexusVision\logs\orion_native.log.1:3655
,,,149.72999999999996,,,False,3,C:\Users\aaron\Desktop\NexusVision\logs\orion_native.log.1:3733,False,1789940641585.4,81.0,,unknown,[],25.0,[],0,3,[],,,,,EXCELLENT,641.8,C:\Users\aaron\Desktop\NexusVision\logs\orion_native.log.1:3732,18.90599999999995,[],delivery_legacy,96.15,C:\Users\aaron\Desktop\NexusVision\logs\orion_native.log.1:3771,92.47,15.12480000000005,19.72238597995609,3.680000000000007,,True,0.0,492.07,detect_loop,released,True,17.26200000000001,4.2,1789940639662.0,False,2,3,1,,1789940640303.7969,3,0.185,C:\Users\aaron\Desktop\NexusVision\logs\orion_native.log.1:3735,1,-0.0,session_20260920_164027,Standstill,C:\Users\aaron\Desktop\NexusVision\logs\orion_native.log.1:3734
,,,150.89000000000004,,,False,4,C:\Users\aaron\Desktop\NexusVision\logs\orion_native.log.1:3811,False,1789940644716.6,75.0,,unknown,[],25.917,[],0,4,[],,,,,LATE,637.6,C:\Users\aaron\Desktop\NexusVision\logs\orion_native.log.1:3810,14.79600000000005,[],delivery_legacy,96.13,C:\Users\aaron\Desktop\NexusVision\logs\orion_native.log.1:3848,92.09,16.6044,22.727272727272684,4.039999999999992,,True,0.0,486.71,detect_loop,released,True,15.20700000000001,3.7,1789940642201.0,False,2,4,1,,1789940642838.6064,4,0.1765,C:\Users\aaron\Desktop\NexusVision\logs\orion_native.log.1:3813,1,0.0,session_20260920_164027,Standstill,C:\Users\aaron\Desktop\NexusVision\logs\orion_native.log.1:3812
,,,133.12,,,False,5,C:\Users\aaron\Desktop\NexusVision\logs\orion_native.log.1:3890,False,1789940646737.9,62.0,,unknown,[],26.083,[],0,5,[],,,,,LATE,690.4,C:\Users\aaron\Desktop\NexusVision\logs\orion_native.log.1:3889,18.495000000000005,[],delivery_legacy,96.51,C:\Users\aaron\Desktop\NexusVision\logs\orion_native.log.1:3927,92.51,16.440000000000055,23.080030004039006,4.0,,True,0.0,557.28,detect_loop,released,True,17.67300000000001,4.3,1789940644697.0,False,2,5,1,,1789940645387.3782,5,0.1735,C:\Users\aaron\Desktop\NexusVision\logs\orion_native.log.1:3892,1,0.0,session_20260920_164027,Standstill,C:\Users\aaron\Desktop\NexusVision\logs\orion_native.log.1:3891
,,,128.76999999999998,,,False,6,C:\Users\aaron\Desktop\NexusVision\logs\orion_native.log.1:3967,False,1789940649730.9,62.0,,unknown,[],27.167,[],0,6,[],,,,,LATE,766.4,C:\Users\aaron\Desktop\NexusVision\logs\orion_native.log.1:3966,15.20700000000005,[],delivery_legacy,96.46,C:\Users\aaron\Desktop\NexusVision\logs\orion_native.log.1:4005,92.76,15.206999999999937,21.357654121449944,3.6999999999999886,,True,0.0,637.63,detect_loop,released,True,11.919000000000006,2.9,1789940647516.0,False,2,6,1,,1789940648282.3567,6,0.173,C:\Users\aaron\Desktop\NexusVision\logs\orion_native.log.1:3969,1,0.0,session_20260920_164027,Standstill,C:\Users\aaron\Desktop\NexusVision\logs\orion_native.log.1:3968
,,,132.99,,,False,7,C:\Users\aaron\Desktop\NexusVision\logs\orion_native.log.1:4048,False,1789940652231.2,62.0,,unknown,[],27.833,[],0,7,[],,,,,EXCELLENT,680.7,C:\Users\aaron\Desktop\NexusVision\logs\orion_native.log.1:4047,14.795999999999992,[],delivery_legacy,96.35,C:\Users\aaron\Desktop\NexusVision\logs\orion_native.log.1:4086,92.86,14.34390000000002,20.22016222479719,3.489999999999995,,True,0.0,547.71,detect_loop,released,True,14.796000000000008,3.6,1789940650256.0,False,2,7,1,,1789940650936.7117,7,0.173,C:\Users\aaron\Desktop\NexusVision\logs\orion_native.log.1:4050,1,0.0,session_20260920_164027,Standstill,C:\Users\aaron\Desktop\NexusVision\logs\orion_native.log.1:4049
,,,133.01000000000005,,,False,8,C:\Users\aaron\Desktop\NexusVision\logs\orion_native.log.1:4125,False,1789940655731.3,67.0,,unknown,[],30.083,[],0,8,[],,,,,LATE,640.6,C:\Users\aaron\Desktop\NexusVision\logs\orion_native.log.1:4124,3.6990000000000123,[],delivery_legacy,96.48,C:\Users\aaron\Desktop\NexusVision\logs\orion_native.log.1:4165,94.95,6.2882999999999925,8.185757851372324,1.5300000000000011,,True,0.0,507.59,detect_loop,released,True,3.699000000000002,0.9,1789940653229.0,False,2,8,1,,1789940653869.615,8,0.1851,C:\Users\aaron\Desktop\NexusVision\logs\orion_native.log.1:4127,1,0.0,session_20260920_164027,Standstill,C:\Users\aaron\Desktop\NexusVision\logs\orion_native.log.1:4126
,,,149.72999999999996,,,False,9,C:\Users\aaron\Desktop\NexusVision\logs\orion_native.log.1:4205,False,1789940657632.4,80.0,,unknown,[],28.0,[],0,9,[],,,,,EXCELLENT,644.3,C:\Users\aaron\Desktop\NexusVision\logs\orion_native.log.1:4204,15.20700000000005,[],delivery_legacy,96.28,C:\Users\aaron\Desktop\NexusVision\logs\orion_native.log.1:4243,92.96,13.645200000000045,17.73693770702002,3.3200000000000074,,True,0.0,494.57,detect_loop,released,True,15.20700000000001,3.7,1789940655642.0,False,2,9,1,,1789940656286.336,9,0.1845,C:\Users\aaron\Desktop\NexusVision\logs\orion_native.log.1:4207,1,0.0,session_20260920_164027,Standstill,C:\Users\aaron\Desktop\NexusVision\logs\orion_native.log.1:4206
,,,149.76,,,False,10,C:\Users\aaron\Desktop\NexusVision\logs\orion_native.log.1:4285,False,1789940660348.7,80.0,,unknown,[],23.75,[],0,10,[],,,,,EXCELLENT,638.4,C:\Users\aaron\Desktop\NexusVision\logs\orion_native.log.1:4284,18.906000000000006,[],delivery_legacy,96.4,C:\Users\aaron\Desktop\NexusVision\logs\orion_native.log.1:4324,90.9,22.605000000000018,29.566713256639073,5.5,,True,0.0,488.64,detect_loop,released,True,18.90600000000001,4.6,1789940658365.0,False,2,10,1,,1789940659003.4104,10,0.1838,C:\Users\aaron\Desktop\NexusVision\logs\orion_native.log.1:4287,1,0.0,session_20260920_164027,Standstill,C:\Users\aaron\Desktop\NexusVision\logs\orion_native.log.1:4286
,,,149.75999999999993,,,False,11,C:\Users\aaron\Desktop\NexusVision\logs\orion_native.log.1:4363,False,1789940664480.2,84.0,,unknown,[],24.25,[],0,11,[],,,,,EXCELLENT,645.8,C:\Users\aaron\Desktop\NexusVision\logs\orion_native.log.1:4362,15.20700000000005,[],delivery_legacy,96.37,C:\Users\aaron\Desktop\NexusVision\logs\orion_native.log.1:4399,90.95,22.276200000000017,29.39421877542167,5.420000000000002,,True,0.0,496.04,detect_loop,released,True,17.67300000000001,4.3,1789940662507.0,False,2,11,1,,1789940663152.8374,11,0.1824,C:\Users\aaron\Desktop\NexusVision\logs\orion_native.log.1:4365,1,0.0,session_20260920_164027,Standstill,C:\Users\aaron\Desktop\NexusVision\logs\orion_native.log.1:4364
,,,149.74,,,False,12,C:\Users\aaron\Desktop\NexusVision\logs\orion_native.log.1:4440,False,1789940666785.9,80.0,,unknown,[],25.083,[],0,12,[],,,,,EXCELLENT,657.1,C:\Users\aaron\Desktop\NexusVision\logs\orion_native.log.1:4439,14.79600000000005,[],delivery_legacy,96.33,C:\Users\aaron\Desktop\NexusVision\logs\orion_native.log.1:4478,92.64,15.165899999999965,20.32162132393434,3.6899999999999977,,True,0.0,507.36,detect_loop,released,True,15.20700000000001,3.7,1789940664812.0,False,2,12,1,,1789940665469.0645,12,0.1796,C:\Users\aaron\Desktop\NexusVision\logs\orion_native.log.1:4442,1,0.0,session_20260920_164027,Standstill,C:\Users\aaron\Desktop\NexusVision\logs\orion_native.log.1:4441
,,,149.69000000000005,,,False,13,C:\Users\aaron\Desktop\NexusVision\logs\orion_native.log.1:4519,False,1789940669182.5,69.0,,unknown,[],23.75,[],0,13,[],,,,,EXCELLENT,703.5,C:\Users\aaron\Desktop\NexusVision\logs\orion_native.log.1:4518,14.795999999999992,[],delivery_legacy,96.37,C:\Users\aaron\Desktop\NexusVision\logs\orion_native.log.1:4556,90.89,22.522800000000075,29.524271321588298,5.480000000000004,,True,0.0,553.81,detect_loop,released,True,15.20700000000001,3.7,1789940667165.0,False,2,13,1,,1789940667868.5417,13,0.183,C:\Users\aaron\Desktop\NexusVision\logs\orion_native.log.1:4521,1,0.0,session_20260920_164027,Standstill,C:\Users\aaron\Desktop\NexusVision\logs\orion_native.log.1:4520
,,,133.02999999999997,,,False,14,C:\Users\aaron\Desktop\NexusVision\logs\orion_native.log.1:4596,False,1789940671691.2,69.0,,unknown,[],23.667,[],0,14,[],,,,,EXCELLENT,683.0,C:\Users\aaron\Desktop\NexusVision\logs\orion_native.log.1:4595,14.795999999999992,[],delivery_legacy,96.29,C:\Users\aaron\Desktop\NexusVision\logs\orion_native.log.1:4635,90.81,22.522800000000018,30.5581888139185,5.480000000000004,,True,0.0,549.97,detect_loop,released,True,15.20700000000001,3.7,1789940669752.0,False,2,14,1,,1789940670435.0266,14,0.1785,C:\Users\aaron\Desktop\NexusVision\logs\orion_native.log.1:4598,1,0.0,session_20260920_164027,Standstill,C:\Users\aaron\Desktop\NexusVision\logs\orion_native.log.1:4597
,,,128.61,,,False,15,C:\Users\aaron\Desktop\NexusVision\logs\orion_native.log.1:4673,False,1789940674480.0,64.0,,unknown,[],24.167,[],0,15,[],,,,,EXCELLENT,695.4,C:\Users\aaron\Desktop\NexusVision\logs\orion_native.log.1:4672,18.90599999999995,[],delivery_legacy,96.37,C:\Users\aaron\Desktop\NexusVision\logs\orion_native.log.1:4711,90.88,22.563900000000103,31.428898557362086,5.490000000000009,,True,0.0,566.79,detect_loop,released,True,18.90600000000001,4.6,1789940672502.0,False,2,15,1,,1789940673197.4316,15,0.1744,C:\Users\aaron\Desktop\NexusVision\logs\orion_native.log.1:4675,1,0.0,session_20260920_164027,Standstill,C:\Users\aaron\Desktop\NexusVision\logs\orion_native.log.1:4674
,,,133.04999999999995,,,False,16,C:\Users\aaron\Desktop\NexusVision\logs\orion_native.log.1:4761,False,1789940677930.9,57.0,,unknown,[],23.667,[],0,16,[],,,,,LATE,684.4,C:\Users\aaron\Desktop\NexusVision\logs\orion_native.log.1:4760,18.906000000000063,[],delivery_legacy,96.3,C:\Users\aaron\Desktop\NexusVision\logs\orion_native.log.1:4798,90.59,23.468099999999993,32.09668353007304,5.709999999999994,,True,0.0,551.35,detect_loop,released,True,18.90600000000001,4.6,1789940674984.0,False,2,16,1,,1789940675668.4336,16,0.1763,C:\Users\aaron\Desktop\NexusVision\logs\orion_native.log.1:4763,1,-0.0,session_20260920_164027,Standstill,C:\Users\aaron\Desktop\NexusVision\logs\orion_native.log.1:4762
,,,133.06000000000006,,,False,17,C:\Users\aaron\Desktop\NexusVision\logs\orion_native.log.1:4843,False,1789940679329.4,67.0,,unknown,[],24.583,[],0,17,[],,,,,LATE,687.7,C:\Users\aaron\Desktop\NexusVision\logs\orion_native.log.1:4842,18.495000000000005,[],delivery_legacy,96.28,C:\Users\aaron\Desktop\NexusVision\logs\orion_native.log.1:4885,90.78,22.605000000000018,31.872971719981457,5.5,,True,0.0,554.64,detect_loop,released,True,16.44000000000001,4.0,1789940677464.0,False,2,17,1,,1789940678151.67,17,0.1728,C:\Users\aaron\Desktop\NexusVision\logs\orion_native.log.1:4845,1,0.0,session_20260920_164027,Standstill,C:\Users\aaron\Desktop\NexusVision\logs\orion_native.log.1:4844
,,,128.64,,,False,18,C:\Users\aaron\Desktop\NexusVision\logs\orion_native.log.1:4925,False,1789940681932.6,57.0,,unknown,[],24.0,[],0,18,[],,,,,LATE,735.6,C:\Users\aaron\Desktop\NexusVision\logs\orion_native.log.1:4924,15.206999999999994,[],delivery_legacy,96.21,C:\Users\aaron\Desktop\NexusVision\logs\orion_native.log.1:4968,90.6,23.057100000000048,32.40901213171577,5.609999999999999,,True,0.0,606.96,detect_loop,released,True,15.20700000000001,3.7,1789940680078.0,False,2,18,1,,1789940680813.591,18,0.1732,C:\Users\aaron\Desktop\NexusVision\logs\orion_native.log.1:4927,1,-0.0,session_20260920_164027,Standstill,C:\Users\aaron\Desktop\NexusVision\logs\orion_native.log.1:4926
,,,128.64999999999998,,,False,19,C:\Users\aaron\Desktop\NexusVision\logs\orion_native.log.1:5006,False,1789940685231.0,61.0,,unknown,[],24.167,[],0,19,[],,,,,EXCELLENT,860.6,C:\Users\aaron\Desktop\NexusVision\logs\orion_native.log.1:5005,18.906000000000006,[],delivery_legacy,96.28,C:\Users\aaron\Desktop\NexusVision\logs\orion_native.log.1:5045,90.82,22.440600000000074,31.28043540532803,5.460000000000008,,True,0.0,731.95,detect_loop,released,True,18.90600000000001,4.6,1789940683004.0,False,2,19,1,,1789940683864.601,19,0.1746,C:\Users\aaron\Desktop\NexusVision\logs\orion_native.log.1:5008,1,0.0,session_20260920_164027,Standstill,C:\Users\aaron\Desktop\NexusVision\logs\orion_native.log.1:5007
,,,129.99,,,False,20,C:\Users\aaron\Desktop\NexusVision\logs\orion_native.log.1:5085,False,1789940687731.2,60.0,,unknown,[],23.75,[],0,20,[],,,,,EXCELLENT,677.9,C:\Users\aaron\Desktop\NexusVision\logs\orion_native.log.1:5084,14.795999999999935,[],delivery_legacy,94.41,C:\Users\aaron\Desktop\NexusVision\logs\orion_native.log.1:5125,90.83,14.713799999999992,20.12253386543757,3.5799999999999983,,True,0.0,547.91,detect_loop,released,True,15.20700000000001,3.7,1789940685788.0,False,2,20,1,,1789940686465.8625,20,0.1772,C:\Users\aaron\Desktop\NexusVision\logs\orion_native.log.1:5087,1,0.0,session_20260920_164027,Standstill,C:\Users\aaron\Desktop\NexusVision\logs\orion_native.log.1:5086
,,,146.63,,,False,21,C:\Users\aaron\Desktop\NexusVision\logs\orion_native.log.1:5165,False,1789940690149.0,78.0,,unknown,[],24.5,[],0,21,[],,,,,EXCELLENT,649.1,C:\Users\aaron\Desktop\NexusVision\logs\orion_native.log.1:5164,15.206999999999994,[],delivery_legacy,96.3,C:\Users\aaron\Desktop\NexusVision\logs\orion_native.log.1:5205,92.58,15.28920000000005,20.51508299784922,3.719999999999999,,True,0.0,502.47,detect_loop,released,True,15.20700000000001,3.7,1789940688218.0,False,2,21,1,,1789940688867.1104,21,0.1792,C:\Users\aaron\Desktop\NexusVision\logs\orion_native.log.1:5167,1,0.0,session_20260920_164027,Standstill,C:\Users\aaron\Desktop\NexusVision\logs\orion_native.log.1:5166
,,,146.73000000000002,,,False,22,C:\Users\aaron\Desktop\NexusVision\logs\orion_native.log.1:5244,False,1789940692572.6,78.0,,unknown,[],26.5,[],0,22,[],,,,,EXCELLENT,645.2,C:\Users\aaron\Desktop\NexusVision\logs\orion_native.log.1:5243,15.20700000000005,[],delivery_legacy,96.28,C:\Users\aaron\Desktop\NexusVision\logs\orion_native.log.1:5284,92.58,15.20700000000005,20.766683504518173,3.700000000000003,,True,0.0,498.47,detect_loop,released,True,15.20700000000001,3.7,1789940690520.0,False,2,22,1,,1789940691165.1516,22,0.1771,C:\Users\aaron\Desktop\NexusVision\logs\orion_native.log.1:5246,1,0.0,session_20260920_164027,Standstill,C:\Users\aaron\Desktop\NexusVision\logs\orion_native.log.1:5245
,,,146.59000000000003,,,False,23,C:\Users\aaron\Desktop\NexusVision\logs\orion_native.log.1:5324,False,1789940694781.2,79.0,,unknown,[],26.333,[],0,23,[],,,,,EXCELLENT,650.7,C:\Users\aaron\Desktop\NexusVision\logs\orion_native.log.1:5323,15.20700000000005,[],delivery_legacy,96.16,C:\Users\aaron\Desktop\NexusVision\logs\orion_native.log.1:5363,92.63,14.508299999999963,19.283295094504542,3.530000000000001,,True,0.0,504.11,detect_loop,released,True,15.20700000000001,3.7,1789940692866.0,False,2,23,1,,1789940693516.7417,23,0.1809,C:\Users\aaron\Desktop\NexusVision\logs\orion_native.log.1:5326,1,0.0,session_20260920_164027,Standstill,C:\Users\aaron\Desktop\NexusVision\logs\orion_native.log.1:5325
,,,142.56000000000006,,,False,24,C:\Users\aaron\Desktop\NexusVision\logs\orion_native.log.1:5406,False,1789940697381.5,72.0,,unknown,[],26.333,[],0,24,[],,,,,EXCELLENT,641.2,C:\Users\aaron\Desktop\NexusVision\logs\orion_native.log.1:5405,14.795999999999992,[],delivery_legacy,96.17,C:\Users\aaron\Desktop\NexusVision\logs\orion_native.log.1:5444,92.33,15.782399999999996,21.558499887716167,3.8400000000000034,,True,0.0,498.64,detect_loop,released,True,15.20700000000001,3.7,1789940695404.0,False,2,24,1,,1789940696045.1638,24,0.1769,C:\Users\aaron\Desktop\NexusVision\logs\orion_native.log.1:5408,1,0.0,session_20260920_164027,Standstill,C:\Users\aaron\Desktop\NexusVision\logs\orion_native.log.1:5407
,,,146.58999999999997,,,False,25,C:\Users\aaron\Desktop\NexusVision\logs\orion_native.log.1:5483,False,1789940699782.1,80.0,,unknown,[],24.333,[],0,25,[],,,,,EXCELLENT,646.5,C:\Users\aaron\Desktop\NexusVision\logs\orion_native.log.1:5482,15.20700000000005,[],delivery_legacy,96.38,C:\Users\aaron\Desktop\NexusVision\logs\orion_native.log.1:5522,90.88,22.605000000000018,30.800246401971215,5.5,,True,0.0,499.91,detect_loop,released,True,15.20700000000001,3.7,1789940697869.0,False,2,25,1,,1789940698515.5393,25,0.1775,C:\Users\aaron\Desktop\NexusVision\logs\orion_native.log.1:5485,1,0.0,session_20260920_164027,Standstill,C:\Users\aaron\Desktop\NexusVision\logs\orion_native.log.1:5484
,,,146.62,,,False,26,C:\Users\aaron\Desktop\NexusVision\logs\orion_native.log.1:5564,False,1789940702279.0,80.0,,unknown,[],24.25,[],0,26,[],,,,,EXCELLENT,652.5,C:\Users\aaron\Desktop\NexusVision\logs\orion_native.log.1:5563,15.20700000000005,[],delivery_legacy,95.61,C:\Users\aaron\Desktop\NexusVision\logs\orion_native.log.1:5603,90.95,19.15259999999995,25.863025863025843,4.659999999999997,,True,0.0,505.88,detect_loop,released,True,15.20700000000001,3.7,1789940700365.0,False,2,26,1,,1789940701017.4954,26,0.1789,C:\Users\aaron\Desktop\NexusVision\logs\orion_native.log.1:5566,1,0.0,session_20260920_164027,Standstill,C:\Users\aaron\Desktop\NexusVision\logs\orion_native.log.1:5565
,,,146.55999999999995,,,False,27,C:\Users\aaron\Desktop\NexusVision\logs\orion_native.log.1:5643,False,1789940704779.0,83.0,,unknown,[],24.083,[],0,27,[],,,,,EXCELLENT,649.8,C:\Users\aaron\Desktop\NexusVision\logs\orion_native.log.1:5642,18.495000000000005,[],delivery_legacy,96.37,C:\Users\aaron\Desktop\NexusVision\logs\orion_native.log.1:5682,90.98,22.152900000000045,29.914529914529915,5.390000000000001,,True,0.0,503.24,detect_loop,released,True,17.26200000000001,4.2,1789940702849.0,False,2,27,1,,1789940703498.83,27,0.1788,C:\Users\aaron\Desktop\NexusVision\logs\orion_native.log.1:5645,1,0.0,session_20260920_164027,Standstill,C:\Users\aaron\Desktop\NexusVision\logs\orion_native.log.1:5644
,,,142.32,,,False,28,C:\Users\aaron\Desktop\NexusVision\logs\orion_native.log.1:5723,False,1789940707480.8,76.0,,unknown,[],23.75,[],0,28,[],,,,,EXCELLENT,634.5,C:\Users\aaron\Desktop\NexusVision\logs\orion_native.log.1:5722,15.20700000000005,[],delivery_legacy,96.2,C:\Users\aaron\Desktop\NexusVision\logs\orion_native.log.1:5760,90.75,22.399500000000046,30.232429134076675,5.450000000000003,,True,0.0,492.18,detect_loop,released,True,16.029000000000007,3.9,1789940705542.0,False,2,28,1,,1789940706176.494,28,0.1784,C:\Users\aaron\Desktop\NexusVision\logs\orion_native.log.1:5725,1,-0.0,session_20260920_164027,Standstill,C:\Users\aaron\Desktop\NexusVision\logs\orion_native.log.1:5724
,,,130.07000000000005,,,False,29,C:\Users\aaron\Desktop\NexusVision\logs\orion_native.log.1:5802,False,1789940710011.9,63.0,,unknown,[],23.667,[],0,29,[],,,,,EXCELLENT,692.0,C:\Users\aaron\Desktop\NexusVision\logs\orion_native.log.1:5801,18.495000000000005,[],delivery_legacy,94.59,C:\Users\aaron\Desktop\NexusVision\logs\orion_native.log.1:5842,90.92,15.083700000000022,21.275362318840592,3.6700000000000017,,True,0.0,561.93,detect_loop,released,True,16.029000000000007,3.9,1789940708055.0,False,2,29,1,,1789940708746.9946,29,0.1727,C:\Users\aaron\Desktop\NexusVision\logs\orion_native.log.1:5804,1,0.0,session_20260920_164027,Standstill,C:\Users\aaron\Desktop\NexusVision\logs\orion_native.log.1:5803
,,,128.65999999999997,,,False,30,C:\Users\aaron\Desktop\NexusVision\logs\orion_native.log.1:5881,False,1789940714850.0,60.0,,unknown,[],,[],0,30,[],,,,,,741.6,C:\Users\aaron\Desktop\NexusVision\logs\orion_native.log.1:5880,15.206999999999937,[],delivery_legacy,96.31,C:\Users\aaron\Desktop\NexusVision\logs\orion_native.log.1:5920,90.53,23.755800000000022,32.52856097698239,5.780000000000001,,True,0.0,612.94,detect_loop,released,True,15.20700000000001,3.7,1789940710504.0,False,2,30,1,,1789940711245.5693,30,0.177,C:\Users\aaron\Desktop\NexusVision\logs\orion_native.log.1:5883,1,0.0,session_20260920_164027,Standstill,C:\Users\aaron\Desktop\NexusVision\logs\orion_native.log.1:5882
,,,128.63,,,False,31,C:\Users\aaron\Desktop\NexusVision\logs\orion_native.log.1:5957,False,1789940715228.8,64.0,,unknown,[],23.667,[],0,31,[],,,,,LATE,722.9,C:\Users\aaron\Desktop\NexusVision\logs\orion_native.log.1:5956,18.90599999999995,[],delivery_legacy,96.35,C:\Users\aaron\Desktop\NexusVision\logs\orion_native.log.1:5998,90.58,23.714699999999993,32.41026793237093,5.769999999999996,,True,0.0,594.27,detect_loop,released,True,16.44000000000001,4.0,1789940713106.0,False,2,31,1,,1789940713828.8948,31,0.1777,C:\Users\aaron\Desktop\NexusVision\logs\orion_native.log.1:5959,1,0.0,session_20260920_164027,Standstill,C:\Users\aaron\Desktop\NexusVision\logs\orion_native.log.1:5958
,,,129.23000000000002,,,False,32,C:\Users\aaron\Desktop\NexusVision\logs\orion_native.log.1:6038,False,1789940717427.9,63.0,,unknown,[],23.667,[],0,32,[],,,,,EXCELLENT,768.2,C:\Users\aaron\Desktop\NexusVision\logs\orion_native.log.1:6037,15.206999999999994,[],delivery_legacy,95.86,C:\Users\aaron\Desktop\NexusVision\logs\orion_native.log.1:6076,90.86,20.55000000000001,29.08329455560726,5.0,,True,0.0,638.97,detect_loop,released,True,16.44000000000001,4.0,1789940715445.0,False,2,32,1,,1789940716213.241,32,0.172,C:\Users\aaron\Desktop\NexusVision\logs\orion_native.log.1:6040,1,0.0,session_20260920_164027,Standstill,C:\Users\aaron\Desktop\NexusVision\logs\orion_native.log.1:6039
,,,146.71000000000004,,,False,33,C:\Users\aaron\Desktop\NexusVision\logs\orion_native.log.1:6116,False,1789940719931.0,79.0,,unknown,[],23.75,[],0,33,[],,,,,EXCELLENT,641.7,C:\Users\aaron\Desktop\NexusVision\logs\orion_native.log.1:6115,15.20700000000005,[],delivery_legacy,96.33,C:\Users\aaron\Desktop\NexusVision\logs\orion_native.log.1:6155,90.81,22.68719999999996,30.690537084398954,5.519999999999996,,True,0.0,494.99,detect_loop,released,True,16.851000000000006,4.1,1789940717988.0,False,2,33,1,,1789940718629.7112,33,0.1781,C:\Users\aaron\Desktop\NexusVision\logs\orion_native.log.1:6118,1,0.0,session_20260920_164027,Standstill,C:\Users\aaron\Desktop\NexusVision\logs\orion_native.log.1:6117
,,,146.64999999999998,,,False,34,C:\Users\aaron\Desktop\NexusVision\logs\orion_native.log.1:6196,False,1789940724033.1,81.0,,unknown,[],26.25,[],0,34,[],,,,,EXCELLENT,639.9,C:\Users\aaron\Desktop\NexusVision\logs\orion_native.log.1:6195,14.795999999999992,[],delivery_legacy,96.41,C:\Users\aaron\Desktop\NexusVision\logs\orion_native.log.1:6233,92.73,15.124799999999993,19.72450018759711,3.6799999999999926,,True,0.0,493.25,detect_loop,released,True,15.20700000000001,3.7,1789940722074.0,False,2,34,1,,1789940722713.885,34,0.1842,C:\Users\aaron\Desktop\NexusVision\logs\orion_native.log.1:6198,1,0.0,session_20260920_164027,Standstill,C:\Users\aaron\Desktop\NexusVision\logs\orion_native.log.1:6197
,,,147.67999999999995,,,False,35,C:\Users\aaron\Desktop\NexusVision\logs\orion_native.log.1:6278,False,1789940726278.8,68.0,,unknown,[],24.083,[],0,35,[],,,,,EXCELLENT,671.3,C:\Users\aaron\Desktop\NexusVision\logs\orion_native.log.1:6277,18.906000000000063,[],delivery_legacy,96.4,C:\Users\aaron\Desktop\NexusVision\logs\orion_native.log.1:6317,90.96,22.358400000000074,30.479605558045787,5.440000000000012,,True,0.0,523.62,detect_loop,released,True,18.49500000000001,4.5,1789940724326.0,False,2,35,1,,1789940724997.2573,35,0.1767,C:\Users\aaron\Desktop\NexusVision\logs\orion_native.log.1:6280,1,0.0,session_20260920_164027,Standstill,C:\Users\aaron\Desktop\NexusVision\logs\orion_native.log.1:6279
,,,148.89999999999998,,,False,36,C:\Users\aaron\Desktop\NexusVision\logs\orion_native.log.1:6361,False,1789940729194.6,80.0,,unknown,[],23.75,[],0,36,[],,,,,EXCELLENT,680.1,C:\Users\aaron\Desktop\NexusVision\logs\orion_native.log.1:6360,14.795999999999935,[],delivery_legacy,96.33,C:\Users\aaron\Desktop\NexusVision\logs\orion_native.log.1:6398,90.84,22.56389999999999,29.72709551656917,5.489999999999995,,True,0.0,531.2,detect_loop,released,True,15.20700000000001,3.7,1789940727235.0,False,2,36,1,,1789940727915.1301,36,0.1823,C:\Users\aaron\Desktop\NexusVision\logs\orion_native.log.1:6363,1,0.0,session_20260920_164027,Standstill,C:\Users\aaron\Desktop\NexusVision\logs\orion_native.log.1:6362
,,,149.68,,,False,37,C:\Users\aaron\Desktop\NexusVision\logs\orion_native.log.1:6439,False,1789940731795.1,85.0,,unknown,[],24.75,[],0,37,[],,,,,EXCELLENT,656.5,C:\Users\aaron\Desktop\NexusVision\logs\orion_native.log.1:6438,15.206999999999994,[],delivery_legacy,96.26,C:\Users\aaron\Desktop\NexusVision\logs\orion_native.log.1:6478,92.82,14.138400000000047,18.441085021979262,3.440000000000012,,True,0.0,506.82,detect_loop,released,True,15.20700000000001,3.7,1789940729893.0,False,2,37,1,,1789940730549.5225,37,0.1843,C:\Users\aaron\Desktop\NexusVision\logs\orion_native.log.1:6441,1,0.0,session_20260920_164027,Standstill,C:\Users\aaron\Desktop\NexusVision\logs\orion_native.log.1:6440
,,,150.72999999999996,,,False,38,C:\Users\aaron\Desktop\NexusVision\logs\orion_native.log.1:6518,False,1789940734396.6,78.0,,unknown,[],24.333,[],0,38,[],,,,,EXCELLENT,655.3,C:\Users\aaron\Desktop\NexusVision\logs\orion_native.log.1:6517,15.206999999999937,[],delivery_legacy,96.37,C:\Users\aaron\Desktop\NexusVision\logs\orion_native.log.1:6556,90.91,22.440600000000074,29.774239284545796,5.460000000000008,,True,0.0,504.57,detect_loop,released,True,15.20700000000001,3.7,1789940732428.0,False,2,38,1,,1789940733083.2737,38,0.1813,C:\Users\aaron\Desktop\NexusVision\logs\orion_native.log.1:6520,1,0.0,session_20260920_164027,Standstill,C:\Users\aaron\Desktop\NexusVision\logs\orion_native.log.1:6519
,,,150.91000000000003,,,False,39,C:\Users\aaron\Desktop\NexusVision\logs\orion_native.log.1:6598,False,1789940736894.0,88.0,,unknown,[],24.5,[],0,39,[],,,,,EXCELLENT,662.5,C:\Users\aaron\Desktop\NexusVision\logs\orion_native.log.1:6597,15.206999999999937,[],delivery_legacy,96.31,C:\Users\aaron\Desktop\NexusVision\logs\orion_native.log.1:6637,92.61,15.206999999999994,19.80409998394264,3.700000000000003,,True,0.0,511.59,detect_loop,released,True,15.20700000000001,3.7,1789940734971.0,False,2,39,1,,1789940735633.483,39,0.1842,C:\Users\aaron\Desktop\NexusVision\logs\orion_native.log.1:6600,1,0.0,session_20260920_164027,Standstill,C:\Users\aaron\Desktop\NexusVision\logs\orion_native.log.1:6599
,,,150.96000000000004,,,False,40,C:\Users\aaron\Desktop\NexusVision\logs\orion_native.log.1:6677,False,1789940739692.5,83.0,,unknown,[],23.75,[],0,40,[],,,,,EARLY,649.1,C:\Users\aaron\Desktop\NexusVision\logs\orion_native.log.1:6676,18.906000000000006,[],delivery_legacy,96.2,C:\Users\aaron\Desktop\NexusVision\logs\orion_native.log.1:6714,90.66,22.76940000000002,30.956638354939685,5.540000000000006,,True,0.0,498.14,detect_loop,released,True,18.49500000000001,4.5,1789940737351.0,False,2,40,1,,1789940738000.1143,40,0.1774,C:\Users\aaron\Desktop\NexusVision\logs\orion_native.log.1:6679,1,0.0,session_20260920_164027,Standstill,C:\Users\aaron\Desktop\NexusVision\logs\orion_native.log.1:6678
,,,128.63,,,False,41,C:\Users\aaron\Desktop\NexusVision\logs\orion_native.log.1:6755,False,1789940742025.7,59.0,,unknown,[],24.833,[],0,41,[],,,,,EARLY,717.2,C:\Users\aaron\Desktop\NexusVision\logs\orion_native.log.1:6754,15.20700000000005,[],delivery_legacy,96.23,C:\Users\aaron\Desktop\NexusVision\logs\orion_native.log.1:6792,92.48,15.412500000000023,21.78839114519784,3.75,,True,0.0,588.57,detect_loop,released,True,15.20700000000001,3.7,1789940739677.0,False,2,41,1,,1789940740394.23,41,0.1727,C:\Users\aaron\Desktop\NexusVision\logs\orion_native.log.1:6757,1,-0.0,session_20260920_164027,Standstill,C:\Users\aaron\Desktop\NexusVision\logs\orion_native.log.1:6756
,,,134.26,,,False,42,C:\Users\aaron\Desktop\NexusVision\logs\orion_native.log.1:6834,False,1789940744242.4,68.0,,unknown,[],24.0,[],0,42,[],,,,,LATE,688.4,C:\Users\aaron\Desktop\NexusVision\logs\orion_native.log.1:6833,15.20700000000005,[],delivery_legacy,96.34,C:\Users\aaron\Desktop\NexusVision\logs\orion_native.log.1:6872,90.85,22.563900000000046,30.825379000561533,5.490000000000009,,True,0.0,554.14,detect_loop,released,True,16.029000000000007,3.9,1789940742195.0,False,2,42,1,,1789940742883.3875,42,0.1774,C:\Users\aaron\Desktop\NexusVision\logs\orion_native.log.1:6836,1,-0.0,session_20260920_164027,Standstill,C:\Users\aaron\Desktop\NexusVision\logs\orion_native.log.1:6835
,,,128.64,,,False,43,C:\Users\aaron\Desktop\NexusVision\logs\orion_native.log.1:6915,False,1789940747244.1,61.0,,unknown,[],22.083,[],0,43,[],,,,,LATE,736.0,C:\Users\aaron\Desktop\NexusVision\logs\orion_native.log.1:6914,22.605000000000018,[],delivery_legacy,96.54,C:\Users\aaron\Desktop\NexusVision\logs\orion_native.log.1:6953,90.59,24.454499999999996,34.06618573227987,5.950000000000003,,True,0.0,607.36,detect_loop,released,True,22.60500000000001,5.5,1789940744708.0,False,2,43,1,,1789940745443.9932,43,0.1745,C:\Users\aaron\Desktop\NexusVision\logs\orion_native.log.1:6917,1,0.0,session_20260920_164027,Standstill,C:\Users\aaron\Desktop\NexusVision\logs\orion_native.log.1:6916
,,,128.53999999999996,,,False,44,C:\Users\aaron\Desktop\NexusVision\logs\orion_native.log.1:6996,False,1789940750042.3,64.0,,unknown,[],25.167,[],0,44,[],,,,,LATE,772.8,C:\Users\aaron\Desktop\NexusVision\logs\orion_native.log.1:6995,15.206999999999937,[],delivery_legacy,96.39,C:\Users\aaron\Desktop\NexusVision\logs\orion_native.log.1:7033,92.43,16.275599999999997,23.41532639545881,3.9599999999999937,,True,0.0,644.26,detect_loop,released,True,15.20700000000001,3.7,1789940747738.0,False,2,44,1,,1789940748510.8403,44,0.1695,C:\Users\aaron\Desktop\NexusVision\logs\orion_native.log.1:6998,1,0.0,session_20260920_164027,Standstill,C:\Users\aaron\Desktop\NexusVision\logs\orion_native.log.1:6997
,,,125.64999999999998,,,False,45,C:\Users\aaron\Desktop\NexusVision\logs\orion_native.log.1:7078,False,1789940752144.4,60.0,,unknown,[],,[],0,45,[],,,,,LATE,727.1,C:\Users\aaron\Desktop\NexusVision\logs\orion_native.log.1:7077,15.206999999999937,[],delivery_legacy,96.42,C:\Users\aaron\Desktop\NexusVision\logs\orion_native.log.1:7116,90.91,22.646100000000047,32.7041785375119,5.510000000000005,,True,0.0,601.45,detect_loop,released,True,16.029000000000007,3.9,1789940750164.0,False,2,45,1,,1789940750891.1213,45,0.1693,C:\Users\aaron\Desktop\NexusVision\logs\orion_native.log.1:7080,1,0.0,session_20260920_164027,Standstill,C:\Users\aaron\Desktop\NexusVision\logs\orion_native.log.1:7079
,,,150.88000000000005,,,False,46,C:\Users\aaron\Desktop\NexusVision\logs\orion_native.log.1:7158,False,1789940754842.6,85.0,,unknown,[],25.0,[],0,46,[],,,,,EXCELLENT,638.7,C:\Users\aaron\Desktop\NexusVision\logs\orion_native.log.1:7157,15.20700000000005,[],delivery_legacy,96.34,C:\Users\aaron\Desktop\NexusVision\logs\orion_native.log.1:7196,92.66,15.12480000000005,19.70021413276235,3.680000000000007,,True,0.0,487.82,detect_loop,released,True,18.08400000000001,4.4,1789940752844.0,False,2,46,1,,1789940753482.7397,46,0.1839,C:\Users\aaron\Desktop\NexusVision\logs\orion_native.log.1:7160,1,0.0,session_20260920_164027,Standstill,C:\Users\aaron\Desktop\NexusVision\logs\orion_native.log.1:7159
,,,134.23000000000002,,,False,47,C:\Users\aaron\Desktop\NexusVision\logs\orion_native.log.1:7238,False,1789940757477.3,70.0,,unknown,[],26.167,[],0,47,[],,,,,EARLY,625.2,C:\Users\aaron\Desktop\NexusVision\logs\orion_native.log.1:7237,15.206999999999994,[],delivery_legacy,96.83,C:\Users\aaron\Desktop\NexusVision\logs\orion_native.log.1:7277,92.94,15.987900000000025,21.883438343834385,3.8900000000000006,,True,0.0,490.97,detect_loop,released,True,15.20700000000001,3.7,1789940755107.0,False,2,47,1,,1789940755732.216,47,0.1766,C:\Users\aaron\Desktop\NexusVision\logs\orion_native.log.1:7240,1,0.0,session_20260920_164027,Standstill,C:\Users\aaron\Desktop\NexusVision\logs\orion_native.log.1:7239
,,,134.41999999999996,,,False,48,C:\Users\aaron\Desktop\NexusVision\logs\orion_native.log.1:7318,False,1789940760010.7,53.0,,unknown,[],24.583,[],0,48,[],,,,,EXCELLENT,636.9,C:\Users\aaron\Desktop\NexusVision\logs\orion_native.log.1:7317,15.206999999999937,[],delivery_legacy,95.06,C:\Users\aaron\Desktop\NexusVision\logs\orion_native.log.1:7357,93.17,7.767899999999997,10.667118184896719,1.8900000000000006,,True,0.0,502.48,detect_loop,released,True,15.20700000000001,3.7,1789940758079.0,False,2,48,1,,1789940758715.9165,48,0.1762,C:\Users\aaron\Desktop\NexusVision\logs\orion_native.log.1:7320,1,0.0,session_20260920_164027,Standstill,C:\Users\aaron\Desktop\NexusVision\logs\orion_native.log.1:7319
,,,134.29000000000002,,,False,49,C:\Users\aaron\Desktop\NexusVision\logs\orion_native.log.1:7398,False,1789940762508.3,69.0,,unknown,[],,[],0,49,[],,,,,EXCELLENT,643.7,C:\Users\aaron\Desktop\NexusVision\logs\orion_native.log.1:7397,18.49500000000006,[],delivery_legacy,96.18,C:\Users\aaron\Desktop\NexusVision\logs\orion_native.log.1:7438,91.44,19.481400000000008,26.409627813684025,4.740000000000009,,True,0.0,509.41,detect_loop,released,True,18.49500000000001,4.5,1789940760622.0,False,2,49,1,,1789940761265.6882,49,0.1778,C:\Users\aaron\Desktop\NexusVision\logs\orion_native.log.1:7400,1,0.0,session_20260920_164027,Standstill,C:\Users\aaron\Desktop\NexusVision\logs\orion_native.log.1:7399
,,,134.24,,,False,50,C:\Users\aaron\Desktop\NexusVision\logs\orion_native.log.1:7478,False,1789940765610.3,68.0,,unknown,[],23.75,[],0,50,[],,,,,EXCELLENT,627.0,C:\Users\aaron\Desktop\NexusVision\logs\orion_native.log.1:7477,18.49500000000006,[],delivery_legacy,96.87,C:\Users\aaron\Desktop\NexusVision\logs\orion_native.log.1:7516,91.31,22.85160000000002,32.39715650856545,5.560000000000002,,True,0.0,492.76,detect_loop,released,True,18.49500000000001,4.5,1789940763622.0,False,2,50,1,,1789940764249.0046,50,0.1708,C:\Users\aaron\Desktop\NexusVision\logs\orion_native.log.1:7480,1,0.0,session_20260920_164027,Standstill,C:\Users\aaron\Desktop\NexusVision\logs\orion_native.log.1:7479
,,,134.22000000000003,,,False,51,C:\Users\aaron\Desktop\NexusVision\logs\orion_native.log.1:7557,False,1789940768208.9,67.0,,unknown,[],24.833,[],0,51,[],,,,,EXCELLENT,626.6,C:\Users\aaron\Desktop\NexusVision\logs\orion_native.log.1:7556,14.795999999999935,[],delivery_legacy,96.65,C:\Users\aaron\Desktop\NexusVision\logs\orion_native.log.1:7596,93.2,14.179500000000019,19.951422623178367,3.450000000000003,,True,0.0,492.38,detect_loop,released,True,15.20700000000001,3.7,1789940766255.0,False,2,51,1,,1789940766881.6492,51,0.1724,C:\Users\aaron\Desktop\NexusVision\logs\orion_native.log.1:7559,1,0.0,session_20260920_164027,Standstill,C:\Users\aaron\Desktop\NexusVision\logs\orion_native.log.1:7558
,,,150.92000000000007,,,False,52,C:\Users\aaron\Desktop\NexusVision\logs\orion_native.log.1:7635,False,1789940771907.6,81.0,,unknown,[],25.5,[],0,52,[],,,,,LATE,650.2,C:\Users\aaron\Desktop\NexusVision\logs\orion_native.log.1:7634,14.79600000000005,[],delivery_legacy,96.83,C:\Users\aaron\Desktop\NexusVision\logs\orion_native.log.1:7675,92.86,16.316700000000026,21.167688616368963,3.969999999999999,,True,0.0,499.28,detect_loop,released,True,17.67300000000001,4.3,1789940768815.0,False,2,52,1,,1789940769465.1873,52,0.1849,C:\Users\aaron\Desktop\NexusVision\logs\orion_native.log.1:7637,1,0.0,session_20260920_164027,Standstill,C:\Users\aaron\Desktop\NexusVision\logs\orion_native.log.1:7636
,,,134.23000000000002,,,False,53,C:\Users\aaron\Desktop\NexusVision\logs\orion_native.log.1:7711,False,1789940773025.0,70.0,,unknown,[],23.75,[],0,53,[],,,,,EXCELLENT,624.0,C:\Users\aaron\Desktop\NexusVision\logs\orion_native.log.1:7710,15.20700000000005,[],delivery_legacy,96.88,C:\Users\aaron\Desktop\NexusVision\logs\orion_native.log.1:7756,91.32,22.85160000000002,30.554487003352214,5.560000000000002,,True,0.0,489.77,detect_loop,released,True,16.44000000000001,4.0,1789940771075.0,False,2,53,1,,1789940771698.9875,53,0.1799,C:\Users\aaron\Desktop\NexusVision\logs\orion_native.log.1:7713,1,0.0,session_20260920_164027,Standstill,C:\Users\aaron\Desktop\NexusVision\logs\orion_native.log.1:7712
,,,125.73000000000002,,,False,54,C:\Users\aaron\Desktop\NexusVision\logs\orion_native.log.1:7796,False,1789940777457.6,59.0,,unknown,[],24.25,[],0,54,[],,,,,LATE,726.0,C:\Users\aaron\Desktop\NexusVision\logs\orion_native.log.1:7795,14.795999999999935,[],delivery_legacy,96.8,C:\Users\aaron\Desktop\NexusVision\logs\orion_native.log.1:7835,91.31,22.56389999999999,31.578947368421023,5.489999999999995,,True,0.0,600.27,detect_loop,released,True,15.20700000000001,3.7,1789940773430.0,False,2,54,1,,1789940774155.9888,54,0.1737,C:\Users\aaron\Desktop\NexusVision\logs\orion_native.log.1:7798,1,0.0,session_20260920_164027,Standstill,C:\Users\aaron\Desktop\NexusVision\logs\orion_native.log.1:7797
,,,125.63,,,False,55,C:\Users\aaron\Desktop\NexusVision\logs\orion_native.log.1:7871,False,1789940777861.4,59.0,,unknown,[],24.417,[],0,55,[],,,,,LATE,720.2,C:\Users\aaron\Desktop\NexusVision\logs\orion_native.log.1:7870,14.79600000000005,[],delivery_legacy,96.87,C:\Users\aaron\Desktop\NexusVision\logs\orion_native.log.1:7919,91.35,22.68720000000002,31.808228650455284,5.52000000000001,,True,0.0,594.57,detect_loop,released,True,15.20700000000001,3.7,1789940776019.0,False,2,55,1,,1789940776739.1946,55,0.1737,C:\Users\aaron\Desktop\NexusVision\logs\orion_native.log.1:7873,1,0.0,session_20260920_164027,Standstill,C:\Users\aaron\Desktop\NexusVision\logs\orion_native.log.1:7872
,,,134.19000000000005,,,False,56,C:\Users\aaron\Desktop\NexusVision\logs\orion_native.log.1:7954,False,1789940780559.3,62.0,,unknown,[],24.083,[],0,56,[],,,,,LATE,687.7,C:\Users\aaron\Desktop\NexusVision\logs\orion_native.log.1:7953,15.20700000000005,[],delivery_legacy,96.63,C:\Users\aaron\Desktop\NexusVision\logs\orion_native.log.1:7994,91.08,22.81049999999999,31.979256698357805,5.549999999999997,,True,0.0,553.51,detect_loop,released,True,14.385000000000007,3.5,1789940778311.0,False,2,56,1,,1789940778998.7297,56,0.1733,C:\Users\aaron\Desktop\NexusVision\logs\orion_native.log.1:7956,1,0.0,session_20260920_164027,Standstill,C:\Users\aaron\Desktop\NexusVision\logs\orion_native.log.1:7955
,,,125.66999999999996,,,False,57,C:\Users\aaron\Desktop\NexusVision\logs\orion_native.log.1:8033,False,1789940784558.2,60.0,,unknown,[],23.667,[],0,57,[],,,,,LATE,734.5,C:\Users\aaron\Desktop\NexusVision\logs\orion_native.log.1:8032,15.20700000000005,[],delivery_legacy,96.63,C:\Users\aaron\Desktop\NexusVision\logs\orion_native.log.1:8072,90.89,23.59140000000002,33.727010987719574,5.739999999999995,,True,0.0,608.83,detect_loop,released,True,15.20700000000001,3.7,1789940780605.0,False,2,57,1,,1789940781339.4644,57,0.1707,C:\Users\aaron\Desktop\NexusVision\logs\orion_native.log.1:8035,1,0.0,session_20260920_164027,Standstill,C:\Users\aaron\Desktop\NexusVision\logs\orion_native.log.1:8034
,,,534.9300000000001,,,False,58,C:\Users\aaron\Desktop\NexusVision\logs\orion_native.log.1:8109,False,1789940784957.7,67.0,,unknown,[],,[],0,58,[],,,,,EXCELLENT,687.5,C:\Users\aaron\Desktop\NexusVision\logs\orion_native.log.1:8108,14.795999999999935,[],delivery_legacy,96.65,C:\Users\aaron\Desktop\NexusVision\logs\orion_native.log.1:8153,93.0,15.001500000000078,20.217126398582064,3.6500000000000057,,True,0.0,152.57,detect_loop,released,True,15.20700000000001,3.7,1789940783060.0,False,2,58,1,,1789940783747.4822,58,0.179,C:\Users\aaron\Desktop\NexusVision\logs\orion_native.log.1:8111,1,0.0,session_20260920_164027,Standstill,C:\Users\aaron\Desktop\NexusVision\logs\orion_native.log.1:8110
,,,150.89000000000004,,,False,59,C:\Users\aaron\Desktop\NexusVision\logs\orion_native.log.1:8196,False,1789940787558.6,83.0,,unknown,[],26.333,[],0,59,[],,,,,EXCELLENT,649.2,C:\Users\aaron\Desktop\NexusVision\logs\orion_native.log.1:8195,15.206999999999937,[],delivery_legacy,95.01,C:\Users\aaron\Desktop\NexusVision\logs\orion_native.log.1:8234,92.75,9.28860000000003,12.223484233868815,2.260000000000005,,True,0.0,498.31,detect_loop,released,True,16.029000000000007,3.9,1789940785632.0,False,2,59,1,,1789940786281.24,59,0.1825,C:\Users\aaron\Desktop\NexusVision\logs\orion_native.log.1:8198,1,0.0,session_20260920_164027,Standstill,C:\Users\aaron\Desktop\NexusVision\logs\orion_native.log.1:8197
,,,134.21999999999997,,,False,60,C:\Users\aaron\Desktop\NexusVision\logs\orion_native.log.1:8275,False,1789940789911.3,60.0,,unknown,[],24.417,[],0,60,[],,,,,EXCELLENT,644.3,C:\Users\aaron\Desktop\NexusVision\logs\orion_native.log.1:8274,15.206999999999937,[],delivery_legacy,96.84,C:\Users\aaron\Desktop\NexusVision\logs\orion_native.log.1:8312,93.13,15.248100000000022,19.75400670890798,3.710000000000008,,True,0.0,510.08,detect_loop,released,True,15.20700000000001,3.7,1789940787920.0,False,2,60,1,,1789940788564.3323,60,0.1855,C:\Users\aaron\Desktop\NexusVision\logs\orion_native.log.1:8277,1,0.0,session_20260920_164027,Standstill,C:\Users\aaron\Desktop\NexusVision\logs\orion_native.log.1:8276
,,,134.45,,,False,61,C:\Users\aaron\Desktop\NexusVision\logs\orion_native.log.1:8353,False,1789940792323.3,51.0,,unknown,[],24.833,[],0,61,[],,,,,EXCELLENT,638.9,C:\Users\aaron\Desktop\NexusVision\logs\orion_native.log.1:8352,15.20700000000005,[],delivery_legacy,96.79,C:\Users\aaron\Desktop\NexusVision\logs\orion_native.log.1:8391,93.09,15.20700000000005,20.795863309352534,3.700000000000003,,True,0.0,504.45,detect_loop,released,True,15.20700000000001,3.7,1789940790325.0,False,2,61,1,,1789940790963.9287,61,0.176,C:\Users\aaron\Desktop\NexusVision\logs\orion_native.log.1:8355,1,0.0,session_20260920_164027,Standstill,C:\Users\aaron\Desktop\NexusVision\logs\orion_native.log.1:8354
,,,150.96999999999997,,,False,62,C:\Users\aaron\Desktop\NexusVision\logs\orion_native.log.1:8432,False,1789940794723.3,86.0,,unknown,[],23.75,[],0,62,[],,,,,EXCELLENT,661.9,C:\Users\aaron\Desktop\NexusVision\logs\orion_native.log.1:8431,15.206999999999994,[],delivery_legacy,96.62,C:\Users\aaron\Desktop\NexusVision\logs\orion_native.log.1:8472,91.12,22.605000000000018,29.394473838918284,5.5,,True,0.0,510.93,detect_loop,released,True,15.20700000000001,3.7,1789940792735.0,False,2,62,1,,1789940793396.8972,62,0.1847,C:\Users\aaron\Desktop\NexusVision\logs\orion_native.log.1:8434,1,0.0,session_20260920_164027,Standstill,C:\Users\aaron\Desktop\NexusVision\logs\orion_native.log.1:8433
,,,150.88000000000005,,,False,63,C:\Users\aaron\Desktop\NexusVision\logs\orion_native.log.1:8514,False,1789940797624.3,83.0,,unknown,[],23.75,[],0,63,[],,,,,EXCELLENT,657.2,C:\Users\aaron\Desktop\NexusVision\logs\orion_native.log.1:8513,18.906000000000063,[],delivery_legacy,94.88,C:\Users\aaron\Desktop\NexusVision\logs\orion_native.log.1:8552,91.21,15.083700000000022,19.73012203644966,3.6700000000000017,,True,0.0,506.32,detect_loop,released,True,18.90600000000001,4.6,1789940795723.0,False,2,63,1,,1789940796380.247,63,0.1835,C:\Users\aaron\Desktop\NexusVision\logs\orion_native.log.1:8516,1,0.0,session_20260920_164027,Standstill,C:\Users\aaron\Desktop\NexusVision\logs\orion_native.log.1:8515
,,,134.25,,,False,64,C:\Users\aaron\Desktop\NexusVision\logs\orion_native.log.1:8594,False,1789940800425.7,70.0,,unknown,[],24.5,[],0,64,[],,,,,EXCELLENT,632.5,C:\Users\aaron\Desktop\NexusVision\logs\orion_native.log.1:8593,15.20700000000005,[],delivery_legacy,96.68,C:\Users\aaron\Desktop\NexusVision\logs\orion_native.log.1:8635,92.95,15.330300000000022,20.75912733748889,3.730000000000004,,True,0.0,498.25,detect_loop,released,True,15.618000000000007,3.8,1789940798415.0,False,2,64,1,,1789940799047.5024,64,0.1776,C:\Users\aaron\Desktop\NexusVision\logs\orion_native.log.1:8596,1,0.0,session_20260920_164027,Standstill,C:\Users\aaron\Desktop\NexusVision\logs\orion_native.log.1:8595
,,,150.91000000000003,,,False,65,C:\Users\aaron\Desktop\NexusVision\logs\orion_native.log.1:8672,False,1789940802825.7,85.0,,unknown,[],21.833,[],0,65,[],,,,,EXCELLENT,643.2,C:\Users\aaron\Desktop\NexusVision\logs\orion_native.log.1:8671,26.30400000000003,[],delivery_legacy,96.7,C:\Users\aaron\Desktop\NexusVision\logs\orion_native.log.1:8714,90.39,25.934100000000058,34.10442114366016,6.310000000000002,,True,0.0,492.29,detect_loop,released,True,26.304000000000016,6.4,1789940800987.0,False,2,65,1,,1789940801630.2258,65,0.183,C:\Users\aaron\Desktop\NexusVision\logs\orion_native.log.1:8674,1,0.0,session_20260920_164027,Standstill,C:\Users\aaron\Desktop\NexusVision\logs\orion_native.log.1:8673
,,,142.29000000000008,,,False,66,C:\Users\aaron\Desktop\NexusVision\logs\orion_native.log.1:8753,False,1789940805940.2,75.0,,unknown,[],28.917,[],0,66,[],,,,,LATE,896.2,C:\Users\aaron\Desktop\NexusVision\logs\orion_native.log.1:8752,11.097000000000037,[],delivery_legacy,96.68,C:\Users\aaron\Desktop\NexusVision\logs\orion_native.log.1:8792,94.02,10.932600000000036,14.737658596044161,2.660000000000011,,True,0.0,753.91,detect_loop,released,True,10.275000000000006,2.5,1789940803525.0,False,2,66,1,,1789940804421.1958,66,0.1793,C:\Users\aaron\Desktop\NexusVision\logs\orion_native.log.1:8755,1,0.0,session_20260920_164027,Standstill,C:\Users\aaron\Desktop\NexusVision\logs\orion_native.log.1:8754
,,,55.94999999999993,,,False,67,C:\Users\aaron\Desktop\NexusVision\logs\orion_native.log.1:8833,False,1789940808457.5,,,unknown,[],30.083,[],0,67,[],,,,,LATE,850.9,C:\Users\aaron\Desktop\NexusVision\logs\orion_native.log.1:8832,3.6990000000000123,[],delivery_legacy,96.73,C:\Users\aaron\Desktop\NexusVision\logs\orion_native.log.1:8873,95.16,6.452699999999993,9.32248678819552,1.5700000000000074,,True,0.0,794.95,detect_loop,released,False,,,1789940806084.0,False,2,67,1,,1789940806934.8845,67,0.1687,C:\Users\aaron\Desktop\NexusVision\logs\orion_native.log.1:8835,1,0.0,session_20260920_164027,Standstill,C:\Users\aaron\Desktop\NexusVision\logs\orion_native.log.1:8834
,,,134.32,,,False,68,C:\Users\aaron\Desktop\NexusVision\logs\orion_native.log.1:8913,False,1789940811057.1,70.0,,unknown,[],28.917,[],0,68,[],,,,,LATE,641.5,C:\Users\aaron\Desktop\NexusVision\logs\orion_native.log.1:8912,7.398000000000025,[],delivery_legacy,96.69,C:\Users\aaron\Desktop\NexusVision\logs\orion_native.log.1:8953,93.88,11.54910000000001,15.315855453207622,2.8100000000000023,,True,0.0,507.18,detect_loop,released,True,5.343000000000003,1.3,1789940808772.0,False,2,68,1,,1789940809413.4548,68,0.1807,C:\Users\aaron\Desktop\NexusVision\logs\orion_native.log.1:8915,1,0.0,session_20260920_164027,Standstill,C:\Users\aaron\Desktop\NexusVision\logs\orion_native.log.1:8914
,,,236.59000000000003,,,False,69,C:\Users\aaron\Desktop\NexusVision\logs\orion_native.log.1:8995,False,1789940813756.8,70.0,,unknown,[],28.917,[],0,69,[],,,,,LATE,709.7,C:\Users\aaron\Desktop\NexusVision\logs\orion_native.log.1:8994,3.6990000000000123,[],delivery_legacy,96.66,C:\Users\aaron\Desktop\NexusVision\logs\orion_native.log.1:9034,93.65,12.371099999999956,16.827863811706774,3.009999999999991,,True,0.0,473.11,detect_loop,released,True,6.987000000000004,1.7,1789940811322.0,False,2,69,1,,1789940812031.6663,69,0.1766,C:\Users\aaron\Desktop\NexusVision\logs\orion_native.log.1:8997,1,0.0,session_20260920_164027,Standstill,C:\Users\aaron\Desktop\NexusVision\logs\orion_native.log.1:8996
,,,121.04000000000008,,,False,70,C:\Users\aaron\Desktop\NexusVision\logs\orion_native.log.1:9076,False,1789940815957.4,54.0,,unknown,[],29.0,[],0,70,[],,,,,LATE,742.1,C:\Users\aaron\Desktop\NexusVision\logs\orion_native.log.1:9075,3.6990000000000123,[],delivery_legacy,96.83,C:\Users\aaron\Desktop\NexusVision\logs\orion_native.log.1:9115,94.09,11.26139999999998,13.422161261879078,2.739999999999995,,True,0.0,621.06,detect_loop,released,True,5.343000000000003,1.3,1789940813957.0,False,2,70,1,,1789940814699.1099,70,0.138,C:\Users\aaron\Desktop\NexusVision\logs\orion_native.log.1:9078,1,-0.0,session_20260920_164027,Standstill,C:\Users\aaron\Desktop\NexusVision\logs\orion_native.log.1:9077
,,,134.26,,,False,71,C:\Users\aaron\Desktop\NexusVision\logs\orion_native.log.1:9159,False,1789940818557.5,70.0,,unknown,[],28.333,[],0,71,[],,,,,EXCELLENT,629.9,C:\Users\aaron\Desktop\NexusVision\logs\orion_native.log.1:9158,14.795999999999992,[],delivery_legacy,96.97,C:\Users\aaron\Desktop\NexusVision\logs\orion_native.log.1:9199,93.91,12.576600000000042,17.213253079822255,3.0600000000000023,,True,0.0,495.64,detect_loop,released,True,12.741000000000007,3.1,1789940816566.0,False,2,71,1,,1789940817195.893,71,0.1767,C:\Users\aaron\Desktop\NexusVision\logs\orion_native.log.1:9161,1,0.0,session_20260920_164027,Standstill,C:\Users\aaron\Desktop\NexusVision\logs\orion_native.log.1:9160
,,,134.22999999999996,,,False,72,C:\Users\aaron\Desktop\NexusVision\logs\orion_native.log.1:9240,False,1789940821473.9,32.0,,unknown,[],29.833,[],0,72,[],,,,,EARLY,623.8,C:\Users\aaron\Desktop\NexusVision\logs\orion_native.log.1:9239,7.808999999999969,[],delivery_legacy,97.28,C:\Users\aaron\Desktop\NexusVision\logs\orion_native.log.1:9280,95.55,7.110300000000052,9.597780859916805,1.730000000000004,,True,0.0,489.57,detect_loop,released,True,7.398000000000004,1.8,1789940819089.0,False,2,72,1,,1789940819712.8254,72,0.1786,C:\Users\aaron\Desktop\NexusVision\logs\orion_native.log.1:9242,1,0.0,session_20260920_164027,Standstill,C:\Users\aaron\Desktop\NexusVision\logs\orion_native.log.1:9241
,,,134.33000000000004,,,False,73,C:\Users\aaron\Desktop\NexusVision\logs\orion_native.log.1:9322,False,1789940824006.3,59.0,,unknown,[],28.167,[],0,73,[],,,,,EXCELLENT,648.5,C:\Users\aaron\Desktop\NexusVision\logs\orion_native.log.1:9321,15.20700000000005,[],delivery_legacy,97.23,C:\Users\aaron\Desktop\NexusVision\logs\orion_native.log.1:9359,94.03,13.151999999999987,17.914124167273147,3.200000000000003,,True,0.0,514.17,detect_loop,released,True,12.330000000000007,3.0,1789940821914.0,False,2,73,1,,1789940822562.4595,73,0.1772,C:\Users\aaron\Desktop\NexusVision\logs\orion_native.log.1:9324,1,0.0,session_20260920_164027,Standstill,C:\Users\aaron\Desktop\NexusVision\logs\orion_native.log.1:9323
,,,134.29000000000002,,,False,74,C:\Users\aaron\Desktop\NexusVision\logs\orion_native.log.1:9401,False,1789940826406.4,68.0,,unknown,[],23.833,[],0,74,[],,,,,EXCELLENT,638.0,C:\Users\aaron\Desktop\NexusVision\logs\orion_native.log.1:9400,15.20700000000005,[],delivery_legacy,97.19,C:\Users\aaron\Desktop\NexusVision\logs\orion_native.log.1:9439,91.69,22.605000000000018,30.166739798157085,5.5,,True,0.0,503.71,detect_loop,released,True,15.20700000000001,3.7,1789940824491.0,False,2,74,1,,1789940825128.9797,74,0.1799,C:\Users\aaron\Desktop\NexusVision\logs\orion_native.log.1:9403,1,0.0,session_20260920_164027,Standstill,C:\Users\aaron\Desktop\NexusVision\logs\orion_native.log.1:9402
,,,134.29999999999995,,,False,75,C:\Users\aaron\Desktop\NexusVision\logs\orion_native.log.1:9478,False,1789940830507.2,68.0,,unknown,[],29.917,[],0,75,[],,,,,EARLY,639.9,C:\Users\aaron\Desktop\NexusVision\logs\orion_native.log.1:9477,7.397999999999968,[],delivery_legacy,96.99,C:\Users\aaron\Desktop\NexusVision\logs\orion_native.log.1:9517,95.4,6.534899999999993,8.885659997764554,1.5899999999999892,,True,0.0,505.6,detect_loop,released,True,4.521000000000003,1.1,1789940828372.0,False,2,75,1,,1789940829011.892,75,0.1774,C:\Users\aaron\Desktop\NexusVision\logs\orion_native.log.1:9480,1,0.0,session_20260920_164027,Standstill,C:\Users\aaron\Desktop\NexusVision\logs\orion_native.log.1:9479
,,,134.32999999999998,,,False,76,C:\Users\aaron\Desktop\NexusVision\logs\orion_native.log.1:9561,False,1789940832916.5,66.0,,unknown,[],29.0,[],0,76,[],,,,,EXCELLENT,629.0,C:\Users\aaron\Desktop\NexusVision\logs\orion_native.log.1:9560,3.6989999999999554,[],delivery_legacy,97.06,C:\Users\aaron\Desktop\NexusVision\logs\orion_native.log.1:9600,94.35,11.138100000000065,15.524747937671908,2.710000000000008,,True,0.0,494.67,detect_loop,released,True,6.576000000000004,1.6,1789940830866.0,False,2,76,1,,1789940831494.954,76,0.1711,C:\Users\aaron\Desktop\NexusVision\logs\orion_native.log.1:9563,1,0.0,session_20260920_164027,Standstill,C:\Users\aaron\Desktop\NexusVision\logs\orion_native.log.1:9562
,,,117.39000000000004,,,False,77,C:\Users\aaron\Desktop\NexusVision\logs\orion_native.log.1:9639,False,1789940835906.3,,,unknown,[],38.667,[],0,77,[],,,,,EARLY,620.1,C:\Users\aaron\Desktop\NexusVision\logs\orion_native.log.1:9638,,[],delivery_legacy,,,,,,,,True,0.0,502.71,detect_loop,released,False,,,1789940833791.0,False,2,77,1,,1789940834411.111,77,0.1813,C:\Users\aaron\Desktop\NexusVision\logs\orion_native.log.1:9641,1,0.0,session_20260920_164027,Standstill,C:\Users\aaron\Desktop\NexusVision\logs\orion_native.log.1:9640
,,,134.31,,,False,78,C:\Users\aaron\Desktop\NexusVision\logs\orion_native.log.1:9707,False,1789940839358.1,66.0,,unknown,[],30.25,[],0,78,[],,,,,EARLY,637.0,C:\Users\aaron\Desktop\NexusVision\logs\orion_native.log.1:9706,7.398000000000025,[],delivery_legacy,97.2,C:\Users\aaron\Desktop\NexusVision\logs\orion_native.log.1:9747,95.65,6.370499999999993,8.589637018564684,1.5499999999999972,,True,0.0,502.69,detect_loop,released,True,7.398000000000004,1.8,1789940837274.0,False,2,78,1,,1789940837910.9585,78,0.1786,C:\Users\aaron\Desktop\NexusVision\logs\orion_native.log.1:9709,1,0.0,session_20260920_164027,Standstill,C:\Users\aaron\Desktop\NexusVision\logs\orion_native.log.1:9708
,,,141.71000000000004,,,False,79,C:\Users\aaron\Desktop\NexusVision\logs\orion_native.log.1:9789,False,1789940841754.1,77.0,,unknown,[],27.333,[],0,79,[],,,,,EXCELLENT,690.6,C:\Users\aaron\Desktop\NexusVision\logs\orion_native.log.1:9788,11.09699999999998,[],delivery_legacy,97.1,C:\Users\aaron\Desktop\NexusVision\logs\orion_native.log.1:9827,93.61,14.343899999999962,19.205370900286127,3.489999999999995,,True,0.0,548.89,detect_loop,released,True,11.508000000000006,2.8,1789940839762.0,False,2,79,1,,1789940840452.644,79,0.1794,C:\Users\aaron\Desktop\NexusVision\logs\orion_native.log.1:9791,1,-0.0,session_20260920_164027,Standstill,C:\Users\aaron\Desktop\NexusVision\logs\orion_native.log.1:9790
,,,137.24,,,False,80,C:\Users\aaron\Desktop\NexusVision\logs\orion_native.log.1:9870,False,1789940844555.1,72.0,,unknown,[],26.75,[],0,80,[],,,,,LATE,684.9,C:\Users\aaron\Desktop\NexusVision\logs\orion_native.log.1:9869,15.206999999999994,[],delivery_legacy,97.16,C:\Users\aaron\Desktop\NexusVision\logs\orion_native.log.1:9908,93.48,15.124799999999937,20.47287899860914,3.6799999999999926,,True,0.0,547.66,detect_loop,released,True,15.20700000000001,3.7,1789940842563.0,False,2,80,1,,1789940843247.8967,80,0.179,C:\Users\aaron\Desktop\NexusVision\logs\orion_native.log.1:9872,1,0.0,session_20260920_164027,Standstill,C:\Users\aaron\Desktop\NexusVision\logs\orion_native.log.1:9871
,,,119.49000000000001,,,False,81,C:\Users\aaron\Desktop\NexusVision\logs\orion_native.log.1:9950,False,1789940847654.8,53.0,,unknown,[],28.5,[],0,81,[],,,,,LATE,720.4,C:\Users\aaron\Desktop\NexusVision\logs\orion_native.log.1:9949,11.09699999999998,[],delivery_legacy,97.21,C:\Users\aaron\Desktop\NexusVision\logs\orion_native.log.1:9990,94.14,12.617700000000013,17.65991716520935,3.069999999999993,,True,0.0,600.91,detect_loop,released,True,11.508000000000006,2.8,1789940845226.0,False,2,81,1,,1789940845946.3772,81,0.1738,C:\Users\aaron\Desktop\NexusVision\logs\orion_native.log.1:9952,1,0.0,session_20260920_164027,Standstill,C:\Users\aaron\Desktop\NexusVision\logs\orion_native.log.1:9951
,,,119.27999999999997,,,False,82,C:\Users\aaron\Desktop\NexusVision\logs\orion_native.log.1:10033,False,1789940849857.9,51.0,,unknown,[],28.75,[],0,82,[],,,,,EXCELLENT,722.3,C:\Users\aaron\Desktop\NexusVision\logs\orion_native.log.1:10032,11.508000000000038,[],delivery_legacy,97.25,C:\Users\aaron\Desktop\NexusVision\logs\orion_native.log.1:10070,94.47,11.425799999999981,15.830533568703384,2.780000000000001,,True,0.0,603.02,detect_loop,released,True,10.686000000000005,2.6,1789940847790.0,False,2,82,1,,1789940848512.2854,82,0.1744,C:\Users\aaron\Desktop\NexusVision\logs\orion_native.log.1:10035,1,0.0,session_20260920_164027,Standstill,C:\Users\aaron\Desktop\NexusVision\logs\orion_native.log.1:10034
,,,137.28999999999996,,,False,83,C:\Users\aaron\Desktop\NexusVision\logs\orion_native.log.1:10116,False,1789940852354.4,69.0,,unknown,[],29.917,[],0,83,[],,,,,EXCELLENT,672.5,C:\Users\aaron\Desktop\NexusVision\logs\orion_native.log.1:10115,7.397999999999968,[],delivery_legacy,97.56,C:\Users\aaron\Desktop\NexusVision\logs\orion_native.log.1:10154,95.72,7.562400000000025,10.368533754085446,1.8400000000000034,,True,0.0,535.21,detect_loop,released,True,6.987000000000004,1.7,1789940850292.0,False,2,83,1,,1789940850964.4675,83,0.1766,C:\Users\aaron\Desktop\NexusVision\logs\orion_native.log.1:10118,1,0.0,session_20260920_164027,Standstill,C:\Users\aaron\Desktop\NexusVision\logs\orion_native.log.1:10117
,,,134.36000000000007,,,False,84,C:\Users\aaron\Desktop\NexusVision\logs\orion_native.log.1:10198,False,1789940855490.0,65.0,,unknown,[],29.5,[],0,84,[],,,,,EARLY,618.7,C:\Users\aaron\Desktop\NexusVision\logs\orion_native.log.1:10197,7.398000000000025,[],delivery_legacy,97.13,C:\Users\aaron\Desktop\NexusVision\logs\orion_native.log.1:10240,95.39,7.151400000000024,12.95606850335067,1.7399999999999949,,True,0.0,484.34,detect_loop,released,True,5.343000000000003,1.3,1789940853042.0,False,2,84,1,,1789940853660.6555,84,0.1353,C:\Users\aaron\Desktop\NexusVision\logs\orion_native.log.1:10200,1,0.0,session_20260920_164027,Standstill,C:\Users\aaron\Desktop\NexusVision\logs\orion_native.log.1:10199
,,,137.22000000000003,,,False,85,C:\Users\aaron\Desktop\NexusVision\logs\orion_native.log.1:10280,False,1789940858105.4,72.0,,unknown,[],26.917,[],0,85,[],,,,,EXCELLENT,637.7,C:\Users\aaron\Desktop\NexusVision\logs\orion_native.log.1:10279,15.206999999999937,[],delivery_legacy,96.81,C:\Users\aaron\Desktop\NexusVision\logs\orion_native.log.1:10318,93.3,14.42610000000002,19.623190026276095,3.510000000000005,,True,0.0,500.48,detect_loop,released,True,15.20700000000001,3.7,1789940856076.0,False,2,85,1,,1789940856713.7422,85,0.1774,C:\Users\aaron\Desktop\NexusVision\logs\orion_native.log.1:10282,1,0.0,session_20260920_164027,Standstill,C:\Users\aaron\Desktop\NexusVision\logs\orion_native.log.1:10281
,,,153.95999999999998,,,False,86,C:\Users\aaron\Desktop\NexusVision\logs\orion_native.log.1:10360,False,1789940864302.8,87.0,,unknown,[],30.083,[],0,86,[],,,,,LATE,647.5,C:\Users\aaron\Desktop\NexusVision\logs\orion_native.log.1:10359,7.398000000000025,[],delivery_legacy,96.54,C:\Users\aaron\Desktop\NexusVision\logs\orion_native.log.1:10399,95.01,6.2882999999999925,8.24442289039768,1.5300000000000011,,True,0.0,493.54,detect_loop,released,True,5.343000000000003,1.3,1789940860449.0,False,2,86,1,,1789940861096.4587,86,0.183,C:\Users\aaron\Desktop\NexusVision\logs\orion_native.log.1:10362,1,-0.0,session_20260920_164027,Standstill,C:\Users\aaron\Desktop\NexusVision\logs\orion_native.log.1:10361
,,,137.16999999999996,,,False,87,C:\Users\aaron\Desktop\NexusVision\logs\orion_native.log.1:10435,False,1789940864805.0,68.0,,unknown,[],26.5,[],0,87,[],,,,,EXCELLENT,635.8,C:\Users\aaron\Desktop\NexusVision\logs\orion_native.log.1:10434,18.90599999999995,[],delivery_legacy,96.65,C:\Users\aaron\Desktop\NexusVision\logs\orion_native.log.1:10477,92.88,15.49470000000008,21.396140749148753,3.7700000000000102,,True,0.0,498.63,detect_loop,released,True,15.618000000000007,3.8,1789940862845.0,False,2,87,1,,1789940863480.8132,87,0.1747,C:\Users\aaron\Desktop\NexusVision\logs\orion_native.log.1:10437,1,0.0,session_20260920_164027,Standstill,C:\Users\aaron\Desktop\NexusVision\logs\orion_native.log.1:10436
,,,135.9799999999999,,,False,88,C:\Users\aaron\Desktop\NexusVision\logs\orion_native.log.1:10517,False,1789940869898.6,,,unknown,[],,[],0,88,[],,,,,,773.8,C:\Users\aaron\Desktop\NexusVision\logs\orion_native.log.1:10516,3.6989999999999554,[],delivery_legacy,96.97,C:\Users\aaron\Desktop\NexusVision\logs\orion_native.log.1:10556,96.05,3.7812000000000126,5.05967112137712,0.9200000000000017,,True,0.0,637.82,detect_loop,released,False,,,1789940865588.0,False,2,88,1,,1789940866361.7769,88,0.1802,C:\Users\aaron\Desktop\NexusVision\logs\orion_native.log.1:10519,1,0.0,session_20260920_164027,Standstill,C:\Users\aaron\Desktop\NexusVision\logs\orion_native.log.1:10518
,,,,,,False,,,False,1789940870455.1,,,unknown,[],,[],0,89,[],,,,,,,,,[],,,,,,,,,True,0.0,841.98,detect_loop,disarmed,False,,,1789940868067.0,False,,89,1,,,,,,,,session_20260920_164027,Standstill,
,,,119.24000000000001,,,False,89,C:\Users\aaron\Desktop\NexusVision\logs\orion_native.log.1:10618,False,1789940873370.9,,,unknown,[],,[],0,90,[],,,,,LATE,680.2,C:\Users\aaron\Desktop\NexusVision\logs\orion_native.log.1:10617,,[],delivery_legacy,,,,,,,,True,0.0,560.96,detect_loop,released,False,,,1789940871331.0,False,2,90,1,,1789940872011.175,89,0.1572,C:\Users\aaron\Desktop\NexusVision\logs\orion_native.log.1:10620,1,0.0,session_20260920_164027,Standstill,C:\Users\aaron\Desktop\NexusVision\logs\orion_native.log.1:10619
,,,119.33000000000004,,,False,90,C:\Users\aaron\Desktop\NexusVision\logs\orion_native.log.1:10686,False,1789940876772.6,34.0,,unknown,[],33.75,[],0,91,[],,,,,LATE,692.1,C:\Users\aaron\Desktop\NexusVision\logs\orion_native.log.1:10685,,[],delivery_legacy,96.13,C:\Users\aaron\Desktop\NexusVision\logs\orion_native.log.1:10726,95.22,3.740099999999984,5.177220230983652,0.9099999999999966,,True,0.0,572.77,detect_loop,released,True,3.699000000000002,0.9,1789940874669.0,False,2,91,1,,1789940875361.075,90,0.1755,C:\Users\aaron\Desktop\NexusVision\logs\orion_native.log.1:10688,1,0.0,session_20260920_164027,Standstill,C:\Users\aaron\Desktop\NexusVision\logs\orion_native.log.1:10687
,,,119.17000000000007,,,False,91,C:\Users\aaron\Desktop\NexusVision\logs\orion_native.log.1:10762,False,1789940879572.1,,,unknown,[],35.167,[],0,92,[],,,,,LATE,722.6,C:\Users\aaron\Desktop\NexusVision\logs\orion_native.log.1:10761,3.6989999999999554,[],delivery_legacy,96.69,C:\Users\aaron\Desktop\NexusVision\logs\orion_native.log.1:10801,95.77,3.7812000000000126,5.234112760994491,0.9200000000000017,,True,0.0,603.43,detect_loop,released,False,,,1789940877472.0,False,2,92,1,,1789940878194.6477,91,0.1754,C:\Users\aaron\Desktop\NexusVision\logs\orion_native.log.1:10764,1,-0.0,session_20260920_164027,Standstill,C:\Users\aaron\Desktop\NexusVision\logs\orion_native.log.1:10763
,,,154.04999999999995,,,False,92,C:\Users\aaron\Desktop\NexusVision\logs\orion_native.log.1:10839,False,1789940883074.3,89.0,,unknown,[],33.25,[],0,93,[],,,,,EXCELLENT,651.8,C:\Users\aaron\Desktop\NexusVision\logs\orion_native.log.1:10838,4.110000000000014,[],delivery_legacy,96.36,C:\Users\aaron\Desktop\NexusVision\logs\orion_native.log.1:10878,95.44,3.7812000000000126,4.951560818083971,0.9200000000000017,,True,0.0,497.75,detect_loop,released,True,3.699000000000002,0.9,1789940880977.0,False,2,93,1,,1789940881628.7524,92,0.1838,C:\Users\aaron\Desktop\NexusVision\logs\orion_native.log.1:10841,1,0.0,session_20260920_164027,Standstill,C:\Users\aaron\Desktop\NexusVision\logs\orion_native.log.1:10840
,,,135.96000000000004,,,False,93,C:\Users\aaron\Desktop\NexusVision\logs\orion_native.log.1:10915,False,1789940886202.6,67.0,,unknown,[],29.5,[],0,94,[],,,,,EARLY,707.5,C:\Users\aaron\Desktop\NexusVision\logs\orion_native.log.1:10914,7.808999999999969,[],delivery_legacy,96.41,C:\Users\aaron\Desktop\NexusVision\logs\orion_native.log.1:10954,94.62,7.356899999999996,9.904277098434084,1.789999999999992,,True,0.0,571.54,detect_loop,released,True,7.398000000000004,1.8,1789940884020.0,False,2,94,1,,1789940884727.4514,93,0.1791,C:\Users\aaron\Desktop\NexusVision\logs\orion_native.log.1:10917,1,0.0,session_20260920_164027,Standstill,C:\Users\aaron\Desktop\NexusVision\logs\orion_native.log.1:10916
,,,153.94,,,False,94,C:\Users\aaron\Desktop\NexusVision\logs\orion_native.log.1:10998,False,1789940888603.4,88.0,,unknown,[],27.833,[],0,95,[],,,,,EXCELLENT,654.5,C:\Users\aaron\Desktop\NexusVision\logs\orion_native.log.1:10997,11.507999999999981,[],delivery_legacy,96.29,C:\Users\aaron\Desktop\NexusVision\logs\orion_native.log.1:11037,92.62,15.083700000000022,19.901306870560177,3.6700000000000017,,True,0.0,500.56,detect_loop,released,True,11.508000000000006,2.8,1789940886608.0,False,2,95,1,,1789940887262.4846,94,0.1822,C:\Users\aaron\Desktop\NexusVision\logs\orion_native.log.1:11000,1,0.0,session_20260920_164027,Standstill,C:\Users\aaron\Desktop\NexusVision\logs\orion_native.log.1:10999
,,,148.51999999999998,,,False,95,C:\Users\aaron\Desktop\NexusVision\logs\orion_native.log.1:11077,False,1789940891205.6,79.0,,unknown,[],28.833,[],0,96,[],,,,,EXCELLENT,658.0,C:\Users\aaron\Desktop\NexusVision\logs\orion_native.log.1:11076,7.809000000000026,[],delivery_legacy,96.63,C:\Users\aaron\Desktop\NexusVision\logs\orion_native.log.1:11120,93.88,11.302500000000009,14.88578542816932,2.75,,True,0.0,509.48,detect_loop,released,True,3.699000000000002,0.9,1789940889182.0,False,2,96,1,,1789940889839.9592,95,0.1822,C:\Users\aaron\Desktop\NexusVision\logs\orion_native.log.1:11079,1,0.0,session_20260920_164027,Standstill,C:\Users\aaron\Desktop\NexusVision\logs\orion_native.log.1:11078
,,,137.24,,,False,96,C:\Users\aaron\Desktop\NexusVision\logs\orion_native.log.1:11161,False,1789940893805.2,2.0,,unknown,[],32.917,[],0,97,[],,,,,EXCELLENT,662.2,C:\Users\aaron\Desktop\NexusVision\logs\orion_native.log.1:11160,3.6990000000000123,[],delivery_legacy,96.36,C:\Users\aaron\Desktop\NexusVision\logs\orion_native.log.1:11201,95.45,3.740099999999984,4.884070416487744,0.9099999999999966,,True,0.0,524.96,detect_loop,released,False,3.699000000000002,0.9,1789940891800.0,False,2,97,1,,1789940892462.1775,96,0.1848,C:\Users\aaron\Desktop\NexusVision\logs\orion_native.log.1:11163,1,0.0,session_20260920_164027,Standstill,C:\Users\aaron\Desktop\NexusVision\logs\orion_native.log.1:11162
,,,153.88,,,False,97,C:\Users\aaron\Desktop\NexusVision\logs\orion_native.log.1:11242,False,1789940896302.8,86.0,,unknown,[],20.833,[],0,98,[],,,,,EXCELLENT,648.1,C:\Users\aaron\Desktop\NexusVision\logs\orion_native.log.1:11241,26.303999999999974,[],delivery_legacy,96.6,C:\Users\aaron\Desktop\NexusVision\logs\orion_native.log.1:11280,90.18,26.386199999999974,34.315035544390334,6.4199999999999875,,True,0.0,494.22,detect_loop,released,True,25.482000000000014,6.2,1789940894447.0,False,2,98,1,,1789940895095.1304,97,0.1847,C:\Users\aaron\Desktop\NexusVision\logs\orion_native.log.1:11244,1,0.0,session_20260920_164027,Standstill,C:\Users\aaron\Desktop\NexusVision\logs\orion_native.log.1:11243
,,,102.58999999999992,,,False,98,C:\Users\aaron\Desktop\NexusVision\logs\orion_native.log.1:11319,False,1789940899802.6,37.0,,unknown,[],26.25,[],0,99,[],,,,,EARLY,762.3,C:\Users\aaron\Desktop\NexusVision\logs\orion_native.log.1:11318,15.206999999999994,[],delivery_legacy,96.78,C:\Users\aaron\Desktop\NexusVision\logs\orion_native.log.1:11358,93.17,14.83710000000002,20.379360957434795,3.6099999999999994,,True,0.0,659.71,detect_loop,released,True,13.563000000000006,3.3,1789940897048.0,False,2,99,1,,1789940897810.3145,98,0.1764,C:\Users\aaron\Desktop\NexusVision\logs\orion_native.log.1:11321,1,0.02,session_20260920_164027,Standstill,C:\Users\aaron\Desktop\NexusVision\logs\orion_native.log.1:11320
,,,120.64000000000004,,,False,99,C:\Users\aaron\Desktop\NexusVision\logs\orion_native.log.1:11399,False,1789940902418.9,51.0,,unknown,[],24.167,[],0,100,[],,,,,EXCELLENT,624.2,C:\Users\aaron\Desktop\NexusVision\logs\orion_native.log.1:11398,18.90599999999995,[],delivery_legacy,96.83,C:\Users\aaron\Desktop\NexusVision\logs\orion_native.log.1:11439,93.1,15.330300000000022,20.59294429415339,3.730000000000004,,True,0.0,503.56,detect_loop,released,True,18.90600000000001,4.6,1789940900504.0,False,2,100,1,,1789940901128.1536,99,0.1794,C:\Users\aaron\Desktop\NexusVision\logs\orion_native.log.1:11401,1,0.0,session_20260920_164027,Standstill,C:\Users\aaron\Desktop\NexusVision\logs\orion_native.log.1:11400
,,,137.48000000000002,,,False,100,C:\Users\aaron\Desktop\NexusVision\logs\orion_native.log.1:11480,False,1789940906351.0,69.0,,unknown,[],23.667,[],0,101,[],,,,,LATE,691.0,C:\Users\aaron\Desktop\NexusVision\logs\orion_native.log.1:11479,15.20700000000005,[],delivery_legacy,96.73,C:\Users\aaron\Desktop\NexusVision\logs\orion_native.log.1:11520,91.16,22.89269999999999,30.442148986172636,5.570000000000007,,True,0.0,553.52,detect_loop,released,True,15.20700000000001,3.7,1789940904504.0,False,2,101,1,,1789940905194.9724,100,0.1806,C:\Users\aaron\Desktop\NexusVision\logs\orion_native.log.1:11482,1,0.0,session_20260920_164027,Standstill,C:\Users\aaron\Desktop\NexusVision\logs\orion_native.log.1:11481
,,,137.2700000000001,,,False,101,C:\Users\aaron\Desktop\NexusVision\logs\orion_native.log.1:11559,False,1789940908852.1,71.0,,unknown,[],23.75,[],0,102,[],,,,,EXCELLENT,692.7,C:\Users\aaron\Desktop\NexusVision\logs\orion_native.log.1:11558,15.20700000000005,[],delivery_legacy,96.5,C:\Users\aaron\Desktop\NexusVision\logs\orion_native.log.1:11598,90.98,22.68720000000002,30.913978494623635,5.519999999999996,,True,0.0,555.43,detect_loop,released,True,15.20700000000001,3.7,1789940906802.0,False,2,102,1,,1789940907494.6904,101,0.1768,C:\Users\aaron\Desktop\NexusVision\logs\orion_native.log.1:11561,1,0.0,session_20260920_164027,Standstill,C:\Users\aaron\Desktop\NexusVision\logs\orion_native.log.1:11560
,,,122.21000000000004,,,False,102,C:\Users\aaron\Desktop\NexusVision\logs\orion_native.log.1:11639,False,1789940911252.5,54.0,,unknown,[],23.75,[],0,103,[],,,,,EXCELLENT,725.6,C:\Users\aaron\Desktop\NexusVision\logs\orion_native.log.1:11638,15.20700000000005,[],delivery_legacy,96.5,C:\Users\aaron\Desktop\NexusVision\logs\orion_native.log.1:11678,90.98,22.68720000000002,31.878031878031855,5.519999999999996,,True,0.0,603.39,detect_loop,released,True,15.20700000000001,3.7,1789940909237.0,False,2,103,1,,1789940909962.6367,102,0.173,C:\Users\aaron\Desktop\NexusVision\logs\orion_native.log.1:11641,1,0.0,session_20260920_164027,Standstill,C:\Users\aaron\Desktop\NexusVision\logs\orion_native.log.1:11640
,,,,,,False,,,False,1789941589080.0,,,unknown,[],,[],0,1,[],,,,,,,,,[],,,,,,,,,True,0.0,,,disarmed,False,,,1789941587814.0,False,,1,1,,,,,,,,session_20260920_165901,Standstill,
,,,134.28999999999996,,,False,1,C:\Users\aaron\Desktop\NexusVision\logs\orion_native.log.1:11909,False,1789941593884.4,48.0,WIDE OPEN,open,[],24.667,[],0,2,[],,,,,EARLY,604.8,C:\Users\aaron\Desktop\NexusVision\logs\orion_native.log.1:11908,18.495000000000005,[],delivery_legacy,95.47,C:\Users\aaron\Desktop\NexusVision\logs\orion_native.log.1:11949,90.33,21.125400000000013,28.805200627661964,5.140000000000001,,True,0.0,470.51,detect_loop,released,True,18.90600000000001,4.6,1789941592320.0,False,3,2,1,,1789941592924.781,1,0.175,C:\Users\aaron\Desktop\NexusVision\logs\orion_native.log.1:11911,1,0.0,session_20260920_165901,Standstill,C:\Users\aaron\Desktop\NexusVision\logs\orion_native.log.1:11910
,,,191.09000000000003,,,False,2,C:\Users\aaron\Desktop\NexusVision\logs\orion_native.log.1:11998,False,1789941600036.5,,WIDE OPEN,open,[],23.833,[],0,3,[],,,,,EXCELLENT,513.7,C:\Users\aaron\Desktop\NexusVision\logs\orion_native.log.1:11997,22.67700000000002,[],delivery_legacy,95.25,C:\Users\aaron\Desktop\NexusVision\logs\orion_native.log.1:12037,87.25,33.1275,41.09518672625469,8.0,,True,0.0,322.61,detect_loop,released,False,33.70200000000001,8.2,1789941598567.0,False,3,3,1,,1789941599080.7107,2,0.1941,C:\Users\aaron\Desktop\NexusVision\logs\orion_native.log.1:12000,1,0.0,session_20260920_165901,Standstill,C:\Users\aaron\Desktop\NexusVision\logs\orion_native.log.1:11999
,,,223.11,,,False,3,C:\Users\aaron\Desktop\NexusVision\logs\orion_native.log.1:12089,False,1789941605334.1,153.0,WIDE OPEN,open,[],23.833,[],0,4,[],,,,,EXCELLENT,538.5,C:\Users\aaron\Desktop\NexusVision\logs\orion_native.log.1:12088,18.906000000000006,[],delivery_legacy,95.26,C:\Users\aaron\Desktop\NexusVision\logs\orion_native.log.1:12127,87.92,30.354600000000005,36.93453429275904,7.340000000000003,,True,0.0,315.39,detect_loop,released,True,20.139000000000014,4.9,1789941603991.0,False,3,4,1,,1789941604529.4543,3,0.1969,C:\Users\aaron\Desktop\NexusVision\logs\orion_native.log.1:12091,1,0.0,session_20260920_165901,Standstill,C:\Users\aaron\Desktop\NexusVision\logs\orion_native.log.1:12090
,,,245.21000000000004,,,False,4,C:\Users\aaron\Desktop\NexusVision\logs\orion_native.log.1:12168,False,1789941608534.9,181.0,WIDE OPEN,open,[],24.333,[],0,5,[],,,,,EXCELLENT,565.2,C:\Users\aaron\Desktop\NexusVision\logs\orion_native.log.1:12167,18.906000000000006,[],delivery_legacy,95.34,C:\Users\aaron\Desktop\NexusVision\logs\orion_native.log.1:12208,90.72,18.988200000000006,22.739577693557145,4.6200000000000045,,True,0.0,319.99,detect_loop,released,True,19.72800000000001,4.8,1789941607303.0,False,3,5,1,,1789941607868.183,4,0.2014,C:\Users\aaron\Desktop\NexusVision\logs\orion_native.log.1:12170,1,0.0,session_20260920_165901,Standstill,C:\Users\aaron\Desktop\NexusVision\logs\orion_native.log.1:12169
,,,245.16000000000003,,,False,5,C:\Users\aaron\Desktop\NexusVision\logs\orion_native.log.1:12242,False,1789941611436.7,173.0,WIDE OPEN,open,[],,[],0,6,[],,,,,EXCELLENT,572.6,C:\Users\aaron\Desktop\NexusVision\logs\orion_native.log.1:12241,22.605000000000018,[],delivery_legacy,94.97,C:\Users\aaron\Desktop\NexusVision\logs\orion_native.log.1:12282,90.89,16.7688,20.008827423863462,4.079999999999998,,True,0.0,327.44,detect_loop,released,True,22.194000000000013,5.4,1789941610245.0,False,3,6,1,,1789941610817.5945,5,0.2019,C:\Users\aaron\Desktop\NexusVision\logs\orion_native.log.1:12244,1,0.0,session_20260920_165901,Standstill,C:\Users\aaron\Desktop\NexusVision\logs\orion_native.log.1:12243
,,,244.90999999999997,,,False,1,C:\Users\aaron\Desktop\NexusVision\logs\orion_native.log.1:12432,False,1789941639139.5,176.0,WIDE OPEN,open,[],25.333,[],0,1,[],,,,,LATE,593.3,C:\Users\aaron\Desktop\NexusVision\logs\orion_native.log.1:12431,23.015999999999963,[],delivery_legacy,97.6,C:\Users\aaron\Desktop\NexusVision\logs\orion_native.log.1:12472,92.76,19.892399999999952,23.400860610162884,4.839999999999989,,False,0.0,348.39,detect_loop,released,True,19.31700000000001,4.7,1789941637695.0,False,4,1,1,,1789941638288.2883,1,0.2044,C:\Users\aaron\Desktop\NexusVision\logs\orion_native.log.1:12434,1,0.0,session_20260920_170027,Standstill,C:\Users\aaron\Desktop\NexusVision\logs\orion_native.log.1:12433
,,,228.50999999999993,,,False,2,C:\Users\aaron\Desktop\NexusVision\logs\orion_native.log.1:12511,False,1789941641538.0,,WIDE OPEN,open,[],,[],0,2,[],,,,,EXCELLENT,545.3,C:\Users\aaron\Desktop\NexusVision\logs\orion_native.log.1:12510,18.906000000000006,[],delivery_legacy,98.95,C:\Users\aaron\Desktop\NexusVision\logs\orion_native.log.1:12548,94.33,18.988200000000063,23.287464085891447,4.6200000000000045,,False,0.0,316.79,detect_loop,released,False,18.90600000000001,4.6,1789941640343.0,False,4,2,1,,1789941640888.258,2,0.1969,C:\Users\aaron\Desktop\NexusVision\logs\orion_native.log.1:12513,1,0.0,session_20260920_170027,Standstill,C:\Users\aaron\Desktop\NexusVision\logs\orion_native.log.1:12512
,,,228.43,,,False,3,C:\Users\aaron\Desktop\NexusVision\logs\orion_native.log.1:12586,False,1789941644541.8,152.0,WIDE OPEN,open,[],24.833,[],0,3,[],,,,,EXCELLENT,609.6,C:\Users\aaron\Desktop\NexusVision\logs\orion_native.log.1:12585,18.90599999999995,[],delivery_legacy,96.71,C:\Users\aaron\Desktop\NexusVision\logs\orion_native.log.1:12626,92.13,18.823800000000006,22.24488804701539,4.579999999999998,,False,0.0,381.17,detect_loop,released,True,18.90600000000001,4.6,1789941643246.0,False,4,3,1,,1789941643855.6067,3,0.2035,C:\Users\aaron\Desktop\NexusVision\logs\orion_native.log.1:12588,1,0.0,session_20260920_170027,Standstill,C:\Users\aaron\Desktop\NexusVision\logs\orion_native.log.1:12587
,,,245.07999999999998,,,False,4,C:\Users\aaron\Desktop\NexusVision\logs\orion_native.log.1:12659,False,1789941647437.9,180.0,WIDE OPEN,open,[],24.25,[],0,4,[],,,,,EXCELLENT,592.0,C:\Users\aaron\Desktop\NexusVision\logs\orion_native.log.1:12658,22.60499999999996,[],delivery_legacy,95.94,C:\Users\aaron\Desktop\NexusVision\logs\orion_native.log.1:12700,92.13,15.659100000000024,18.6262527499389,3.8100000000000023,,False,0.0,346.92,detect_loop,released,True,22.60500000000001,5.5,1789941646213.0,False,4,4,1,,1789941646805.021,4,0.2021,C:\Users\aaron\Desktop\NexusVision\logs\orion_native.log.1:12661,1,0.0,session_20260920_170027,Standstill,C:\Users\aaron\Desktop\NexusVision\logs\orion_native.log.1:12660
,,,244.92999999999995,,,False,5,C:\Users\aaron\Desktop\NexusVision\logs\orion_native.log.1:12735,False,1789941650572.2,174.0,WIDE OPEN,open,[],23.833,[],0,5,[],,,,,EXCELLENT,592.3,C:\Users\aaron\Desktop\NexusVision\logs\orion_native.log.1:12734,18.906000000000006,[],delivery_legacy,96.43,C:\Users\aaron\Desktop\NexusVision\logs\orion_native.log.1:12774,89.6,28.107300000000066,33.902511664846685,6.8300000000000125,,False,0.0,347.37,detect_loop,released,True,18.90600000000001,4.6,1789941649246.0,False,4,5,1,,1789941649838.3042,5,0.2001,C:\Users\aaron\Desktop\NexusVision\logs\orion_native.log.1:12737,1,0.0,session_20260920_170027,Standstill,C:\Users\aaron\Desktop\NexusVision\logs\orion_native.log.1:12736
,,,245.04000000000002,,,False,6,C:\Users\aaron\Desktop\NexusVision\logs\orion_native.log.1:12809,False,1789941653787.0,180.0,WIDE OPEN,open,[],24.833,[],0,6,[],,,,,EXCELLENT,561.6,C:\Users\aaron\Desktop\NexusVision\logs\orion_native.log.1:12808,18.906000000000063,[],delivery_legacy,96.75,C:\Users\aaron\Desktop\NexusVision\logs\orion_native.log.1:12849,92.23,18.577200000000005,21.85158327290305,4.519999999999996,,False,0.0,316.56,detect_loop,released,True,18.90600000000001,4.6,1789941652492.0,False,4,6,1,,1789941653053.6428,6,0.2041,C:\Users\aaron\Desktop\NexusVision\logs\orion_native.log.1:12811,1,0.0,session_20260920_170027,Standstill,C:\Users\aaron\Desktop\NexusVision\logs\orion_native.log.1:12810
,,,245.24999999999994,,,False,7,C:\Users\aaron\Desktop\NexusVision\logs\orion_native.log.1:12883,False,1789941656685.5,177.0,WIDE OPEN,open,[],,[],0,7,[],,,,,EXCELLENT,612.3,C:\Users\aaron\Desktop\NexusVision\logs\orion_native.log.1:12882,18.906000000000006,[],delivery_legacy,96.83,C:\Users\aaron\Desktop\NexusVision\logs\orion_native.log.1:12921,92.25,18.823800000000006,22.644121427865116,4.579999999999998,,False,0.0,367.05,detect_loop,released,True,19.72800000000001,4.8,1789941655391.0,False,4,7,1,,1789941656003.2842,7,0.2007,C:\Users\aaron\Desktop\NexusVision\logs\orion_native.log.1:12885,1,-0.0,session_20260920_170027,Standstill,C:\Users\aaron\Desktop\NexusVision\logs\orion_native.log.1:12884
,,,244.98999999999995,,,False,8,C:\Users\aaron\Desktop\NexusVision\logs\orion_native.log.1:12957,False,1789941659585.7,175.0,WIDE OPEN,open,[],24.667,[],0,8,[],,,,,EXCELLENT,552.8,C:\Users\aaron\Desktop\NexusVision\logs\orion_native.log.1:12956,22.605000000000018,[],delivery_legacy,96.69,C:\Users\aaron\Desktop\NexusVision\logs\orion_native.log.1:12997,92.1,18.864900000000034,22.32707461815353,4.590000000000003,,False,0.0,307.81,detect_loop,released,True,19.72800000000001,4.8,1789941658384.0,False,4,8,1,,1789941658936.784,8,0.2029,C:\Users\aaron\Desktop\NexusVision\logs\orion_native.log.1:12959,1,0.0,session_20260920_170027,Standstill,C:\Users\aaron\Desktop\NexusVision\logs\orion_native.log.1:12958
,,,244.86,,,False,9,C:\Users\aaron\Desktop\NexusVision\logs\orion_native.log.1:13032,False,1789941662586.0,179.0,WIDE OPEN,open,[],23.833,[],0,9,[],,,,,EXCELLENT,625.0,C:\Users\aaron\Desktop\NexusVision\logs\orion_native.log.1:13031,22.605000000000018,[],delivery_legacy,95.06,C:\Users\aaron\Desktop\NexusVision\logs\orion_native.log.1:13072,90.35,19.358100000000036,23.017152910130516,4.710000000000008,,False,0.0,380.14,detect_loop,released,True,22.60500000000001,5.5,1789941661262.0,False,4,9,1,,1789941661887.0337,9,0.2025,C:\Users\aaron\Desktop\NexusVision\logs\orion_native.log.1:13034,1,0.0,session_20260920_170027,Standstill,C:\Users\aaron\Desktop\NexusVision\logs\orion_native.log.1:13033
,,,245.22999999999996,,,False,10,C:\Users\aaron\Desktop\NexusVision\logs\orion_native.log.1:13105,False,1789941665503.0,181.0,WIDE OPEN,open,[],23.833,[],0,10,[],,,,,EXCELLENT,552.8,C:\Users\aaron\Desktop\NexusVision\logs\orion_native.log.1:13104,22.605000000000018,[],delivery_legacy,96.9,C:\Users\aaron\Desktop\NexusVision\logs\orion_native.log.1:13145,90.4,26.715000000000032,31.947311510862086,6.5,,False,0.0,307.57,detect_loop,released,True,22.60500000000001,5.5,1789941664267.0,False,4,10,1,,1789941664819.8083,10,0.2017,C:\Users\aaron\Desktop\NexusVision\logs\orion_native.log.1:13107,1,0.0,session_20260920_170027,Standstill,C:\Users\aaron\Desktop\NexusVision\logs\orion_native.log.1:13106
,,,245.09000000000003,,,False,11,C:\Users\aaron\Desktop\NexusVision\logs\orion_native.log.1:13179,False,1789941668725.1,177.0,WIDE OPEN,open,[],23.833,[],0,11,[],,,,,EXCELLENT,571.7,C:\Users\aaron\Desktop\NexusVision\logs\orion_native.log.1:13178,18.906000000000063,[],delivery_legacy,97.22,C:\Users\aaron\Desktop\NexusVision\logs\orion_native.log.1:13220,90.38,28.11239999999998,33.621706645694076,6.840000000000003,,False,0.0,326.61,detect_loop,released,True,18.90600000000001,4.6,1789941667248.0,False,4,11,1,,1789941667819.7288,11,0.2017,C:\Users\aaron\Desktop\NexusVision\logs\orion_native.log.1:13181,1,0.0,session_20260920_170027,Standstill,C:\Users\aaron\Desktop\NexusVision\logs\orion_native.log.1:13180
,,,245.24000000000007,,,False,12,C:\Users\aaron\Desktop\NexusVision\logs\orion_native.log.1:13253,False,1789941671519.9,179.0,WIDE OPEN,open,[],23.833,[],0,12,[],,,,,EXCELLENT,561.2,C:\Users\aaron\Desktop\NexusVision\logs\orion_native.log.1:13252,23.015999999999963,[],delivery_legacy,97.48,C:\Users\aaron\Desktop\NexusVision\logs\orion_native.log.1:13295,90.66,28.030200000000036,34.228356336261015,6.820000000000007,,False,0.0,315.96,detect_loop,released,True,20.55000000000001,5.0,1789941670208.0,False,4,12,1,,1789941670769.1743,12,0.1982,C:\Users\aaron\Desktop\NexusVision\logs\orion_native.log.1:13255,1,0.0,session_20260920_170027,Standstill,C:\Users\aaron\Desktop\NexusVision\logs\orion_native.log.1:13254
,,,245.01,,,False,13,C:\Users\aaron\Desktop\NexusVision\logs\orion_native.log.1:13330,False,1789941674421.1,179.0,WIDE OPEN,open,[],23.833,[],0,13,[],,,,,EXCELLENT,555.5,C:\Users\aaron\Desktop\NexusVision\logs\orion_native.log.1:13329,22.605000000000018,[],delivery_legacy,97.5,C:\Users\aaron\Desktop\NexusVision\logs\orion_native.log.1:13369,90.9,27.126000000000033,32.354527182705006,6.599999999999994,,False,0.0,310.49,detect_loop,released,True,22.60500000000001,5.5,1789941673164.0,False,4,13,1,,1789941673719.544,13,0.2019,C:\Users\aaron\Desktop\NexusVision\logs\orion_native.log.1:13332,1,0.0,session_20260920_170027,Standstill,C:\Users\aaron\Desktop\NexusVision\logs\orion_native.log.1:13331
,,,245.12,,,False,14,C:\Users\aaron\Desktop\NexusVision\logs\orion_native.log.1:13404,False,1789941677320.7,178.0,WIDE OPEN,open,[],23.833,[],0,14,[],,,,,EXCELLENT,662.4,C:\Users\aaron\Desktop\NexusVision\logs\orion_native.log.1:13403,22.605000000000018,[],delivery_legacy,97.51,C:\Users\aaron\Desktop\NexusVision\logs\orion_native.log.1:13445,90.72,27.906900000000007,33.285945389479906,6.790000000000006,,False,0.0,417.28,detect_loop,released,True,18.90600000000001,4.6,1789941675990.0,False,4,14,1,,1789941676652.428,14,0.2022,C:\Users\aaron\Desktop\NexusVision\logs\orion_native.log.1:13406,1,0.0,session_20260920_170027,Standstill,C:\Users\aaron\Desktop\NexusVision\logs\orion_native.log.1:13405
,,,245.22000000000003,,,False,15,C:\Users\aaron\Desktop\NexusVision\logs\orion_native.log.1:13481,False,1789941680220.0,178.0,WIDE OPEN,open,[],23.833,[],0,15,[],,,,,EXCELLENT,615.5,C:\Users\aaron\Desktop\NexusVision\logs\orion_native.log.1:13480,22.605000000000018,[],delivery_legacy,95.64,C:\Users\aaron\Desktop\NexusVision\logs\orion_native.log.1:13520,90.94,19.317000000000007,23.204147124166884,4.700000000000003,,False,0.0,370.28,detect_loop,released,True,21.783000000000012,5.3,1789941678970.0,False,4,15,1,,1789941679585.4592,15,0.2008,C:\Users\aaron\Desktop\NexusVision\logs\orion_native.log.1:13483,1,0.0,session_20260920_170027,Standstill,C:\Users\aaron\Desktop\NexusVision\logs\orion_native.log.1:13482
,,,245.17999999999995,,,False,16,C:\Users\aaron\Desktop\NexusVision\logs\orion_native.log.1:13555,False,1789941683386.2,181.0,WIDE OPEN,open,[],23.833,[],0,16,[],,,,,EXCELLENT,560.8,C:\Users\aaron\Desktop\NexusVision\logs\orion_native.log.1:13554,18.495000000000005,[],delivery_legacy,97.71,C:\Users\aaron\Desktop\NexusVision\logs\orion_native.log.1:13596,91.03,27.454799999999977,32.84007669239463,6.679999999999993,,False,0.0,315.62,detect_loop,released,True,21.37200000000001,5.2,1789941682058.0,False,4,16,1,,1789941682618.8018,16,0.2014,C:\Users\aaron\Desktop\NexusVision\logs\orion_native.log.1:13557,1,0.0,session_20260920_170027,Standstill,C:\Users\aaron\Desktop\NexusVision\logs\orion_native.log.1:13556
,,,245.10000000000002,,,False,17,C:\Users\aaron\Desktop\NexusVision\logs\orion_native.log.1:13630,False,1789941686286.8,176.0,WIDE OPEN,open,[],23.833,[],0,17,[],,,,,EXCELLENT,603.1,C:\Users\aaron\Desktop\NexusVision\logs\orion_native.log.1:13629,18.49500000000006,[],delivery_legacy,97.68,C:\Users\aaron\Desktop\NexusVision\logs\orion_native.log.1:13670,90.97,27.578100000000063,33.010281891080865,6.710000000000008,,False,0.0,358.0,detect_loop,released,True,22.60500000000001,5.5,1789941684949.0,False,4,17,1,,1789941685552.1345,17,0.2013,C:\Users\aaron\Desktop\NexusVision\logs\orion_native.log.1:13632,1,0.0,session_20260920_170027,Standstill,C:\Users\aaron\Desktop\NexusVision\logs\orion_native.log.1:13631
,,,245.0,,,False,18,C:\Users\aaron\Desktop\NexusVision\logs\orion_native.log.1:13704,False,1789941689185.0,180.0,WIDE OPEN,open,[],23.833,[],0,18,[],,,,,EXCELLENT,588.4,C:\Users\aaron\Desktop\NexusVision\logs\orion_native.log.1:13703,22.605000000000018,[],delivery_legacy,97.6,C:\Users\aaron\Desktop\NexusVision\logs\orion_native.log.1:13745,91.02,27.043800000000033,32.33733045016709,6.579999999999998,,False,0.0,343.4,detect_loop,released,True,19.31700000000001,4.7,1789941687897.0,False,4,18,1,,1789941688485.4414,18,0.2015,C:\Users\aaron\Desktop\NexusVision\logs\orion_native.log.1:13706,1,0.0,session_20260920_170027,Standstill,C:\Users\aaron\Desktop\NexusVision\logs\orion_native.log.1:13705
,,,245.12,,,False,19,C:\Users\aaron\Desktop\NexusVision\logs\orion_native.log.1:13779,False,1789941692083.5,180.0,WIDE OPEN,open,[],,[],0,19,[],,,,,EXCELLENT,563.0,C:\Users\aaron\Desktop\NexusVision\logs\orion_native.log.1:13778,18.90599999999995,[],delivery_legacy,97.84,C:\Users\aaron\Desktop\NexusVision\logs\orion_native.log.1:13818,91.11,27.660300000000063,33.188677384357455,6.730000000000004,,False,0.0,317.88,detect_loop,released,True,18.90600000000001,4.6,1789941690889.0,False,4,19,1,,1789941691451.9536,19,0.201,C:\Users\aaron\Desktop\NexusVision\logs\orion_native.log.1:13781,1,0.0,session_20260920_170027,Standstill,C:\Users\aaron\Desktop\NexusVision\logs\orion_native.log.1:13780
,,,245.24,,,False,20,C:\Users\aaron\Desktop\NexusVision\logs\orion_native.log.1:13857,False,1789941695084.1,175.0,WIDE OPEN,open,[],25.833,[],0,20,[],,,,,EXCELLENT,550.6,C:\Users\aaron\Desktop\NexusVision\logs\orion_native.log.1:13856,18.495000000000005,[],delivery_legacy,95.86,C:\Users\aaron\Desktop\NexusVision\logs\orion_native.log.1:13897,93.35,10.316100000000063,12.379167488656565,2.510000000000005,,False,0.0,305.36,detect_loop,released,True,18.90600000000001,4.6,1789941693868.0,False,4,20,1,,1789941694418.5564,20,0.2008,C:\Users\aaron\Desktop\NexusVision\logs\orion_native.log.1:13859,1,0.0,session_20260920_170027,Standstill,C:\Users\aaron\Desktop\NexusVision\logs\orion_native.log.1:13858
,,,245.34000000000003,,,False,21,C:\Users\aaron\Desktop\NexusVision\logs\orion_native.log.1:13931,False,1789941698017.2,178.0,WIDE OPEN,open,[],24.917,[],0,21,[],,,,,EXCELLENT,586.7,C:\Users\aaron\Desktop\NexusVision\logs\orion_native.log.1:13930,18.906000000000063,[],delivery_legacy,95.82,C:\Users\aaron\Desktop\NexusVision\logs\orion_native.log.1:13971,93.11,11.138099999999952,13.195053072353655,2.7099999999999937,,False,0.0,341.36,detect_loop,released,True,19.31700000000001,4.7,1789941696731.0,False,4,21,1,,1789941697317.6587,21,0.2032,C:\Users\aaron\Desktop\NexusVision\logs\orion_native.log.1:13933,1,0.0,session_20260920_170027,Standstill,C:\Users\aaron\Desktop\NexusVision\logs\orion_native.log.1:13932
,,,245.16000000000003,,,False,22,C:\Users\aaron\Desktop\NexusVision\logs\orion_native.log.1:14007,False,1789941701050.7,177.0,WIDE OPEN,open,[],24.417,[],0,22,[],,,,,EXCELLENT,619.2,C:\Users\aaron\Desktop\NexusVision\logs\orion_native.log.1:14006,18.90599999999995,[],delivery_legacy,97.71,C:\Users\aaron\Desktop\NexusVision\logs\orion_native.log.1:14047,93.13,18.82379999999995,22.464194624288787,4.579999999999998,,False,0.0,374.04,detect_loop,released,True,18.90600000000001,4.6,1789941699665.0,False,4,22,1,,1789941700284.1577,22,0.2016,C:\Users\aaron\Desktop\NexusVision\logs\orion_native.log.1:14009,1,0.0,session_20260920_170027,Standstill,C:\Users\aaron\Desktop\NexusVision\logs\orion_native.log.1:14008
,,,245.0,,,False,23,C:\Users\aaron\Desktop\NexusVision\logs\orion_native.log.1:14081,False,1789941704050.8,181.0,WIDE OPEN,open,[],,[],0,23,[],,,,,EXCELLENT,569.0,C:\Users\aaron\Desktop\NexusVision\logs\orion_native.log.1:14080,18.906000000000063,[],delivery_legacy,97.84,C:\Users\aaron\Desktop\NexusVision\logs\orion_native.log.1:14122,93.23,18.947100000000034,22.637988607346298,4.609999999999999,,False,0.0,324.0,detect_loop,released,True,20.139000000000014,4.9,1789941702832.0,False,4,23,1,,1789941703401.0427,23,0.2016,C:\Users\aaron\Desktop\NexusVision\logs\orion_native.log.1:14083,1,0.0,session_20260920_170027,Standstill,C:\Users\aaron\Desktop\NexusVision\logs\orion_native.log.1:14082
,,,245.14999999999998,,,False,24,C:\Users\aaron\Desktop\NexusVision\logs\orion_native.log.1:14156,False,1789941707550.9,179.0,WIDE OPEN,open,[],26.833,[],0,24,[],,,,,EXCELLENT,565.4,C:\Users\aaron\Desktop\NexusVision\logs\orion_native.log.1:14155,18.906000000000063,[],delivery_legacy,97.65,C:\Users\aaron\Desktop\NexusVision\logs\orion_native.log.1:14198,93.37,17.5908,20.992740827938007,4.280000000000001,,False,0.0,320.25,detect_loop,released,True,18.49500000000001,4.5,1789941706302.0,False,4,24,1,,1789941706867.4072,24,0.202,C:\Users\aaron\Desktop\NexusVision\logs\orion_native.log.1:14158,1,0.0,session_20260920_170027,Standstill,C:\Users\aaron\Desktop\NexusVision\logs\orion_native.log.1:14157
,,,245.04999999999995,,,False,25,C:\Users\aaron\Desktop\NexusVision\logs\orion_native.log.1:14234,False,1789941710950.8,181.0,WIDE OPEN,open,[],,[],0,25,[],,,,,EXCELLENT,552.8,C:\Users\aaron\Desktop\NexusVision\logs\orion_native.log.1:14233,15.206999999999937,[],delivery_legacy,97.83,C:\Users\aaron\Desktop\NexusVision\logs\orion_native.log.1:14274,94.42,14.015100000000018,16.862822668380954,3.4099999999999966,,False,0.0,307.75,detect_loop,released,True,12.741000000000007,3.1,1789941709648.0,False,4,25,1,,1789941710200.7507,25,0.2005,C:\Users\aaron\Desktop\NexusVision\logs\orion_native.log.1:14236,1,0.0,session_20260920_170027,Standstill,C:\Users\aaron\Desktop\NexusVision\logs\orion_native.log.1:14235
,,,245.08000000000004,,,False,26,C:\Users\aaron\Desktop\NexusVision\logs\orion_native.log.1:14307,False,1789941713968.2,176.0,WIDE OPEN,open,[],,[],0,26,[],,,,,EXCELLENT,660.2,C:\Users\aaron\Desktop\NexusVision\logs\orion_native.log.1:14306,14.795999999999992,[],delivery_legacy,97.82,C:\Users\aaron\Desktop\NexusVision\logs\orion_native.log.1:14348,94.11,15.248099999999965,17.756293672824704,3.7099999999999937,,False,0.0,415.12,detect_loop,released,True,15.20700000000001,3.7,1789941712524.0,False,4,26,1,,1789941713184.2227,26,0.207,C:\Users\aaron\Desktop\NexusVision\logs\orion_native.log.1:14309,1,0.0,session_20260920_170027,Standstill,C:\Users\aaron\Desktop\NexusVision\logs\orion_native.log.1:14308
,,,245.03000000000003,,,False,27,C:\Users\aaron\Desktop\NexusVision\logs\orion_native.log.1:14382,False,1789941716983.4,180.0,WIDE OPEN,open,[],27.5,[],0,27,[],,,,,EXCELLENT,582.2,C:\Users\aaron\Desktop\NexusVision\logs\orion_native.log.1:14381,15.20700000000005,[],delivery_legacy,97.87,C:\Users\aaron\Desktop\NexusVision\logs\orion_native.log.1:14422,93.62,17.467499999999973,20.760062524423603,4.25,,False,0.0,337.17,detect_loop,released,True,18.08400000000001,4.4,1789941715552.0,False,4,27,1,,1789941716134.16,27,0.2024,C:\Users\aaron\Desktop\NexusVision\logs\orion_native.log.1:14384,1,0.0,session_20260920_170027,Standstill,C:\Users\aaron\Desktop\NexusVision\logs\orion_native.log.1:14383
,,,245.11,,,False,28,C:\Users\aaron\Desktop\NexusVision\logs\orion_native.log.1:14456,False,1789941719683.8,179.0,WIDE OPEN,open,[],23.833,[],0,28,[],,,,,EXCELLENT,558.5,C:\Users\aaron\Desktop\NexusVision\logs\orion_native.log.1:14455,22.60499999999996,[],delivery_legacy,97.81,C:\Users\aaron\Desktop\NexusVision\logs\orion_native.log.1:14498,91.16,27.331500000000005,32.44693827762872,6.650000000000006,,False,0.0,313.39,detect_loop,released,True,22.60500000000001,5.5,1789941718442.0,False,4,28,1,,1789941719000.521,28,0.2022,C:\Users\aaron\Desktop\NexusVision\logs\orion_native.log.1:14458,1,-0.0,session_20260920_170027,Standstill,C:\Users\aaron\Desktop\NexusVision\logs\orion_native.log.1:14457
,,,245.03999999999996,,,False,29,C:\Users\aaron\Desktop\NexusVision\logs\orion_native.log.1:14532,False,1789941723385.2,180.0,WIDE OPEN,open,[],24.833,[],0,29,[],,,,,EXCELLENT,567.4,C:\Users\aaron\Desktop\NexusVision\logs\orion_native.log.1:14531,18.90599999999995,[],delivery_legacy,96.96,C:\Users\aaron\Desktop\NexusVision\logs\orion_native.log.1:14574,93.35,14.83710000000002,17.55665791265441,3.6099999999999994,,False,0.0,322.36,detect_loop,released,True,18.90600000000001,4.6,1789941722133.0,False,4,29,1,,1789941722700.3567,29,0.2034,C:\Users\aaron\Desktop\NexusVision\logs\orion_native.log.1:14534,1,0.0,session_20260920_170027,Standstill,C:\Users\aaron\Desktop\NexusVision\logs\orion_native.log.1:14533
,,,245.13,,,False,30,C:\Users\aaron\Desktop\NexusVision\logs\orion_native.log.1:14611,False,1789941726185.2,178.0,WIDE OPEN,open,[],24.25,[],0,30,[],,,,,EARLY,737.4,C:\Users\aaron\Desktop\NexusVision\logs\orion_native.log.1:14610,18.906000000000006,[],delivery_legacy,97.91,C:\Users\aaron\Desktop\NexusVision\logs\orion_native.log.1:14653,93.42,18.453900000000033,22.22662244443342,4.489999999999995,,False,0.0,492.27,detect_loop,released,True,18.90600000000001,4.6,1789941724596.0,False,4,30,1,,1789941725333.4087,30,0.1999,C:\Users\aaron\Desktop\NexusVision\logs\orion_native.log.1:14613,1,-0.0,session_20260920_170027,Standstill,C:\Users\aaron\Desktop\NexusVision\logs\orion_native.log.1:14612
,,,245.19000000000005,,,False,31,C:\Users\aaron\Desktop\NexusVision\logs\orion_native.log.1:14689,False,1789941728684.2,178.0,WIDE OPEN,open,[],24.5,[],0,31,[],,,,,EXCELLENT,553.7,C:\Users\aaron\Desktop\NexusVision\logs\orion_native.log.1:14688,18.495000000000005,[],delivery_legacy,97.35,C:\Users\aaron\Desktop\NexusVision\logs\orion_native.log.1:14732,93.41,16.193399999999997,19.398355570872912,3.9399999999999977,,False,0.0,308.51,detect_loop,released,True,18.90600000000001,4.6,1789941727496.0,False,4,31,1,,1789941728049.689,31,0.2013,C:\Users\aaron\Desktop\NexusVision\logs\orion_native.log.1:14691,1,0.0,session_20260920_170027,Standstill,C:\Users\aaron\Desktop\NexusVision\logs\orion_native.log.1:14690
,,,228.54999999999995,,,False,32,C:\Users\aaron\Desktop\NexusVision\logs\orion_native.log.1:14769,False,1789941731716.5,160.0,WIDE OPEN,open,[],24.917,[],0,32,[],,,,,EXCELLENT,940.4,C:\Users\aaron\Desktop\NexusVision\logs\orion_native.log.1:14768,18.906000000000063,[],delivery_legacy,97.47,C:\Users\aaron\Desktop\NexusVision\logs\orion_native.log.1:14811,92.88,18.864900000000034,22.907620901332553,4.590000000000003,,False,0.0,711.85,detect_loop,released,True,18.90600000000001,4.6,1789941730059.0,False,4,32,1,,1789941730999.3987,32,0.1991,C:\Users\aaron\Desktop\NexusVision\logs\orion_native.log.1:14771,1,0.0,session_20260920_170027,Standstill,C:\Users\aaron\Desktop\NexusVision\logs\orion_native.log.1:14770
,,,245.17000000000002,,,False,33,C:\Users\aaron\Desktop\NexusVision\logs\orion_native.log.1:14845,False,1789941734617.3,181.0,WIDE OPEN,open,[],24.5,[],0,33,[],,,,,EXCELLENT,606.6,C:\Users\aaron\Desktop\NexusVision\logs\orion_native.log.1:14844,18.906000000000006,[],delivery_legacy,97.55,C:\Users\aaron\Desktop\NexusVision\logs\orion_native.log.1:14885,92.98,18.782699999999977,22.370160066571998,4.569999999999993,,False,0.0,361.43,detect_loop,released,True,18.90600000000001,4.6,1789941733326.0,False,4,33,1,,1789941733932.5513,33,0.2019,C:\Users\aaron\Desktop\NexusVision\logs\orion_native.log.1:14847,1,0.0,session_20260920_170027,Standstill,C:\Users\aaron\Desktop\NexusVision\logs\orion_native.log.1:14846
,,,245.66000000000003,,,False,34,C:\Users\aaron\Desktop\NexusVision\logs\orion_native.log.1:14919,False,1789941737618.2,167.0,WIDE OPEN,open,[],24.333,[],0,34,[],,,,,EXCELLENT,622.7,C:\Users\aaron\Desktop\NexusVision\logs\orion_native.log.1:14918,22.605000000000018,[],delivery_legacy,97.36,C:\Users\aaron\Desktop\NexusVision\logs\orion_native.log.1:14960,92.91,18.289499999999975,21.738068487128146,4.450000000000003,,False,0.0,377.04,detect_loop,released,True,20.139000000000014,4.9,1789941736227.0,False,4,34,1,,1789941736849.7,34,0.2022,C:\Users\aaron\Desktop\NexusVision\logs\orion_native.log.1:14921,1,0.0,session_20260920_170027,Standstill,C:\Users\aaron\Desktop\NexusVision\logs\orion_native.log.1:14920
,,,245.06,,,False,35,C:\Users\aaron\Desktop\NexusVision\logs\orion_native.log.1:14995,False,1789941740315.0,180.0,WIDE OPEN,open,[],,[],0,35,[],,,,,EXCELLENT,558.6,C:\Users\aaron\Desktop\NexusVision\logs\orion_native.log.1:14994,37.92900000000003,[],delivery_legacy,97.24,C:\Users\aaron\Desktop\NexusVision\logs\orion_native.log.1:15036,88.06,37.90439999999995,45.01323918799643,9.179999999999993,,False,0.0,313.54,detect_loop,released,True,37.81200000000002,9.2,1789941739124.0,False,4,35,1,,1789941739682.5857,35,0.202,C:\Users\aaron\Desktop\NexusVision\logs\orion_native.log.1:14997,1,0.0,session_20260920_170027,Standstill,C:\Users\aaron\Desktop\NexusVision\logs\orion_native.log.1:14996
,,,245.16000000000003,,,False,36,C:\Users\aaron\Desktop\NexusVision\logs\orion_native.log.1:15075,False,1789941743216.2,179.0,WIDE OPEN,open,[],19.25,[],0,36,[],,,,,EXCELLENT,704.7,C:\Users\aaron\Desktop\NexusVision\logs\orion_native.log.1:15074,49.26900000000006,[],delivery_legacy,97.54,C:\Users\aaron\Desktop\NexusVision\logs\orion_native.log.1:15120,81.11,68.32740000000007,81.51418932327847,16.430000000000007,,False,0.0,459.54,detect_loop,released,True,45.21000000000002,11.0,1789941741761.0,False,4,36,1,,1789941742465.6821,36,0.1996,C:\Users\aaron\Desktop\NexusVision\logs\orion_native.log.1:15077,1,0.0,session_20260920_170027,Standstill,C:\Users\aaron\Desktop\NexusVision\logs\orion_native.log.1:15076
,,,245.17999999999995,,,False,37,C:\Users\aaron\Desktop\NexusVision\logs\orion_native.log.1:15157,False,1789941745933.1,178.0,WIDE OPEN,open,[],,[],0,37,[],,,,,EXCELLENT,728.8,C:\Users\aaron\Desktop\NexusVision\logs\orion_native.log.1:15156,18.90599999999995,[],delivery_legacy,97.7,C:\Users\aaron\Desktop\NexusVision\logs\orion_native.log.1:15198,93.5,17.262000000000057,20.572100313479638,4.200000000000003,,False,0.0,483.62,detect_loop,released,True,18.49500000000001,4.5,1789941744553.0,False,4,37,1,,1789941745281.7852,37,0.2019,C:\Users\aaron\Desktop\NexusVision\logs\orion_native.log.1:15159,1,0.0,session_20260920_170027,Standstill,C:\Users\aaron\Desktop\NexusVision\logs\orion_native.log.1:15158
,,,,,,False,,,False,1789941749505.4,,,unknown,[],,[],0,38,[],,,,,,,,,[],,,,,,,,,False,0.0,,,disarmed,False,,,1789941747571.0,False,,38,1,,,,,,,,session_20260920_170027,Standstill,
,,,245.14000000000004,,,False,38,C:\Users\aaron\Desktop\NexusVision\logs\orion_native.log.1:15247,False,1789941749765.3,178.0,WIDE OPEN,open,[],,[],0,39,[],,,,,EXCELLENT,562.6,C:\Users\aaron\Desktop\NexusVision\logs\orion_native.log.1:15246,18.906000000000006,[],delivery_legacy,97.62,C:\Users\aaron\Desktop\NexusVision\logs\orion_native.log.1:15289,93.03,18.864900000000034,22.53645603181619,4.590000000000003,,False,0.0,317.46,detect_loop,released,True,18.90600000000001,4.6,1789941748536.0,False,4,39,1,,1789941749098.6375,38,0.2015,C:\Users\aaron\Desktop\NexusVision\logs\orion_native.log.1:15249,1,0.0,session_20260920_170027,Standstill,C:\Users\aaron\Desktop\NexusVision\logs\orion_native.log.1:15248
,,,245.22000000000003,,,False,39,C:\Users\aaron\Desktop\NexusVision\logs\orion_native.log.1:15323,False,1789941752766.1,178.0,WIDE OPEN,open,[],25.0,[],0,40,[],,,,,EXCELLENT,636.5,C:\Users\aaron\Desktop\NexusVision\logs\orion_native.log.1:15322,18.906000000000063,[],delivery_legacy,97.59,C:\Users\aaron\Desktop\NexusVision\logs\orion_native.log.1:15367,92.95,19.070400000000006,22.671748265415815,4.640000000000001,,False,0.0,391.28,detect_loop,released,True,18.90600000000001,4.6,1789941751395.0,False,4,40,1,,1789941752031.537,39,0.2024,C:\Users\aaron\Desktop\NexusVision\logs\orion_native.log.1:15325,1,0.0,session_20260920_170027,Standstill,C:\Users\aaron\Desktop\NexusVision\logs\orion_native.log.1:15324
,,,245.25000000000006,,,False,40,C:\Users\aaron\Desktop\NexusVision\logs\orion_native.log.1:15404,False,1789941755165.0,181.0,WIDE OPEN,open,[],25.0,[],0,41,[],,,,,EXCELLENT,566.7,C:\Users\aaron\Desktop\NexusVision\logs\orion_native.log.1:15403,18.906000000000006,[],delivery_legacy,97.59,C:\Users\aaron\Desktop\NexusVision\logs\orion_native.log.1:15444,93.03,18.741600000000005,22.427700177060803,4.560000000000002,,False,0.0,321.45,detect_loop,released,True,18.90600000000001,4.6,1789941753932.0,False,4,41,1,,1789941754498.7073,40,0.2013,C:\Users\aaron\Desktop\NexusVision\logs\orion_native.log.1:15406,1,-0.0,session_20260920_170027,Standstill,C:\Users\aaron\Desktop\NexusVision\logs\orion_native.log.1:15405
,,,116.56,,,False,1,C:\Users\aaron\Desktop\NexusVision\logs\orion_native.log.1:15655,False,1789942308338.1,36.0,WIDE OPEN,open,[],26.917,[],0,1,[],,,,,EARLY,451.3,C:\Users\aaron\Desktop\NexusVision\logs\orion_native.log.1:15654,15.20700000000005,[],delivery_legacy,96.8,C:\Users\aaron\Desktop\NexusVision\logs\orion_native.log.1:15692,92.28,18.577199999999948,25.23588856010271,4.519999999999996,,True,0.0,334.74,detect_loop,released,True,16.029000000000007,3.9,1789942306792.0,False,5,1,1,,1789942307243.3376,1,0.1792,C:\Users\aaron\Desktop\NexusVision\logs\orion_native.log.1:15657,1,0.0,session_20260920_171039,Standstill,C:\Users\aaron\Desktop\NexusVision\logs\orion_native.log.1:15656
,,,134.05,,,False,2,C:\Users\aaron\Desktop\NexusVision\logs\orion_native.log.1:15731,False,1789942310986.0,67.0,WIDE OPEN,open,[],27.167,[],0,2,[],,,,,EARLY,450.1,C:\Users\aaron\Desktop\NexusVision\logs\orion_native.log.1:15730,14.795999999999992,[],delivery_legacy,98.12,C:\Users\aaron\Desktop\NexusVision\logs\orion_native.log.1:15774,93.57,18.70050000000009,25.175676423394076,4.550000000000011,,True,0.0,316.05,detect_loop,released,True,15.20700000000001,3.7,1789942309475.0,False,5,2,1,,1789942309925.1323,2,0.1804,C:\Users\aaron\Desktop\NexusVision\logs\orion_native.log.1:15733,1,0.0,session_20260920_171039,Standstill,C:\Users\aaron\Desktop\NexusVision\logs\orion_native.log.1:15732
,,,,,,False,,,False,1789942318558.0,,,unknown,[],,[],0,3,[],,,,,,,,,[],,,,,,,,,True,0.0,,,disarmed,False,,,1789942317299.0,False,,3,1,,,,,,,,session_20260920_171039,Standstill,
,,,134.42999999999995,,,False,3,C:\Users\aaron\Desktop\NexusVision\logs\orion_native.log.1:15918,False,1789942359616.3,70.0,,unknown,[],23.75,[],0,4,[],,,,,EXCELLENT,697.0,C:\Users\aaron\Desktop\NexusVision\logs\orion_native.log.1:15917,15.20700000000005,[],delivery_legacy,96.86,C:\Users\aaron\Desktop\NexusVision\logs\orion_native.log.1:15953,90.82,24.824400000000082,32.942459776384,6.040000000000006,,True,0.0,562.57,detect_loop,released,True,18.08400000000001,4.4,1789942357626.0,False,5,4,1,,1789942358322.9893,3,0.1823,C:\Users\aaron\Desktop\NexusVision\logs\orion_native.log.1:15920,1,0.0,session_20260920_171039,Standstill,C:\Users\aaron\Desktop\NexusVision\logs\orion_native.log.1:15919
,,,134.20000000000005,,,False,4,C:\Users\aaron\Desktop\NexusVision\logs\orion_native.log.1:15993,False,1789942362416.0,63.0,,unknown,[],26.0,[],0,5,[],,,,,LATE,631.2,C:\Users\aaron\Desktop\NexusVision\logs\orion_native.log.1:15992,14.79600000000005,[],delivery_legacy,96.79,C:\Users\aaron\Desktop\NexusVision\logs\orion_native.log.1:16029,92.75,16.604400000000055,22.523275910129932,4.040000000000006,,True,0.0,497.0,detect_loop,released,True,15.20700000000001,3.7,1789942360308.0,False,5,5,1,,1789942360939.2473,4,0.1779,C:\Users\aaron\Desktop\NexusVision\logs\orion_native.log.1:15995,1,-0.0,session_20260920_171039,Standstill,C:\Users\aaron\Desktop\NexusVision\logs\orion_native.log.1:15994
,,,134.24,,,False,5,C:\Users\aaron\Desktop\NexusVision\logs\orion_native.log.1:16070,False,1789942364816.9,67.0,,unknown,[],27.333,[],0,6,[],,,,,EXCELLENT,683.2,C:\Users\aaron\Desktop\NexusVision\logs\orion_native.log.1:16069,15.20700000000005,[],delivery_legacy,94.98,C:\Users\aaron\Desktop\NexusVision\logs\orion_native.log.1:16108,92.57,9.905100000000061,13.823563152460771,2.410000000000011,,True,0.0,548.96,detect_loop,released,True,15.20700000000001,3.7,1789942362739.0,False,5,6,1,,1789942363422.1826,5,0.173,C:\Users\aaron\Desktop\NexusVision\logs\orion_native.log.1:16072,1,0.0,session_20260920_171039,Standstill,C:\Users\aaron\Desktop\NexusVision\logs\orion_native.log.1:16071
,,,134.31999999999994,,,False,6,C:\Users\aaron\Desktop\NexusVision\logs\orion_native.log.1:16153,False,1789942367319.0,70.0,,unknown,[],28.417,[],0,7,[],,,,,EXCELLENT,683.3,C:\Users\aaron\Desktop\NexusVision\logs\orion_native.log.1:16152,11.507999999999981,[],delivery_legacy,96.84,C:\Users\aaron\Desktop\NexusVision\logs\orion_native.log.1:16190,93.75,12.699900000000014,17.22600066897092,3.0900000000000034,,True,0.0,548.98,detect_loop,released,True,11.508000000000006,2.8,1789942365272.0,False,5,7,1,,1789942365955.2742,6,0.1782,C:\Users\aaron\Desktop\NexusVision\logs\orion_native.log.1:16155,1,-0.0,session_20260920_171039,Standstill,C:\Users\aaron\Desktop\NexusVision\logs\orion_native.log.1:16154
,,,134.28000000000003,,,False,7,C:\Users\aaron\Desktop\NexusVision\logs\orion_native.log.1:16230,False,1789942370717.8,64.0,,unknown,[],28.583,[],0,8,[],,,,,EARLY,636.7,C:\Users\aaron\Desktop\NexusVision\logs\orion_native.log.1:16229,11.096999999999923,[],delivery_legacy,96.47,C:\Users\aaron\Desktop\NexusVision\logs\orion_native.log.1:16267,93.4,12.617699999999957,17.392782278624402,3.069999999999993,,True,0.0,502.42,detect_loop,released,True,11.508000000000006,2.8,1789942368302.0,False,5,8,1,,1789942368938.6702,7,0.1758,C:\Users\aaron\Desktop\NexusVision\logs\orion_native.log.1:16232,1,0.0,session_20260920_171039,Standstill,C:\Users\aaron\Desktop\NexusVision\logs\orion_native.log.1:16231
,,,150.90999999999997,,,False,8,C:\Users\aaron\Desktop\NexusVision\logs\orion_native.log.1:16311,False,1789942373019.2,82.0,,unknown,[],24.833,[],0,9,[],,,,,EXCELLENT,648.3,C:\Users\aaron\Desktop\NexusVision\logs\orion_native.log.1:16310,15.20700000000005,[],delivery_legacy,95.13,C:\Users\aaron\Desktop\NexusVision\logs\orion_native.log.1:16347,92.63,10.274999999999977,13.933786645858879,2.5,,True,0.0,497.39,detect_loop,released,True,15.20700000000001,3.7,1789942371124.0,False,5,9,1,,1789942371772.3489,8,0.1783,C:\Users\aaron\Desktop\NexusVision\logs\orion_native.log.1:16313,1,-0.0,session_20260920_171039,Standstill,C:\Users\aaron\Desktop\NexusVision\logs\orion_native.log.1:16312
,,,134.18000000000006,,,False,9,C:\Users\aaron\Desktop\NexusVision\logs\orion_native.log.1:16389,False,1789942375982.6,61.0,,unknown,[],24.333,[],0,10,[],,,,,EXCELLENT,677.7,C:\Users\aaron\Desktop\NexusVision\logs\orion_native.log.1:16388,15.20700000000005,[],delivery_legacy,96.52,C:\Users\aaron\Desktop\NexusVision\logs\orion_native.log.1:16428,92.89,14.919299999999964,20.6484641638225,3.6299999999999955,,True,0.0,543.52,detect_loop,released,True,15.20700000000001,3.7,1789942374011.0,False,5,10,1,,1789942374688.7488,9,0.1751,C:\Users\aaron\Desktop\NexusVision\logs\orion_native.log.1:16391,1,0.0,session_20260920_171039,Standstill,C:\Users\aaron\Desktop\NexusVision\logs\orion_native.log.1:16390
,,,134.33999999999997,,,False,10,C:\Users\aaron\Desktop\NexusVision\logs\orion_native.log.1:16468,False,1789942378782.5,68.0,,unknown,[],23.75,[],0,11,[],,,,,EXCELLENT,629.9,C:\Users\aaron\Desktop\NexusVision\logs\orion_native.log.1:16467,18.495000000000005,[],delivery_legacy,96.35,C:\Users\aaron\Desktop\NexusVision\logs\orion_native.log.1:16505,90.85,22.605000000000018,31.292671825216203,5.5,,True,0.0,495.56,detect_loop,released,True,18.49500000000001,4.5,1789942376758.0,False,5,11,1,,1789942377387.885,10,0.175,C:\Users\aaron\Desktop\NexusVision\logs\orion_native.log.1:16470,1,0.0,session_20260920_171039,Standstill,C:\Users\aaron\Desktop\NexusVision\logs\orion_native.log.1:16469
,,,134.39999999999998,,,False,11,C:\Users\aaron\Desktop\NexusVision\logs\orion_native.log.1:16544,False,1789942381083.3,66.0,,unknown,[],25.5,[],0,12,[],,,,,EXCELLENT,632.5,C:\Users\aaron\Desktop\NexusVision\logs\orion_native.log.1:16543,14.795999999999992,[],delivery_legacy,96.43,C:\Users\aaron\Desktop\NexusVision\logs\orion_native.log.1:16581,92.7,15.330300000000022,20.698074468675454,3.730000000000004,,True,0.0,498.1,detect_loop,released,True,15.20700000000001,3.7,1789942379122.0,False,5,12,1,,1789942379754.5273,11,0.1791,C:\Users\aaron\Desktop\NexusVision\logs\orion_native.log.1:16546,1,0.0,session_20260920_171039,Standstill,C:\Users\aaron\Desktop\NexusVision\logs\orion_native.log.1:16545
,,,150.95,,,False,12,C:\Users\aaron\Desktop\NexusVision\logs\orion_native.log.1:16620,False,1789942383481.1,86.0,,unknown,[],26.583,[],0,13,[],,,,,EXCELLENT,656.5,C:\Users\aaron\Desktop\NexusVision\logs\orion_native.log.1:16619,14.795999999999992,[],delivery_legacy,96.3,C:\Users\aaron\Desktop\NexusVision\logs\orion_native.log.1:16659,92.63,15.083700000000022,20.291938515979222,3.6700000000000017,,True,0.0,505.55,detect_loop,released,True,16.029000000000007,3.9,1789942381448.0,False,5,13,1,,1789942382104.508,12,0.1796,C:\Users\aaron\Desktop\NexusVision\logs\orion_native.log.1:16622,1,0.0,session_20260920_171039,Standstill,C:\Users\aaron\Desktop\NexusVision\logs\orion_native.log.1:16621
,,,134.26,,,False,13,C:\Users\aaron\Desktop\NexusVision\logs\orion_native.log.1:16700,False,1789942386080.2,61.0,,unknown,[],26.083,[],0,14,[],,,,,EXCELLENT,652.1,C:\Users\aaron\Desktop\NexusVision\logs\orion_native.log.1:16699,14.795999999999992,[],delivery_legacy,96.4,C:\Users\aaron\Desktop\NexusVision\logs\orion_native.log.1:16739,92.72,15.12480000000005,20.8003617454217,3.680000000000007,,True,0.0,517.84,detect_loop,released,True,15.20700000000001,3.7,1789942384003.0,False,5,14,1,,1789942384655.0535,13,0.1758,C:\Users\aaron\Desktop\NexusVision\logs\orion_native.log.1:16702,1,0.0,session_20260920_171039,Standstill,C:\Users\aaron\Desktop\NexusVision\logs\orion_native.log.1:16701
,,,134.26999999999998,,,False,14,C:\Users\aaron\Desktop\NexusVision\logs\orion_native.log.1:16779,False,1789942388282.1,66.0,,unknown,[],26.833,[],0,15,[],,,,,EXCELLENT,674.8,C:\Users\aaron\Desktop\NexusVision\logs\orion_native.log.1:16778,18.906000000000006,[],delivery_legacy,96.47,C:\Users\aaron\Desktop\NexusVision\logs\orion_native.log.1:16817,92.88,14.75490000000002,20.296246042514717,3.5900000000000034,,True,0.0,540.53,detect_loop,released,True,15.20700000000001,3.7,1789942386246.0,False,5,15,1,,1789942386920.8484,14,0.1763,C:\Users\aaron\Desktop\NexusVision\logs\orion_native.log.1:16781,1,0.0,session_20260920_171039,Standstill,C:\Users\aaron\Desktop\NexusVision\logs\orion_native.log.1:16780
,,,134.28999999999996,,,False,15,C:\Users\aaron\Desktop\NexusVision\logs\orion_native.log.1:16859,False,1789942391015.2,63.0,,unknown,[],27.917,[],0,16,[],,,,,EARLY,648.5,C:\Users\aaron\Desktop\NexusVision\logs\orion_native.log.1:16858,11.508000000000038,[],delivery_legacy,96.41,C:\Users\aaron\Desktop\NexusVision\logs\orion_native.log.1:16899,92.88,14.50830000000002,20.382239159304817,3.530000000000001,,True,0.0,514.21,detect_loop,released,True,12.330000000000007,3.0,1789942388539.0,False,5,16,1,,1789942389187.5435,15,0.1728,C:\Users\aaron\Desktop\NexusVision\logs\orion_native.log.1:16861,1,0.0,session_20260920_171039,Standstill,C:\Users\aaron\Desktop\NexusVision\logs\orion_native.log.1:16860
,,,134.30000000000007,,,False,16,C:\Users\aaron\Desktop\NexusVision\logs\orion_native.log.1:16942,False,1789942393231.0,69.0,,unknown,[],25.5,[],0,17,[],,,,,EXCELLENT,652.1,C:\Users\aaron\Desktop\NexusVision\logs\orion_native.log.1:16941,15.20700000000005,[],delivery_legacy,96.45,C:\Users\aaron\Desktop\NexusVision\logs\orion_native.log.1:16979,92.74,15.248100000000022,20.87201125175813,3.710000000000008,,True,0.0,517.8,detect_loop,released,True,15.20700000000001,3.7,1789942391319.0,False,5,17,1,,1789942391971.0754,16,0.1767,C:\Users\aaron\Desktop\NexusVision\logs\orion_native.log.1:16944,1,0.0,session_20260920_171039,Standstill,C:\Users\aaron\Desktop\NexusVision\logs\orion_native.log.1:16943
,,,134.26,,,False,17,C:\Users\aaron\Desktop\NexusVision\logs\orion_native.log.1:17019,False,1789942395631.4,67.0,,unknown,[],24.417,[],0,18,[],,,,,EXCELLENT,687.8,C:\Users\aaron\Desktop\NexusVision\logs\orion_native.log.1:17018,14.79600000000005,[],delivery_legacy,96.36,C:\Users\aaron\Desktop\NexusVision\logs\orion_native.log.1:17059,92.85,14.426100000000076,19.55867602808428,3.510000000000005,,True,0.0,553.54,detect_loop,released,True,17.26200000000001,4.2,1789942393649.0,False,5,18,1,,1789942394336.8052,17,0.1783,C:\Users\aaron\Desktop\NexusVision\logs\orion_native.log.1:17021,1,0.0,session_20260920_171039,Standstill,C:\Users\aaron\Desktop\NexusVision\logs\orion_native.log.1:17020
,,,134.32000000000005,,,False,18,C:\Users\aaron\Desktop\NexusVision\logs\orion_native.log.1:17102,False,1789942398032.9,69.0,,unknown,[],25.5,[],0,19,[],,,,,EXCELLENT,691.1,C:\Users\aaron\Desktop\NexusVision\logs\orion_native.log.1:17101,15.206999999999994,[],delivery_legacy,94.71,C:\Users\aaron\Desktop\NexusVision\logs\orion_native.log.1:17141,92.55,8.877599999999973,12.148481439820003,2.1599999999999966,,True,0.0,556.78,detect_loop,released,True,18.49500000000001,4.5,1789942395979.0,False,5,19,1,,1789942396670.063,18,0.1764,C:\Users\aaron\Desktop\NexusVision\logs\orion_native.log.1:17104,1,0.0,session_20260920_171039,Standstill,C:\Users\aaron\Desktop\NexusVision\logs\orion_native.log.1:17103
,,,134.22000000000003,,,False,19,C:\Users\aaron\Desktop\NexusVision\logs\orion_native.log.1:17180,False,1789942400631.5,69.0,,unknown,[],25.167,[],0,20,[],,,,,LATE,728.4,C:\Users\aaron\Desktop\NexusVision\logs\orion_native.log.1:17179,15.20700000000005,[],delivery_legacy,96.32,C:\Users\aaron\Desktop\NexusVision\logs\orion_native.log.1:17221,92.37,16.23449999999997,22.315123439353645,3.9499999999999886,,True,0.0,594.18,detect_loop,released,True,18.90600000000001,4.6,1789942398542.0,False,5,20,1,,1789942399270.4302,19,0.1766,C:\Users\aaron\Desktop\NexusVision\logs\orion_native.log.1:17182,1,0.0,session_20260920_171039,Standstill,C:\Users\aaron\Desktop\NexusVision\logs\orion_native.log.1:17181
,,,134.18999999999994,,,False,20,C:\Users\aaron\Desktop\NexusVision\logs\orion_native.log.1:17265,False,1789942403031.1,60.0,,unknown,[],24.583,[],0,21,[],,,,,EXCELLENT,684.3,C:\Users\aaron\Desktop\NexusVision\logs\orion_native.log.1:17264,15.206999999999994,[],delivery_legacy,96.48,C:\Users\aaron\Desktop\NexusVision\logs\orion_native.log.1:17302,92.7,15.535799999999995,21.840873634945403,3.780000000000001,,True,0.0,550.11,detect_loop,released,True,15.20700000000001,3.7,1789942401103.0,False,5,21,1,,1789942401787.3445,20,0.1725,C:\Users\aaron\Desktop\NexusVision\logs\orion_native.log.1:17267,1,0.0,session_20260920_171039,Standstill,C:\Users\aaron\Desktop\NexusVision\logs\orion_native.log.1:17266
,,,134.41999999999996,,,False,21,C:\Users\aaron\Desktop\NexusVision\logs\orion_native.log.1:17343,False,1789942406147.2,62.0,,unknown,[],25.0,[],0,22,[],,,,,EARLY,650.0,C:\Users\aaron\Desktop\NexusVision\logs\orion_native.log.1:17342,15.20700000000005,[],delivery_legacy,96.4,C:\Users\aaron\Desktop\NexusVision\logs\orion_native.log.1:17383,92.3,16.851000000000056,23.9011309315612,4.1000000000000085,,True,0.0,515.58,detect_loop,released,True,15.20700000000001,3.7,1789942403753.0,False,5,22,1,,1789942404402.9946,21,0.1714,C:\Users\aaron\Desktop\NexusVision\logs\orion_native.log.1:17345,1,0.0,session_20260920_171039,Standstill,C:\Users\aaron\Desktop\NexusVision\logs\orion_native.log.1:17344
,,,134.29999999999995,,,False,22,C:\Users\aaron\Desktop\NexusVision\logs\orion_native.log.1:17424,False,1789942408481.1,65.0,,unknown,[],24.333,[],0,23,[],,,,,EXCELLENT,641.4,C:\Users\aaron\Desktop\NexusVision\logs\orion_native.log.1:17423,14.79600000000005,[],delivery_legacy,94.68,C:\Users\aaron\Desktop\NexusVision\logs\orion_native.log.1:17463,92.7,8.137800000000027,11.07258695895316,1.980000000000004,,True,0.0,507.1,detect_loop,released,True,15.20700000000001,3.7,1789942406528.0,False,5,23,1,,1789942407169.391,22,0.1773,C:\Users\aaron\Desktop\NexusVision\logs\orion_native.log.1:17426,1,0.0,session_20260920_171039,Standstill,C:\Users\aaron\Desktop\NexusVision\logs\orion_native.log.1:17425
,,,150.97000000000003,,,False,23,C:\Users\aaron\Desktop\NexusVision\logs\orion_native.log.1:17502,False,1789942410880.5,86.0,,unknown,[],24.25,[],0,24,[],,,,,EXCELLENT,651.2,C:\Users\aaron\Desktop\NexusVision\logs\orion_native.log.1:17501,18.90599999999995,[],delivery_legacy,96.4,C:\Users\aaron\Desktop\NexusVision\logs\orion_native.log.1:17541,90.97,22.317300000000046,30.222073801970318,5.430000000000007,,True,0.0,500.23,detect_loop,released,True,16.029000000000007,3.9,1789942408935.0,False,5,24,1,,1789942409586.175,23,0.1788,C:\Users\aaron\Desktop\NexusVision\logs\orion_native.log.1:17504,1,0.0,session_20260920_171039,Standstill,C:\Users\aaron\Desktop\NexusVision\logs\orion_native.log.1:17503
,,,134.22000000000003,,,False,24,C:\Users\aaron\Desktop\NexusVision\logs\orion_native.log.1:17581,False,1789942413380.7,68.0,,unknown,[],23.833,[],0,25,[],,,,,EXCELLENT,667.9,C:\Users\aaron\Desktop\NexusVision\logs\orion_native.log.1:17580,14.795999999999992,[],delivery_legacy,96.38,C:\Users\aaron\Desktop\NexusVision\logs\orion_native.log.1:17618,90.89,22.56389999999999,30.308049022855222,5.489999999999995,,True,0.0,533.68,detect_loop,released,True,15.20700000000001,3.7,1789942411435.0,False,5,25,1,,1789942412102.9478,24,0.1795,C:\Users\aaron\Desktop\NexusVision\logs\orion_native.log.1:17583,1,0.0,session_20260920_171039,Standstill,C:\Users\aaron\Desktop\NexusVision\logs\orion_native.log.1:17582
,,,134.26999999999998,,,False,25,C:\Users\aaron\Desktop\NexusVision\logs\orion_native.log.1:17660,False,1789942415781.2,67.0,,unknown,[],23.75,[],0,26,[],,,,,EXCELLENT,634.0,C:\Users\aaron\Desktop\NexusVision\logs\orion_native.log.1:17659,18.90599999999995,[],delivery_legacy,95.78,C:\Users\aaron\Desktop\NexusVision\logs\orion_native.log.1:17700,90.97,19.769100000000037,27.136812411847686,4.810000000000002,,True,0.0,499.73,detect_loop,released,True,16.029000000000007,3.9,1789942413886.0,False,5,26,1,,1789942414519.9844,25,0.1763,C:\Users\aaron\Desktop\NexusVision\logs\orion_native.log.1:17662,1,0.0,session_20260920_171039,Standstill,C:\Users\aaron\Desktop\NexusVision\logs\orion_native.log.1:17661
,,,134.26,,,False,26,C:\Users\aaron\Desktop\NexusVision\logs\orion_native.log.1:17739,False,1789942418180.4,66.0,,unknown,[],23.833,[],0,27,[],,,,,EXCELLENT,628.5,C:\Users\aaron\Desktop\NexusVision\logs\orion_native.log.1:17738,14.795999999999992,[],delivery_legacy,96.41,C:\Users\aaron\Desktop\NexusVision\logs\orion_native.log.1:17778,90.93,22.52279999999996,30.878458330985463,5.47999999999999,,True,0.0,494.24,detect_loop,released,True,15.20700000000001,3.7,1789942416291.0,False,5,27,1,,1789942416919.5107,26,0.1764,C:\Users\aaron\Desktop\NexusVision\logs\orion_native.log.1:17741,1,0.0,session_20260920_171039,Standstill,C:\Users\aaron\Desktop\NexusVision\logs\orion_native.log.1:17740
,,,134.29999999999995,,,False,27,C:\Users\aaron\Desktop\NexusVision\logs\orion_native.log.1:17818,False,1789942420480.9,64.0,,unknown,[],24.583,[],0,28,[],,,,,EXCELLENT,661.5,C:\Users\aaron\Desktop\NexusVision\logs\orion_native.log.1:17817,15.206999999999937,[],delivery_legacy,96.48,C:\Users\aaron\Desktop\NexusVision\logs\orion_native.log.1:17857,92.73,15.412500000000023,21.126760563380284,3.75,,True,0.0,527.2,detect_loop,released,True,15.20700000000001,3.7,1789942418508.0,False,5,28,1,,1789942419169.4602,27,0.1768,C:\Users\aaron\Desktop\NexusVision\logs\orion_native.log.1:17820,1,-0.0,session_20260920_171039,Standstill,C:\Users\aaron\Desktop\NexusVision\logs\orion_native.log.1:17819
,,,134.32000000000005,,,False,28,C:\Users\aaron\Desktop\NexusVision\logs\orion_native.log.1:17900,False,1789942423212.3,60.0,,unknown,[],25.667,[],0,29,[],,,,,EARLY,663.5,C:\Users\aaron\Desktop\NexusVision\logs\orion_native.log.1:17899,15.20700000000005,[],delivery_legacy,96.46,C:\Users\aaron\Desktop\NexusVision\logs\orion_native.log.1:17937,92.41,16.64549999999997,22.686533721711836,4.049999999999997,,True,0.0,529.18,detect_loop,released,True,16.44000000000001,4.0,1789942420772.0,False,5,29,1,,1789942421435.4727,28,0.177,C:\Users\aaron\Desktop\NexusVision\logs\orion_native.log.1:17902,1,0.0,session_20260920_171039,Standstill,C:\Users\aaron\Desktop\NexusVision\logs\orion_native.log.1:17901
,,,134.2800000000001,,,False,29,C:\Users\aaron\Desktop\NexusVision\logs\orion_native.log.1:17979,False,1789942425448.1,70.0,,unknown,[],24.083,[],0,30,[],,,,,EXCELLENT,740.7,C:\Users\aaron\Desktop\NexusVision\logs\orion_native.log.1:17978,18.90599999999995,[],delivery_legacy,96.47,C:\Users\aaron\Desktop\NexusVision\logs\orion_native.log.1:18020,90.98,22.56389999999999,30.752856822764926,5.489999999999995,,True,0.0,606.42,detect_loop,released,True,16.851000000000006,4.1,1789942423411.0,False,5,30,1,,1789942424151.7192,29,0.1773,C:\Users\aaron\Desktop\NexusVision\logs\orion_native.log.1:17981,1,0.0,session_20260920_171039,Standstill,C:\Users\aaron\Desktop\NexusVision\logs\orion_native.log.1:17980
,,,134.24,,,False,30,C:\Users\aaron\Desktop\NexusVision\logs\orion_native.log.1:18064,False,1789942427946.3,54.0,,unknown,[],23.75,[],0,31,[],,,,,EXCELLENT,827.8,C:\Users\aaron\Desktop\NexusVision\logs\orion_native.log.1:18063,14.79600000000005,[],delivery_legacy,94.59,C:\Users\aaron\Desktop\NexusVision\logs\orion_native.log.1:18102,90.97,14.87820000000005,20.42313117066293,3.6200000000000045,,True,0.0,693.56,detect_loop,released,True,15.20700000000001,3.7,1789942425858.0,False,5,31,1,,1789942426685.8276,30,0.1764,C:\Users\aaron\Desktop\NexusVision\logs\orion_native.log.1:18066,1,0.0,session_20260920_171039,Standstill,C:\Users\aaron\Desktop\NexusVision\logs\orion_native.log.1:18065
,,,134.37,,,False,31,C:\Users\aaron\Desktop\NexusVision\logs\orion_native.log.1:18140,False,1789942430446.3,65.0,,unknown,[],24.417,[],0,32,[],,,,,EXCELLENT,760.1,C:\Users\aaron\Desktop\NexusVision\logs\orion_native.log.1:18139,18.90599999999995,[],delivery_legacy,94.44,C:\Users\aaron\Desktop\NexusVision\logs\orion_native.log.1:18180,91.07,13.850700000000018,19.16624011829611,3.3700000000000045,,True,0.0,625.73,detect_loop,released,True,16.029000000000007,3.9,1789942428359.0,False,5,32,1,,1789942429119.0537,31,0.1747,C:\Users\aaron\Desktop\NexusVision\logs\orion_native.log.1:18142,1,0.0,session_20260920_171039,Standstill,C:\Users\aaron\Desktop\NexusVision\logs\orion_native.log.1:18141
,,,134.24,,,False,32,C:\Users\aaron\Desktop\NexusVision\logs\orion_native.log.1:18223,False,1789942434445.0,69.0,,unknown,[],24.583,[],0,33,[],,,,,LATE,1068.7,C:\Users\aaron\Desktop\NexusVision\logs\orion_native.log.1:18222,15.20700000000005,[],delivery_legacy,96.39,C:\Users\aaron\Desktop\NexusVision\logs\orion_native.log.1:18260,90.89,22.605000000000018,30.11883248452987,5.5,,True,0.0,934.46,detect_loop,released,True,15.618000000000007,3.8,1789942430985.0,False,5,33,1,,1789942432053.661,32,0.1814,C:\Users\aaron\Desktop\NexusVision\logs\orion_native.log.1:18225,1,0.0,session_20260920_171039,Standstill,C:\Users\aaron\Desktop\NexusVision\logs\orion_native.log.1:18224
,,,134.33000000000004,,,False,33,C:\Users\aaron\Desktop\NexusVision\logs\orion_native.log.1:18297,False,1789942435546.1,70.0,,unknown,[],24.25,[],0,34,[],,,,,EXCELLENT,670.1,C:\Users\aaron\Desktop\NexusVision\logs\orion_native.log.1:18296,14.79600000000005,[],delivery_legacy,94.67,C:\Users\aaron\Desktop\NexusVision\logs\orion_native.log.1:18341,91.01,15.042599999999993,20.737718850926377,3.6599999999999966,,True,0.0,535.77,detect_loop,released,True,15.20700000000001,3.7,1789942433598.0,False,5,34,1,,1789942434268.0674,33,0.1757,C:\Users\aaron\Desktop\NexusVision\logs\orion_native.log.1:18299,1,0.0,session_20260920_171039,Standstill,C:\Users\aaron\Desktop\NexusVision\logs\orion_native.log.1:18298
,,,134.35000000000002,,,False,34,C:\Users\aaron\Desktop\NexusVision\logs\orion_native.log.1:18382,False,1789942438463.2,65.0,,unknown,[],24.667,[],0,35,[],,,,,EARLY,659.6,C:\Users\aaron\Desktop\NexusVision\logs\orion_native.log.1:18381,18.49500000000006,[],delivery_legacy,96.47,C:\Users\aaron\Desktop\NexusVision\logs\orion_native.log.1:18420,92.55,16.111199999999997,21.746366359702662,3.9200000000000017,,True,0.0,525.25,detect_loop,released,True,18.90600000000001,4.6,1789942436225.0,False,5,35,1,,1789942436884.5618,34,0.179,C:\Users\aaron\Desktop\NexusVision\logs\orion_native.log.1:18384,1,0.0,session_20260920_171039,Standstill,C:\Users\aaron\Desktop\NexusVision\logs\orion_native.log.1:18383
,,,134.26000000000005,,,False,35,C:\Users\aaron\Desktop\NexusVision\logs\orion_native.log.1:18459,False,1789942440679.4,69.0,,unknown,[],23.833,[],0,36,[],,,,,EXCELLENT,643.6,C:\Users\aaron\Desktop\NexusVision\logs\orion_native.log.1:18458,15.206999999999937,[],delivery_legacy,96.53,C:\Users\aaron\Desktop\NexusVision\logs\orion_native.log.1:18500,91.06,22.48169999999999,31.01610342481288,5.469999999999999,,True,0.0,509.34,detect_loop,released,True,15.20700000000001,3.7,1789942438775.0,False,5,36,1,,1789942439418.5986,35,0.1753,C:\Users\aaron\Desktop\NexusVision\logs\orion_native.log.1:18461,1,0.0,session_20260920_171039,Standstill,C:\Users\aaron\Desktop\NexusVision\logs\orion_native.log.1:18460
,,,134.30000000000007,,,False,36,C:\Users\aaron\Desktop\NexusVision\logs\orion_native.log.1:18543,False,1789942443096.4,67.0,,unknown,[],23.75,[],0,37,[],,,,,EXCELLENT,642.2,C:\Users\aaron\Desktop\NexusVision\logs\orion_native.log.1:18542,18.906000000000063,[],delivery_legacy,95.34,C:\Users\aaron\Desktop\NexusVision\logs\orion_native.log.1:18580,91.16,17.1798,23.727081795992547,4.180000000000007,,True,0.0,507.9,detect_loop,released,True,18.90600000000001,4.6,1789942441159.0,False,5,37,1,,1789942441801.207,36,0.1754,C:\Users\aaron\Desktop\NexusVision\logs\orion_native.log.1:18545,1,0.0,session_20260920_171039,Standstill,C:\Users\aaron\Desktop\NexusVision\logs\orion_native.log.1:18544
,,,134.27000000000004,,,False,37,C:\Users\aaron\Desktop\NexusVision\logs\orion_native.log.1:18622,False,1789942445495.3,70.0,,unknown,[],23.75,[],0,38,[],,,,,EXCELLENT,636.6,C:\Users\aaron\Desktop\NexusVision\logs\orion_native.log.1:18621,18.90599999999995,[],delivery_legacy,95.88,C:\Users\aaron\Desktop\NexusVision\logs\orion_native.log.1:18660,91.22,19.15259999999995,26.781609195402282,4.659999999999997,,True,0.0,502.33,detect_loop,released,True,15.618000000000007,3.8,1789942443531.0,False,5,38,1,,1789942444167.6145,37,0.173,C:\Users\aaron\Desktop\NexusVision\logs\orion_native.log.1:18624,1,0.0,session_20260920_171039,Standstill,C:\Users\aaron\Desktop\NexusVision\logs\orion_native.log.1:18623
,,,134.25,,,False,1,C:\Users\aaron\Desktop\NexusVision\logs\orion_native.log.1:18841,False,1789942871873.8,41.0,,unknown,[],24.167,[],0,1,[],,,,,EXCELLENT,639.0,C:\Users\aaron\Desktop\NexusVision\logs\orion_native.log.1:18840,18.906000000000006,[],delivery_legacy,94.65,C:\Users\aaron\Desktop\NexusVision\logs\orion_native.log.1:18877,90.82,15.74130000000008,22.033020767416513,3.8300000000000125,,True,0.0,504.75,detect_loop,released,True,18.90600000000001,4.6,1789942869899.0,False,6,1,1,,1789942870538.0208,1,0.1734,C:\Users\aaron\Desktop\NexusVision\logs\orion_native.log.1:18843,1,0.0,session_20260920_172057,Standstill,C:\Users\aaron\Desktop\NexusVision\logs\orion_native.log.1:18842
,,,134.34999999999997,,,False,2,C:\Users\aaron\Desktop\NexusVision\logs\orion_native.log.1:18921,False,1789942874372.6,52.0,,unknown,[],24.083,[],0,2,[],,,,,EXCELLENT,626.8,C:\Users\aaron\Desktop\NexusVision\logs\orion_native.log.1:18920,18.906000000000063,[],delivery_legacy,94.46,C:\Users\aaron\Desktop\NexusVision\logs\orion_native.log.1:18959,90.99,14.261700000000019,19.690177608806668,3.469999999999999,,True,0.0,492.45,detect_loop,released,True,16.029000000000007,3.9,1789942872395.0,False,6,2,1,,1789942873021.7502,2,0.1758,C:\Users\aaron\Desktop\NexusVision\logs\orion_native.log.1:18923,1,0.0,session_20260920_172057,Standstill,C:\Users\aaron\Desktop\NexusVision\logs\orion_native.log.1:18922
,,,151.03999999999996,,,False,3,C:\Users\aaron\Desktop\NexusVision\logs\orion_native.log.1:19006,False,1789942876571.4,55.0,,unknown,[],24.833,[],0,3,[],,,,,EXCELLENT,647.9,C:\Users\aaron\Desktop\NexusVision\logs\orion_native.log.1:19005,14.79600000000005,[],delivery_legacy,96.2,C:\Users\aaron\Desktop\NexusVision\logs\orion_native.log.1:19043,92.59,14.83710000000002,19.600390921924202,3.6099999999999994,,True,0.0,496.86,detect_loop,released,True,15.20700000000001,3.7,1789942874640.0,False,6,3,1,,1789942875287.938,3,0.1824,C:\Users\aaron\Desktop\NexusVision\logs\orion_native.log.1:19008,1,0.0,session_20260920_172057,Standstill,C:\Users\aaron\Desktop\NexusVision\logs\orion_native.log.1:19007
,,,134.26999999999998,,,False,4,C:\Users\aaron\Desktop\NexusVision\logs\orion_native.log.1:19083,False,1789942879070.1,41.0,,unknown,[],24.75,[],0,4,[],,,,,EXCELLENT,653.0,C:\Users\aaron\Desktop\NexusVision\logs\orion_native.log.1:19082,15.20700000000005,[],delivery_legacy,96.15,C:\Users\aaron\Desktop\NexusVision\logs\orion_native.log.1:19121,92.4,15.412500000000023,20.550197281893904,3.75,,True,0.0,518.73,detect_loop,released,True,15.20700000000001,3.7,1789942877085.0,False,6,4,1,,1789942877737.9976,4,0.1811,C:\Users\aaron\Desktop\NexusVision\logs\orion_native.log.1:19085,1,0.0,session_20260920_172057,Standstill,C:\Users\aaron\Desktop\NexusVision\logs\orion_native.log.1:19084
,,,151.01,,,False,5,C:\Users\aaron\Desktop\NexusVision\logs\orion_native.log.1:19164,False,1789942881438.2,67.0,,unknown,[],25.0,[],0,5,[],,,,,EXCELLENT,653.5,C:\Users\aaron\Desktop\NexusVision\logs\orion_native.log.1:19163,18.906000000000006,[],delivery_legacy,96.19,C:\Users\aaron\Desktop\NexusVision\logs\orion_native.log.1:19200,92.65,14.549399999999991,20.324969857036184,3.539999999999992,,True,0.0,502.49,detect_loop,released,True,15.20700000000001,3.7,1789942879418.0,False,6,5,1,,1789942880071.4885,5,0.1736,C:\Users\aaron\Desktop\NexusVision\logs\orion_native.log.1:19166,1,0.0,session_20260920_172057,Standstill,C:\Users\aaron\Desktop\NexusVision\logs\orion_native.log.1:19165
,,,150.77999999999997,,,False,6,C:\Users\aaron\Desktop\NexusVision\logs\orion_native.log.1:19242,False,1789942883654.1,64.0,,unknown,[],25.25,[],0,6,[],,,,,EXCELLENT,661.9,C:\Users\aaron\Desktop\NexusVision\logs\orion_native.log.1:19241,14.79600000000005,[],delivery_legacy,96.22,C:\Users\aaron\Desktop\NexusVision\logs\orion_native.log.1:19279,92.46,15.453600000000051,21.448944666286394,3.760000000000005,,True,0.0,511.12,detect_loop,released,True,15.20700000000001,3.7,1789942881709.0,False,6,6,1,,1789942882370.9321,6,0.1748,C:\Users\aaron\Desktop\NexusVision\logs\orion_native.log.1:19244,1,0.0,session_20260920_172057,Standstill,C:\Users\aaron\Desktop\NexusVision\logs\orion_native.log.1:19243
,,,150.95000000000005,,,False,7,C:\Users\aaron\Desktop\NexusVision\logs\orion_native.log.1:19323,False,1789942885959.7,71.0,,unknown,[],24.083,[],0,7,[],,,,,EXCELLENT,659.6,C:\Users\aaron\Desktop\NexusVision\logs\orion_native.log.1:19322,18.906000000000063,[],delivery_legacy,95.77,C:\Users\aaron\Desktop\NexusVision\logs\orion_native.log.1:19363,90.73,20.714399999999955,28.641245666874994,5.039999999999992,,True,0.0,508.65,detect_loop,released,True,18.90600000000001,4.6,1789942883944.0,False,6,7,1,,1789942884603.6235,7,0.1757,C:\Users\aaron\Desktop\NexusVision\logs\orion_native.log.1:19325,1,0.0,session_20260920_172057,Standstill,C:\Users\aaron\Desktop\NexusVision\logs\orion_native.log.1:19324
,,,134.21000000000004,,,False,8,C:\Users\aaron\Desktop\NexusVision\logs\orion_native.log.1:19407,False,1789942888167.4,47.0,,unknown,[],23.75,[],0,8,[],,,,,EXCELLENT,644.6,C:\Users\aaron\Desktop\NexusVision\logs\orion_native.log.1:19406,18.90599999999995,[],delivery_legacy,94.44,C:\Users\aaron\Desktop\NexusVision\logs\orion_native.log.1:19444,90.78,15.042599999999993,21.203869995944594,3.6599999999999966,,True,0.0,510.39,detect_loop,released,True,22.60500000000001,5.5,1789942886244.0,False,6,8,1,,1789942886888.5923,8,0.1718,C:\Users\aaron\Desktop\NexusVision\logs\orion_native.log.1:19409,1,0.0,session_20260920_172057,Standstill,C:\Users\aaron\Desktop\NexusVision\logs\orion_native.log.1:19408
,,,134.16999999999996,,,False,9,C:\Users\aaron\Desktop\NexusVision\logs\orion_native.log.1:19485,False,1789942890467.4,,,unknown,[],23.667,[],0,9,[],,,,,EXCELLENT,730.5,C:\Users\aaron\Desktop\NexusVision\logs\orion_native.log.1:19484,14.795999999999992,[],delivery_legacy,94.24,C:\Users\aaron\Desktop\NexusVision\logs\orion_native.log.1:19523,90.8,14.13839999999999,19.696535929000845,3.4399999999999977,,True,0.0,596.33,detect_loop,released,False,15.20700000000001,3.7,1789942888507.0,False,6,9,1,,1789942889237.4736,9,0.1746,C:\Users\aaron\Desktop\NexusVision\logs\orion_native.log.1:19487,1,0.0,session_20260920_172057,Standstill,C:\Users\aaron\Desktop\NexusVision\logs\orion_native.log.1:19486
,,,134.35000000000002,,,False,10,C:\Users\aaron\Desktop\NexusVision\logs\orion_native.log.1:19565,False,1789942892868.7,34.0,,unknown,[],24.083,[],0,10,[],,,,,LATE,735.7,C:\Users\aaron\Desktop\NexusVision\logs\orion_native.log.1:19564,15.20700000000005,[],delivery_legacy,96.22,C:\Users\aaron\Desktop\NexusVision\logs\orion_native.log.1:19607,90.72,22.605000000000018,30.7108157909431,5.5,,True,0.0,601.35,detect_loop,released,True,15.20700000000001,3.7,1789942891001.0,False,6,10,1,,1789942891736.704,10,0.1737,C:\Users\aaron\Desktop\NexusVision\logs\orion_native.log.1:19567,1,0.01,session_20260920_172057,Standstill,C:\Users\aaron\Desktop\NexusVision\logs\orion_native.log.1:19566
,,,134.32000000000005,,,False,11,C:\Users\aaron\Desktop\NexusVision\logs\orion_native.log.1:19646,False,1789942896500.6,,,unknown,[],24.0,[],0,11,[],,,,,LATE,756.0,C:\Users\aaron\Desktop\NexusVision\logs\orion_native.log.1:19645,15.20700000000005,[],delivery_legacy,96.15,C:\Users\aaron\Desktop\NexusVision\logs\orion_native.log.1:19683,90.63,22.687200000000075,31.299614425039753,5.52000000000001,,True,0.0,621.68,detect_loop,released,False,18.90600000000001,4.6,1789942893197.0,False,6,11,1,,1789942893952.963,11,0.1753,C:\Users\aaron\Desktop\NexusVision\logs\orion_native.log.1:19648,1,0.0,session_20260920_172057,Standstill,C:\Users\aaron\Desktop\NexusVision\logs\orion_native.log.1:19647
,,,134.38,,,False,12,C:\Users\aaron\Desktop\NexusVision\logs\orion_native.log.1:19720,False,1789942898719.2,48.0,,unknown,[],23.583,[],0,12,[],,,,,LATE,756.3,C:\Users\aaron\Desktop\NexusVision\logs\orion_native.log.1:19719,14.795999999999992,[],delivery_legacy,96.19,C:\Users\aaron\Desktop\NexusVision\logs\orion_native.log.1:19763,90.62,22.89269999999999,31.070452390249304,5.569999999999993,,True,0.0,621.92,detect_loop,released,True,15.20700000000001,3.7,1789942895563.0,False,6,12,1,,1789942896319.3022,12,0.1774,C:\Users\aaron\Desktop\NexusVision\logs\orion_native.log.1:19722,1,0.0,session_20260920_172057,Standstill,C:\Users\aaron\Desktop\NexusVision\logs\orion_native.log.1:19721
,,,131.2800000000001,,,False,13,C:\Users\aaron\Desktop\NexusVision\logs\orion_native.log.1:19803,False,1789942899820.3,55.0,,unknown,[],23.5,[],0,13,[],,,,,EXCELLENT,708.7,C:\Users\aaron\Desktop\NexusVision\logs\orion_native.log.1:19802,18.90599999999995,[],delivery_legacy,94.11,C:\Users\aaron\Desktop\NexusVision\logs\orion_native.log.1:19852,90.67,14.138400000000047,19.52548529912588,3.4399999999999977,,True,0.0,577.42,detect_loop,released,True,15.618000000000007,3.8,1789942897908.0,False,6,13,1,,1789942898616.7307,13,0.1723,C:\Users\aaron\Desktop\NexusVision\logs\orion_native.log.1:19805,1,0.0,session_20260920_172057,Standstill,C:\Users\aaron\Desktop\NexusVision\logs\orion_native.log.1:19804
,,,134.14999999999998,,,False,14,C:\Users\aaron\Desktop\NexusVision\logs\orion_native.log.1:19884,False,1789942902417.2,41.0,,unknown,[],24.25,[],0,14,[],,,,,EXCELLENT,689.1,C:\Users\aaron\Desktop\NexusVision\logs\orion_native.log.1:19883,15.20700000000005,[],delivery_legacy,96.15,C:\Users\aaron\Desktop\NexusVision\logs\orion_native.log.1:19921,92.47,15.12480000000005,21.043000914913122,3.680000000000007,,True,0.0,554.95,detect_loop,released,True,15.20700000000001,3.7,1789942900464.0,False,6,14,1,,1789942901153.145,14,0.1742,C:\Users\aaron\Desktop\NexusVision\logs\orion_native.log.1:19886,1,0.0,session_20260920_172057,Standstill,C:\Users\aaron\Desktop\NexusVision\logs\orion_native.log.1:19885
,,,151.01,,,False,15,C:\Users\aaron\Desktop\NexusVision\logs\orion_native.log.1:19959,False,1789942904721.1,80.0,,unknown,[],23.75,[],0,15,[],,,,,EXCELLENT,651.5,C:\Users\aaron\Desktop\NexusVision\logs\orion_native.log.1:19958,15.206999999999937,[],delivery_legacy,96.1,C:\Users\aaron\Desktop\NexusVision\logs\orion_native.log.1:19999,90.6,22.605000000000018,30.42371943799093,5.5,,True,0.0,500.49,detect_loop,released,True,15.20700000000001,3.7,1789942902785.0,False,6,15,1,,1789942903436.506,15,0.1792,C:\Users\aaron\Desktop\NexusVision\logs\orion_native.log.1:19961,1,0.0,session_20260920_172057,Standstill,C:\Users\aaron\Desktop\NexusVision\logs\orion_native.log.1:19960
,,,150.76999999999998,,,False,16,C:\Users\aaron\Desktop\NexusVision\logs\orion_native.log.1:20038,False,1789942907013.8,82.0,,unknown,[],23.75,[],0,16,[],,,,,EXCELLENT,651.9,C:\Users\aaron\Desktop\NexusVision\logs\orion_native.log.1:20037,18.90599999999995,[],delivery_legacy,96.28,C:\Users\aaron\Desktop\NexusVision\logs\orion_native.log.1:20076,90.67,23.057100000000048,31.865947174098263,5.609999999999999,,True,0.0,501.13,detect_loop,released,True,17.67300000000001,4.3,1789942905085.0,False,6,16,1,,1789942905736.941,16,0.1754,C:\Users\aaron\Desktop\NexusVision\logs\orion_native.log.1:20040,1,0.0,session_20260920_172057,Standstill,C:\Users\aaron\Desktop\NexusVision\logs\orion_native.log.1:20039
,,,150.94,,,False,17,C:\Users\aaron\Desktop\NexusVision\logs\orion_native.log.1:20115,False,1789942909617.3,77.0,,unknown,[],24.083,[],0,17,[],,,,,EXCELLENT,646.1,C:\Users\aaron\Desktop\NexusVision\logs\orion_native.log.1:20114,15.20700000000005,[],delivery_legacy,96.31,C:\Users\aaron\Desktop\NexusVision\logs\orion_native.log.1:20154,90.82,22.563900000000046,30.209651681065367,5.490000000000009,,True,0.0,495.16,detect_loop,released,True,15.20700000000001,3.7,1789942907657.0,False,6,17,1,,1789942908303.0803,17,0.1804,C:\Users\aaron\Desktop\NexusVision\logs\orion_native.log.1:20117,1,0.0,session_20260920_172057,Standstill,C:\Users\aaron\Desktop\NexusVision\logs\orion_native.log.1:20116
,,,150.85999999999996,,,False,18,C:\Users\aaron\Desktop\NexusVision\logs\orion_native.log.1:20193,False,1789942913264.0,83.0,,unknown,[],24.917,[],0,18,[],,,,,EXCELLENT,645.9,C:\Users\aaron\Desktop\NexusVision\logs\orion_native.log.1:20192,18.90599999999995,[],delivery_legacy,96.28,C:\Users\aaron\Desktop\NexusVision\logs\orion_native.log.1:20229,92.52,15.453600000000051,21.053810403718042,3.760000000000005,,True,0.0,495.04,detect_loop,released,True,18.90600000000001,4.6,1789942911291.0,False,6,18,1,,1789942911936.9055,18,0.1776,C:\Users\aaron\Desktop\NexusVision\logs\orion_native.log.1:20195,1,0.0,session_20260920_172057,Standstill,C:\Users\aaron\Desktop\NexusVision\logs\orion_native.log.1:20194
,,,150.91999999999996,,,False,19,C:\Users\aaron\Desktop\NexusVision\logs\orion_native.log.1:20273,False,1789942915766.9,82.0,,unknown,[],24.583,[],0,19,[],,,,,EXCELLENT,665.3,C:\Users\aaron\Desktop\NexusVision\logs\orion_native.log.1:20272,15.20700000000005,[],delivery_legacy,95.0,C:\Users\aaron\Desktop\NexusVision\logs\orion_native.log.1:20310,92.55,10.069500000000005,13.302204365294836,2.450000000000003,,True,0.0,514.38,detect_loop,released,True,15.20700000000001,3.7,1789942913754.0,False,6,19,1,,1789942914419.3115,19,0.1826,C:\Users\aaron\Desktop\NexusVision\logs\orion_native.log.1:20275,1,0.0,session_20260920_172057,Standstill,C:\Users\aaron\Desktop\NexusVision\logs\orion_native.log.1:20274
,,,150.92999999999995,,,False,20,C:\Users\aaron\Desktop\NexusVision\logs\orion_native.log.1:20351,False,1789942918065.9,80.0,,unknown,[],24.75,[],0,20,[],,,,,EXCELLENT,647.3,C:\Users\aaron\Desktop\NexusVision\logs\orion_native.log.1:20350,18.906000000000006,[],delivery_legacy,96.2,C:\Users\aaron\Desktop\NexusVision\logs\orion_native.log.1:20390,92.4,15.617999999999995,21.530964927191324,3.799999999999997,,True,0.0,496.37,detect_loop,released,True,18.49500000000001,4.5,1789942916122.0,False,6,20,1,,1789942916769.2844,20,0.1759,C:\Users\aaron\Desktop\NexusVision\logs\orion_native.log.1:20353,1,0.0,session_20260920_172057,Standstill,C:\Users\aaron\Desktop\NexusVision\logs\orion_native.log.1:20352
,,,150.91000000000003,,,False,21,C:\Users\aaron\Desktop\NexusVision\logs\orion_native.log.1:20431,False,1789942920263.7,82.0,,unknown,[],24.667,[],0,21,[],,,,,LATE,646.5,C:\Users\aaron\Desktop\NexusVision\logs\orion_native.log.1:20430,15.20700000000005,[],delivery_legacy,96.2,C:\Users\aaron\Desktop\NexusVision\logs\orion_native.log.1:20475,92.32,15.946800000000053,21.628853336306427,3.8800000000000097,,True,0.0,495.59,detect_loop,released,True,15.20700000000001,3.7,1789942918539.0,False,6,21,1,,1789942919185.4946,21,0.178,C:\Users\aaron\Desktop\NexusVision\logs\orion_native.log.1:20433,1,0.0,session_20260920_172057,Standstill,C:\Users\aaron\Desktop\NexusVision\logs\orion_native.log.1:20432
,,,134.39999999999998,,,False,22,C:\Users\aaron\Desktop\NexusVision\logs\orion_native.log.1:20513,False,1789942923362.3,62.0,,unknown,[],24.333,[],0,22,[],,,,,LATE,686.1,C:\Users\aaron\Desktop\NexusVision\logs\orion_native.log.1:20512,15.206999999999994,[],delivery_legacy,96.35,C:\Users\aaron\Desktop\NexusVision\logs\orion_native.log.1:20551,90.73,23.098199999999963,31.54290845821401,5.61999999999999,,True,0.0,551.7,detect_loop,released,True,15.20700000000001,3.7,1789942920749.0,False,6,22,1,,1789942921435.0676,22,0.177,C:\Users\aaron\Desktop\NexusVision\logs\orion_native.log.1:20515,1,0.0,session_20260920_172057,Standstill,C:\Users\aaron\Desktop\NexusVision\logs\orion_native.log.1:20514
,,,147.98000000000002,,,False,23,C:\Users\aaron\Desktop\NexusVision\logs\orion_native.log.1:20594,False,1789942924864.5,80.0,,unknown,[],23.667,[],0,23,[],,,,,LATE,637.1,C:\Users\aaron\Desktop\NexusVision\logs\orion_native.log.1:20593,15.20700000000005,[],delivery_legacy,96.19,C:\Users\aaron\Desktop\NexusVision\logs\orion_native.log.1:20640,90.65,22.769399999999962,30.887600356824223,5.539999999999992,,True,0.0,489.12,detect_loop,released,True,15.20700000000001,3.7,1789942923077.0,False,6,23,1,,1789942923714.0847,23,0.1783,C:\Users\aaron\Desktop\NexusVision\logs\orion_native.log.1:20596,1,0.0,session_20260920_172057,Standstill,C:\Users\aaron\Desktop\NexusVision\logs\orion_native.log.1:20595
,,,144.92999999999995,,,False,24,C:\Users\aaron\Desktop\NexusVision\logs\orion_native.log.1:20677,False,1789942927159.5,80.0,,unknown,[],24.667,[],0,24,[],,,,,LATE,638.9,C:\Users\aaron\Desktop\NexusVision\logs\orion_native.log.1:20676,18.906000000000063,[],delivery_legacy,96.27,C:\Users\aaron\Desktop\NexusVision\logs\orion_native.log.1:20714,92.16,16.892100000000028,23.358908780903665,4.109999999999999,,True,0.0,493.97,detect_loop,released,True,17.67300000000001,4.3,1789942925289.0,False,6,24,1,,1789942925927.909,24,0.1756,C:\Users\aaron\Desktop\NexusVision\logs\orion_native.log.1:20679,1,0.0,session_20260920_172057,Standstill,C:\Users\aaron\Desktop\NexusVision\logs\orion_native.log.1:20678
,,,144.89999999999998,,,False,25,C:\Users\aaron\Desktop\NexusVision\logs\orion_native.log.1:20758,False,1789942929712.7,78.0,,unknown,[],23.917,[],0,25,[],,,,,LATE,749.8,C:\Users\aaron\Desktop\NexusVision\logs\orion_native.log.1:20757,15.20700000000005,[],delivery_legacy,96.16,C:\Users\aaron\Desktop\NexusVision\logs\orion_native.log.1:20798,90.71,22.39949999999999,30.389204862272795,5.450000000000003,,True,0.0,604.9,detect_loop,released,True,15.20700000000001,3.7,1789942927578.0,False,6,25,1,,1789942928327.795,25,0.1782,C:\Users\aaron\Desktop\NexusVision\logs\orion_native.log.1:20760,1,0.0,session_20260920_172057,Standstill,C:\Users\aaron\Desktop\NexusVision\logs\orion_native.log.1:20759
,,,142.0,,,False,26,C:\Users\aaron\Desktop\NexusVision\logs\orion_native.log.1:20840,False,1789942932028.5,77.0,,unknown,[],23.667,[],0,26,[],,,,,LATE,699.1,C:\Users\aaron\Desktop\NexusVision\logs\orion_native.log.1:20839,18.495000000000005,[],delivery_legacy,96.22,C:\Users\aaron\Desktop\NexusVision\logs\orion_native.log.1:20878,90.68,22.76940000000002,31.389880446484174,5.539999999999992,,True,0.0,557.1,detect_loop,released,True,18.90600000000001,4.6,1789942929975.0,False,6,26,1,,1789942930674.0515,26,0.1756,C:\Users\aaron\Desktop\NexusVision\logs\orion_native.log.1:20842,1,-0.0,session_20260920_172057,Standstill,C:\Users\aaron\Desktop\NexusVision\logs\orion_native.log.1:20841
,,,122.31000000000006,,,False,27,C:\Users\aaron\Desktop\NexusVision\logs\orion_native.log.1:20921,False,1789942934327.3,57.0,,unknown,[],23.75,[],0,27,[],,,,,EXCELLENT,674.1,C:\Users\aaron\Desktop\NexusVision\logs\orion_native.log.1:20920,18.495000000000005,[],delivery_legacy,96.42,C:\Users\aaron\Desktop\NexusVision\logs\orion_native.log.1:20961,90.98,22.358400000000017,30.938975146448264,5.439999999999998,,True,0.0,551.79,detect_loop,released,True,18.49500000000001,4.5,1789942932364.0,False,6,27,1,,1789942933038.068,27,0.1753,C:\Users\aaron\Desktop\NexusVision\logs\orion_native.log.1:20923,1,0.0,session_20260920_172057,Standstill,C:\Users\aaron\Desktop\NexusVision\logs\orion_native.log.1:20922
,,,122.31000000000006,,,False,28,C:\Users\aaron\Desktop\NexusVision\logs\orion_native.log.1:21004,False,1789942936930.4,56.0,,unknown,[],23.75,[],0,28,[],,,,,LATE,677.2,C:\Users\aaron\Desktop\NexusVision\logs\orion_native.log.1:21003,18.906000000000063,[],delivery_legacy,96.81,C:\Users\aaron\Desktop\NexusVision\logs\orion_native.log.1:21042,91.17,23.18040000000002,31.67293760880553,5.640000000000001,,True,0.0,554.89,detect_loop,released,True,18.90600000000001,4.6,1789942934761.0,False,6,28,1,,1789942935438.1975,28,0.1771,C:\Users\aaron\Desktop\NexusVision\logs\orion_native.log.1:21006,1,0.0,session_20260920_172057,Standstill,C:\Users\aaron\Desktop\NexusVision\logs\orion_native.log.1:21005
,,,122.32999999999998,,,False,29,C:\Users\aaron\Desktop\NexusVision\logs\orion_native.log.1:21083,False,1789942939127.3,58.0,,unknown,[],25.083,[],0,29,[],,,,,EARLY,617.5,C:\Users\aaron\Desktop\NexusVision\logs\orion_native.log.1:21082,14.79600000000005,[],delivery_legacy,96.51,C:\Users\aaron\Desktop\NexusVision\logs\orion_native.log.1:21123,92.53,16.357800000000054,22.93683725218997,3.980000000000004,,True,0.0,495.17,detect_loop,released,True,15.20700000000001,3.7,1789942937037.0,False,6,29,1,,1789942937654.4648,29,0.1728,C:\Users\aaron\Desktop\NexusVision\logs\orion_native.log.1:21085,1,0.0,session_20260920_172057,Standstill,C:\Users\aaron\Desktop\NexusVision\logs\orion_native.log.1:21084
,,,122.22999999999996,,,False,30,C:\Users\aaron\Desktop\NexusVision\logs\orion_native.log.1:21168,False,1789942941325.9,54.0,,unknown,[],24.833,[],0,30,[],,,,,EXCELLENT,624.3,C:\Users\aaron\Desktop\NexusVision\logs\orion_native.log.1:21167,15.206999999999937,[],delivery_legacy,96.37,C:\Users\aaron\Desktop\NexusVision\logs\orion_native.log.1:21205,92.48,15.987900000000025,22.26037195994278,3.8900000000000006,,True,0.0,502.07,detect_loop,released,True,17.26200000000001,4.2,1789942939347.0,False,6,30,1,,1789942939971.3494,30,0.1736,C:\Users\aaron\Desktop\NexusVision\logs\orion_native.log.1:21170,1,0.0,session_20260920_172057,Standstill,C:\Users\aaron\Desktop\NexusVision\logs\orion_native.log.1:21169
,,,122.28000000000003,,,False,31,C:\Users\aaron\Desktop\NexusVision\logs\orion_native.log.1:21250,False,1789942943625.6,55.0,,unknown,[],23.75,[],0,31,[],,,,,EXCELLENT,616.2,C:\Users\aaron\Desktop\NexusVision\logs\orion_native.log.1:21249,18.906000000000063,[],delivery_legacy,96.3,C:\Users\aaron\Desktop\NexusVision\logs\orion_native.log.1:21287,90.69,23.057100000000048,31.775700934579433,5.609999999999999,,True,0.0,493.92,detect_loop,released,True,18.90600000000001,4.6,1789942941571.0,False,6,31,1,,1789942942187.2017,31,0.1751,C:\Users\aaron\Desktop\NexusVision\logs\orion_native.log.1:21252,1,0.0,session_20260920_172057,Standstill,C:\Users\aaron\Desktop\NexusVision\logs\orion_native.log.1:21251
,,,139.06,,,False,32,C:\Users\aaron\Desktop\NexusVision\logs\orion_native.log.1:21332,False,1789942945908.8,71.0,,unknown,[],23.75,[],0,32,[],,,,,EXCELLENT,650.6,C:\Users\aaron\Desktop\NexusVision\logs\orion_native.log.1:21331,15.20700000000005,[],delivery_legacy,96.23,C:\Users\aaron\Desktop\NexusVision\logs\orion_native.log.1:21369,90.67,22.851600000000076,31.924666972898496,5.560000000000002,,True,0.0,511.54,detect_loop,released,True,15.20700000000001,3.7,1789942943920.0,False,6,32,1,,1789942944570.556,32,0.1733,C:\Users\aaron\Desktop\NexusVision\logs\orion_native.log.1:21334,1,0.0,session_20260920_172057,Standstill,C:\Users\aaron\Desktop\NexusVision\logs\orion_native.log.1:21333
,,,122.25999999999993,,,False,33,C:\Users\aaron\Desktop\NexusVision\logs\orion_native.log.1:21410,False,1789942948310.6,57.0,,unknown,[],24.75,[],0,33,[],,,,,EARLY,620.3,C:\Users\aaron\Desktop\NexusVision\logs\orion_native.log.1:21409,18.90599999999995,[],delivery_legacy,96.41,C:\Users\aaron\Desktop\NexusVision\logs\orion_native.log.1:21450,92.42,16.39889999999997,22.82478119100735,3.989999999999995,,True,0.0,498.04,detect_loop,released,True,15.618000000000007,3.8,1789942946167.0,False,6,33,1,,1789942946787.2842,33,0.1742,C:\Users\aaron\Desktop\NexusVision\logs\orion_native.log.1:21412,1,0.0,session_20260920_172057,Standstill,C:\Users\aaron\Desktop\NexusVision\logs\orion_native.log.1:21411
,,,139.0,,,False,34,C:\Users\aaron\Desktop\NexusVision\logs\orion_native.log.1:21492,False,1789942950409.5,73.0,,unknown,[],24.0,[],0,34,[],,,,,EXCELLENT,635.0,C:\Users\aaron\Desktop\NexusVision\logs\orion_native.log.1:21491,15.20700000000005,[],delivery_legacy,96.24,C:\Users\aaron\Desktop\NexusVision\logs\orion_native.log.1:21531,90.72,22.68719999999996,31.047865459249653,5.519999999999996,,True,0.0,496.0,detect_loop,released,True,17.26200000000001,4.2,1789942948452.0,False,6,34,1,,1789942949086.9546,34,0.1761,C:\Users\aaron\Desktop\NexusVision\logs\orion_native.log.1:21494,1,0.0,session_20260920_172057,Standstill,C:\Users\aaron\Desktop\NexusVision\logs\orion_native.log.1:21493
,,,138.95999999999998,,,False,35,C:\Users\aaron\Desktop\NexusVision\logs\orion_native.log.1:21571,False,1789942952609.7,70.0,,unknown,[],25.0,[],0,35,[],,,,,EXCELLENT,637.9,C:\Users\aaron\Desktop\NexusVision\logs\orion_native.log.1:21570,18.906000000000006,[],delivery_legacy,94.34,C:\Users\aaron\Desktop\NexusVision\logs\orion_native.log.1:21609,92.34,8.21999999999997,11.306461642828877,2.0,,True,0.0,498.94,detect_loop,released,True,18.90600000000001,4.6,1789942950649.0,False,6,35,1,,1789942951286.8977,35,0.1763,C:\Users\aaron\Desktop\NexusVision\logs\orion_native.log.1:21573,1,0.0,session_20260920_172057,Standstill,C:\Users\aaron\Desktop\NexusVision\logs\orion_native.log.1:21572
,,,138.88000000000005,,,False,36,C:\Users\aaron\Desktop\NexusVision\logs\orion_native.log.1:21647,False,1789942956008.9,75.0,,unknown,[],24.083,[],0,36,[],,,,,LATE,637.2,C:\Users\aaron\Desktop\NexusVision\logs\orion_native.log.1:21646,15.20700000000005,[],delivery_legacy,96.16,C:\Users\aaron\Desktop\NexusVision\logs\orion_native.log.1:21687,90.7,22.44059999999996,30.195774803672123,5.459999999999994,,True,0.0,498.32,detect_loop,released,True,15.20700000000001,3.7,1789942952883.0,False,6,36,1,,1789942953520.2441,36,0.1793,C:\Users\aaron\Desktop\NexusVision\logs\orion_native.log.1:21649,1,0.0,session_20260920_172057,Standstill,C:\Users\aaron\Desktop\NexusVision\logs\orion_native.log.1:21648
,,,138.88,,,False,37,C:\Users\aaron\Desktop\NexusVision\logs\orion_native.log.1:21721,False,1789942957110.3,72.0,,unknown,[],23.75,[],0,37,[],,,,,EXCELLENT,681.0,C:\Users\aaron\Desktop\NexusVision\logs\orion_native.log.1:21720,15.20700000000005,[],delivery_legacy,95.66,C:\Users\aaron\Desktop\NexusVision\logs\orion_native.log.1:21766,90.7,20.38560000000001,28.36068385842526,4.959999999999994,,True,0.0,542.12,detect_loop,released,True,17.67300000000001,4.3,1789942955156.0,False,6,37,1,,1789942955837.0156,37,0.1746,C:\Users\aaron\Desktop\NexusVision\logs\orion_native.log.1:21723,1,0.0,session_20260920_172057,Standstill,C:\Users\aaron\Desktop\NexusVision\logs\orion_native.log.1:21722
,,,138.89,,,False,38,C:\Users\aaron\Desktop\NexusVision\logs\orion_native.log.1:21807,False,1789942959311.3,71.0,,unknown,[],,[],0,38,[],,,,,LATE,679.9,C:\Users\aaron\Desktop\NexusVision\logs\orion_native.log.1:21806,18.906000000000006,[],delivery_legacy,96.1,C:\Users\aaron\Desktop\NexusVision\logs\orion_native.log.1:21852,92.25,15.823499999999967,21.84893025367456,3.8499999999999943,,True,0.0,541.01,detect_loop,released,True,18.49500000000001,4.5,1789942957490.0,False,6,38,1,,1789942958169.9167,38,0.1756,C:\Users\aaron\Desktop\NexusVision\logs\orion_native.log.1:21809,1,-0.0,session_20260920_172057,Standstill,C:\Users\aaron\Desktop\NexusVision\logs\orion_native.log.1:21808
,,,138.9799999999999,,,False,39,C:\Users\aaron\Desktop\NexusVision\logs\orion_native.log.1:21890,False,1789942962077.4,74.0,,unknown,[],24.917,[],0,39,[],,,,,LATE,695.3,C:\Users\aaron\Desktop\NexusVision\logs\orion_native.log.1:21889,15.206999999999937,[],delivery_legacy,96.02,C:\Users\aaron\Desktop\NexusVision\logs\orion_native.log.1:21927,92.11,16.070100000000025,22.836117276019134,3.9099999999999966,,True,0.0,556.32,detect_loop,released,True,15.20700000000001,3.7,1789942959858.0,False,6,39,1,,1789942960553.2903,39,0.1705,C:\Users\aaron\Desktop\NexusVision\logs\orion_native.log.1:21892,1,0.0,session_20260920_172057,Standstill,C:\Users\aaron\Desktop\NexusVision\logs\orion_native.log.1:21891
,,,138.94999999999993,,,False,40,C:\Users\aaron\Desktop\NexusVision\logs\orion_native.log.1:21972,False,1789942964075.4,60.0,,unknown,[],25.167,[],0,40,[],,,,,LATE,685.4,C:\Users\aaron\Desktop\NexusVision\logs\orion_native.log.1:21971,15.20700000000005,[],delivery_legacy,96.05,C:\Users\aaron\Desktop\NexusVision\logs\orion_native.log.1:22018,92.2,15.823499999999967,21.300138312586416,3.8499999999999943,,True,0.0,546.45,detect_loop,released,True,15.20700000000001,3.7,1789942962201.0,False,6,40,1,,1789942962886.4287,40,0.1789,C:\Users\aaron\Desktop\NexusVision\logs\orion_native.log.1:21974,1,0.0,session_20260920_172057,Standstill,C:\Users\aaron\Desktop\NexusVision\logs\orion_native.log.1:21973
,,,136.04999999999995,,,False,41,C:\Users\aaron\Desktop\NexusVision\logs\orion_native.log.1:22054,False,1789942966576.3,67.0,,unknown,[],25.167,[],0,41,[],,,,,EXCELLENT,634.8,C:\Users\aaron\Desktop\NexusVision\logs\orion_native.log.1:22053,18.90599999999995,[],delivery_legacy,96.03,C:\Users\aaron\Desktop\NexusVision\logs\orion_native.log.1:22092,92.28,15.412499999999966,21.050858875042103,3.75,,True,0.0,498.75,detect_loop,released,True,18.08400000000001,4.4,1789942964615.0,False,6,41,1,,1789942965249.7544,41,0.1773,C:\Users\aaron\Desktop\NexusVision\logs\orion_native.log.1:22056,1,-0.0,session_20260920_172057,Standstill,C:\Users\aaron\Desktop\NexusVision\logs\orion_native.log.1:22055
,,,136.04000000000002,,,False,42,C:\Users\aaron\Desktop\NexusVision\logs\orion_native.log.1:22130,False,1789942969175.7,73.0,,unknown,[],25.833,[],0,42,[],,,,,EXCELLENT,639.0,C:\Users\aaron\Desktop\NexusVision\logs\orion_native.log.1:22129,15.206999999999994,[],delivery_legacy,96.16,C:\Users\aaron\Desktop\NexusVision\logs\orion_native.log.1:22171,92.43,15.330299999999966,21.14512471655323,3.7299999999999898,,True,0.0,502.96,detect_loop,released,True,15.20700000000001,3.7,1789942967178.0,False,6,42,1,,1789942967816.9836,42,0.1757,C:\Users\aaron\Desktop\NexusVision\logs\orion_native.log.1:22132,1,0.0,session_20260920_172057,Standstill,C:\Users\aaron\Desktop\NexusVision\logs\orion_native.log.1:22131
,,,135.95000000000005,,,False,43,C:\Users\aaron\Desktop\NexusVision\logs\orion_native.log.1:22214,False,1789942971674.9,71.0,,unknown,[],25.583,[],0,43,[],,,,,EXCELLENT,633.7,C:\Users\aaron\Desktop\NexusVision\logs\orion_native.log.1:22213,15.20700000000005,[],delivery_legacy,96.1,C:\Users\aaron\Desktop\NexusVision\logs\orion_native.log.1:22251,92.35,15.412499999999966,20.903010033444815,3.75,,True,0.0,497.75,detect_loop,released,True,15.20700000000001,3.7,1789942969733.0,False,6,43,1,,1789942970366.6616,43,0.1783,C:\Users\aaron\Desktop\NexusVision\logs\orion_native.log.1:22216,1,0.0,session_20260920_172057,Standstill,C:\Users\aaron\Desktop\NexusVision\logs\orion_native.log.1:22215
,,,119.26000000000005,,,False,44,C:\Users\aaron\Desktop\NexusVision\logs\orion_native.log.1:22294,False,1789942974177.3,53.0,,unknown,[],26.417,[],0,44,[],,,,,EXCELLENT,607.7,C:\Users\aaron\Desktop\NexusVision\logs\orion_native.log.1:22293,14.795999999999992,[],delivery_legacy,96.31,C:\Users\aaron\Desktop\NexusVision\logs\orion_native.log.1:22333,92.62,15.165899999999965,20.78053725291433,3.6899999999999977,,True,0.0,488.44,detect_loop,released,True,13.563000000000006,3.3,1789942972192.0,False,6,44,1,,1789942972799.6553,44,0.1763,C:\Users\aaron\Desktop\NexusVision\logs\orion_native.log.1:22296,1,0.0,session_20260920_172057,Standstill,C:\Users\aaron\Desktop\NexusVision\logs\orion_native.log.1:22295
,,,119.30000000000001,,,False,45,C:\Users\aaron\Desktop\NexusVision\logs\orion_native.log.1:22375,False,1789942976491.7,55.0,,unknown,[],26.333,[],0,45,[],,,,,EARLY,609.6,C:\Users\aaron\Desktop\NexusVision\logs\orion_native.log.1:22374,15.206999999999994,[],delivery_legacy,96.68,C:\Users\aaron\Desktop\NexusVision\logs\orion_native.log.1:22413,92.75,16.152300000000025,22.642161663882046,3.930000000000007,,True,0.0,490.3,detect_loop,released,True,16.029000000000007,3.9,1789942974556.0,False,6,45,1,,1789942975165.5833,45,0.1731,C:\Users\aaron\Desktop\NexusVision\logs\orion_native.log.1:22377,1,0.0,session_20260920_172057,Standstill,C:\Users\aaron\Desktop\NexusVision\logs\orion_native.log.1:22376
,,,119.30000000000001,,,False,46,C:\Users\aaron\Desktop\NexusVision\logs\orion_native.log.1:22455,False,1789942979024.9,55.0,,unknown,[],26.25,[],0,46,[],,,,,EARLY,622.6,C:\Users\aaron\Desktop\NexusVision\logs\orion_native.log.1:22454,15.20700000000005,[],delivery_legacy,96.72,C:\Users\aaron\Desktop\NexusVision\logs\orion_native.log.1:22495,92.68,16.6044,22.89600453386224,4.039999999999992,,True,0.0,503.3,detect_loop,released,True,15.20700000000001,3.7,1789942977110.0,False,6,46,1,,1789942977732.5745,46,0.175,C:\Users\aaron\Desktop\NexusVision\logs\orion_native.log.1:22457,1,0.0,session_20260920_172057,Standstill,C:\Users\aaron\Desktop\NexusVision\logs\orion_native.log.1:22456
,,,122.26000000000005,,,False,47,C:\Users\aaron\Desktop\NexusVision\logs\orion_native.log.1:22538,False,1789942981427.7,56.0,,unknown,[],26.0,[],0,47,[],,,,,EXCELLENT,628.2,C:\Users\aaron\Desktop\NexusVision\logs\orion_native.log.1:22537,14.795999999999992,[],delivery_legacy,96.72,C:\Users\aaron\Desktop\NexusVision\logs\orion_native.log.1:22577,93.05,15.083700000000022,20.895012525620597,3.6700000000000017,,True,0.0,505.94,detect_loop,released,True,15.20700000000001,3.7,1789942979391.0,False,6,47,1,,1789942980019.163,47,0.1745,C:\Users\aaron\Desktop\NexusVision\logs\orion_native.log.1:22540,1,-0.0,session_20260920_172057,Standstill,C:\Users\aaron\Desktop\NexusVision\logs\orion_native.log.1:22539
,,,122.22999999999996,,,False,48,C:\Users\aaron\Desktop\NexusVision\logs\orion_native.log.1:22619,False,1789942984130.9,55.0,,unknown,[],25.917,[],0,48,[],,,,,EARLY,630.3,C:\Users\aaron\Desktop\NexusVision\logs\orion_native.log.1:22618,18.495000000000005,[],delivery_legacy,96.37,C:\Users\aaron\Desktop\NexusVision\logs\orion_native.log.1:22658,92.5,15.905700000000081,22.28877498128206,3.8700000000000045,,True,0.0,508.07,detect_loop,released,True,15.20700000000001,3.7,1789942981888.0,False,6,48,1,,1789942982518.3418,48,0.1731,C:\Users\aaron\Desktop\NexusVision\logs\orion_native.log.1:22621,1,0.0,session_20260920_172057,Standstill,C:\Users\aaron\Desktop\NexusVision\logs\orion_native.log.1:22620
,,,122.31000000000006,,,False,49,C:\Users\aaron\Desktop\NexusVision\logs\orion_native.log.1:22703,False,1789942987524.9,54.0,,unknown,[],26.25,[],0,49,[],,,,,EARLY,670.7,C:\Users\aaron\Desktop\NexusVision\logs\orion_native.log.1:22702,15.20700000000005,[],delivery_legacy,96.77,C:\Users\aaron\Desktop\NexusVision\logs\orion_native.log.1:22741,92.98,15.576899999999966,22.27577289291167,3.789999999999992,,True,0.0,548.39,detect_loop,released,True,16.44000000000001,4.0,1789942984864.0,False,6,49,1,,1789942985534.7217,49,0.1695,C:\Users\aaron\Desktop\NexusVision\logs\orion_native.log.1:22705,1,0.0,session_20260920_172057,Standstill,C:\Users\aaron\Desktop\NexusVision\logs\orion_native.log.1:22704
,,,125.43000000000006,,,False,50,C:\Users\aaron\Desktop\NexusVision\logs\orion_native.log.1:22781,False,1789942990523.9,56.0,,unknown,[],26.0,[],0,50,[],,,,,LATE,627.7,C:\Users\aaron\Desktop\NexusVision\logs\orion_native.log.1:22780,15.206999999999994,[],delivery_legacy,96.66,C:\Users\aaron\Desktop\NexusVision\logs\orion_native.log.1:22822,92.74,16.111199999999997,22.487379531895375,3.9200000000000017,,True,0.0,502.27,detect_loop,released,True,15.20700000000001,3.7,1789942987344.0,False,6,50,1,,1789942987971.7004,50,0.1738,C:\Users\aaron\Desktop\NexusVision\logs\orion_native.log.1:22783,1,0.0,session_20260920_172057,Standstill,C:\Users\aaron\Desktop\NexusVision\logs\orion_native.log.1:22782
,,,125.34000000000003,,,False,51,C:\Users\aaron\Desktop\NexusVision\logs\orion_native.log.1:22863,False,1789942994079.7,59.0,,unknown,[],,[],0,51,[],,,,,,614.2,C:\Users\aaron\Desktop\NexusVision\logs\orion_native.log.1:22862,15.206999999999994,[],delivery_legacy,96.72,C:\Users\aaron\Desktop\NexusVision\logs\orion_native.log.1:22906,92.85,15.905700000000081,22.158602920125993,3.8700000000000045,,True,0.0,488.86,detect_loop,released,True,16.851000000000006,4.1,1789942989724.0,False,6,51,1,,1789942990338.176,51,0.1737,C:\Users\aaron\Desktop\NexusVision\logs\orion_native.log.1:22865,1,0.0,session_20260920_172057,Standstill,C:\Users\aaron\Desktop\NexusVision\logs\orion_native.log.1:22864
,,,125.28000000000003,,,False,52,C:\Users\aaron\Desktop\NexusVision\logs\orion_native.log.1:22943,False,1789942994961.7,58.0,,unknown,[],,[],0,52,[],,,,,LATE,634.1,C:\Users\aaron\Desktop\NexusVision\logs\orion_native.log.1:22942,14.79600000000005,[],delivery_legacy,96.82,C:\Users\aaron\Desktop\NexusVision\logs\orion_native.log.1:22988,92.74,16.7688,23.35967021642046,4.079999999999998,,True,0.0,508.82,detect_loop,released,True,15.20700000000001,3.7,1789942992437.0,False,6,52,1,,1789942993071.0837,52,0.1737,C:\Users\aaron\Desktop\NexusVision\logs\orion_native.log.1:22945,1,0.0,session_20260920_172057,Standstill,C:\Users\aaron\Desktop\NexusVision\logs\orion_native.log.1:22944
,,,125.24999999999994,,,False,53,C:\Users\aaron\Desktop\NexusVision\logs\orion_native.log.1:23031,False,1789942996756.4,61.0,,unknown,[],25.5,[],0,53,[],,,,,EXCELLENT,628.8,C:\Users\aaron\Desktop\NexusVision\logs\orion_native.log.1:23030,14.795999999999992,[],delivery_legacy,96.71,C:\Users\aaron\Desktop\NexusVision\logs\orion_native.log.1:23069,93.02,15.165900000000022,20.772348570141848,3.6899999999999977,,True,0.0,503.55,detect_loop,released,True,15.20700000000001,3.7,1789942994842.0,False,6,53,1,,1789942995470.8425,53,0.1761,C:\Users\aaron\Desktop\NexusVision\logs\orion_native.log.1:23033,1,-0.0,session_20260920_172057,Standstill,C:\Users\aaron\Desktop\NexusVision\logs\orion_native.log.1:23032
,,,125.37999999999994,,,False,54,C:\Users\aaron\Desktop\NexusVision\logs\orion_native.log.1:23108,False,1789942999057.8,55.0,,unknown,[],25.25,[],0,54,[],,,,,EXCELLENT,627.8,C:\Users\aaron\Desktop\NexusVision\logs\orion_native.log.1:23107,15.20700000000005,[],delivery_legacy,96.72,C:\Users\aaron\Desktop\NexusVision\logs\orion_native.log.1:23148,93.03,15.165900000000022,20.69081529662441,3.6899999999999977,,True,0.0,502.42,detect_loop,released,True,13.152000000000008,3.2,1789942997110.0,False,6,54,1,,1789942997737.7524,54,0.1769,C:\Users\aaron\Desktop\NexusVision\logs\orion_native.log.1:23110,1,-0.0,session_20260920_172057,Standstill,C:\Users\aaron\Desktop\NexusVision\logs\orion_native.log.1:23109
,,,125.25,,,False,55,C:\Users\aaron\Desktop\NexusVision\logs\orion_native.log.1:23190,False,1789943001658.6,59.0,,unknown,[],25.167,[],0,55,[],,,,,EARLY,654.9,C:\Users\aaron\Desktop\NexusVision\logs\orion_native.log.1:23189,15.20700000000005,[],delivery_legacy,96.74,C:\Users\aaron\Desktop\NexusVision\logs\orion_native.log.1:23228,92.77,16.31669999999997,22.388901421159478,3.969999999999999,,True,0.0,529.65,detect_loop,released,True,15.20700000000001,3.7,1789942999466.0,False,6,55,1,,1789943000120.9,55,0.1759,C:\Users\aaron\Desktop\NexusVision\logs\orion_native.log.1:23192,1,0.0,session_20260920_172057,Standstill,C:\Users\aaron\Desktop\NexusVision\logs\orion_native.log.1:23191
,,,125.25,,,False,56,C:\Users\aaron\Desktop\NexusVision\logs\orion_native.log.1:23268,False,1789943004056.8,62.0,,unknown,[],25.167,[],0,56,[],,,,,EARLY,628.1,C:\Users\aaron\Desktop\NexusVision\logs\orion_native.log.1:23267,15.206999999999937,[],delivery_legacy,96.69,C:\Users\aaron\Desktop\NexusVision\logs\orion_native.log.1:23305,92.63,16.6866,22.897749703908424,4.060000000000002,,True,0.0,502.85,detect_loop,released,True,15.20700000000001,3.7,1789943001859.0,False,6,56,1,,1789943002487.1013,56,0.1763,C:\Users\aaron\Desktop\NexusVision\logs\orion_native.log.1:23270,1,-0.0,session_20260920_172057,Standstill,C:\Users\aaron\Desktop\NexusVision\logs\orion_native.log.1:23269
,,,128.24,,,False,57,C:\Users\aaron\Desktop\NexusVision\logs\orion_native.log.1:23348,False,1789943006257.4,63.0,,unknown,[],24.917,[],0,57,[],,,,,EARLY,629.6,C:\Users\aaron\Desktop\NexusVision\logs\orion_native.log.1:23347,14.795999999999992,[],delivery_legacy,96.73,C:\Users\aaron\Desktop\NexusVision\logs\orion_native.log.1:23385,92.79,16.193399999999997,22.305253623188396,3.9399999999999977,,True,0.0,501.36,detect_loop,released,True,15.20700000000001,3.7,1789943004127.0,False,6,57,1,,1789943004756.6296,57,0.1751,C:\Users\aaron\Desktop\NexusVision\logs\orion_native.log.1:23350,1,-0.0,session_20260920_172057,Standstill,C:\Users\aaron\Desktop\NexusVision\logs\orion_native.log.1:23349
,,,131.26,,,False,58,C:\Users\aaron\Desktop\NexusVision\logs\orion_native.log.1:23427,False,1789943008561.0,65.0,,unknown,[],24.917,[],0,58,[],,,,,EXCELLENT,628.0,C:\Users\aaron\Desktop\NexusVision\logs\orion_native.log.1:23426,14.795999999999992,[],delivery_legacy,96.73,C:\Users\aaron\Desktop\NexusVision\logs\orion_native.log.1:23465,93.0,15.330300000000022,21.135539437896668,3.730000000000004,,True,0.0,496.74,detect_loop,released,True,15.20700000000001,3.7,1789943006532.0,False,6,58,1,,1789943007159.9883,58,0.1757,C:\Users\aaron\Desktop\NexusVision\logs\orion_native.log.1:23429,1,0.0,session_20260920_172057,Standstill,C:\Users\aaron\Desktop\NexusVision\logs\orion_native.log.1:23428
,,,128.27999999999997,,,False,59,C:\Users\aaron\Desktop\NexusVision\logs\orion_native.log.1:23507,False,1789943011406.1,61.0,,unknown,[],24.75,[],0,59,[],,,,,EXCELLENT,716.1,C:\Users\aaron\Desktop\NexusVision\logs\orion_native.log.1:23506,15.206999999999994,[],delivery_legacy,94.91,C:\Users\aaron\Desktop\NexusVision\logs\orion_native.log.1:23546,92.66,9.247500000000002,12.72336575435422,2.25,,True,0.0,587.82,detect_loop,released,True,15.20700000000001,3.7,1789943009407.0,False,6,59,1,,1789943010123.102,59,0.1755,C:\Users\aaron\Desktop\NexusVision\logs\orion_native.log.1:23509,1,0.0,session_20260920_172057,Standstill,C:\Users\aaron\Desktop\NexusVision\logs\orion_native.log.1:23508
,,,128.24,,,False,60,C:\Users\aaron\Desktop\NexusVision\logs\orion_native.log.1:23590,False,1789943013706.6,59.0,,unknown,[],24.0,[],0,60,[],,,,,EXCELLENT,738.5,C:\Users\aaron\Desktop\NexusVision\logs\orion_native.log.1:23589,14.795999999999992,[],delivery_legacy,96.71,C:\Users\aaron\Desktop\NexusVision\logs\orion_native.log.1:23627,91.22,22.56389999999999,31.52092782913243,5.489999999999995,,True,0.0,610.26,detect_loop,released,True,15.20700000000001,3.7,1789943011601.0,False,6,60,1,,1789943012339.5356,60,0.1729,C:\Users\aaron\Desktop\NexusVision\logs\orion_native.log.1:23592,1,0.0,session_20260920_172057,Standstill,C:\Users\aaron\Desktop\NexusVision\logs\orion_native.log.1:23591
,,,128.26,,,False,61,C:\Users\aaron\Desktop\NexusVision\logs\orion_native.log.1:23670,False,1789943015907.7,59.0,,unknown,[],25.0,[],0,61,[],,,,,EXCELLENT,983.5,C:\Users\aaron\Desktop\NexusVision\logs\orion_native.log.1:23669,14.79600000000005,[],delivery_legacy,96.73,C:\Users\aaron\Desktop\NexusVision\logs\orion_native.log.1:23707,93.06,15.083699999999965,20.656272865424675,3.6700000000000017,,True,0.0,855.24,detect_loop,released,True,15.20700000000001,3.7,1789943013573.0,False,6,61,1,,1789943014556.5137,61,0.1762,C:\Users\aaron\Desktop\NexusVision\logs\orion_native.log.1:23672,1,0.0,session_20260920_172057,Standstill,C:\Users\aaron\Desktop\NexusVision\logs\orion_native.log.1:23671
,,,131.31,,,False,62,C:\Users\aaron\Desktop\NexusVision\logs\orion_native.log.1:23746,False,1789943018206.3,64.0,,unknown,[],24.167,[],0,62,[],,,,,EXCELLENT,627.1,C:\Users\aaron\Desktop\NexusVision\logs\orion_native.log.1:23745,18.906000000000006,[],delivery_legacy,94.94,C:\Users\aaron\Desktop\NexusVision\logs\orion_native.log.1:23783,91.38,14.631600000000049,20.15398550724639,3.5600000000000023,,True,0.0,495.79,detect_loop,released,True,15.618000000000007,3.8,1789943016265.0,False,6,62,1,,1789943016892.108,62,0.1757,C:\Users\aaron\Desktop\NexusVision\logs\orion_native.log.1:23748,1,0.0,session_20260920_172057,Standstill,C:\Users\aaron\Desktop\NexusVision\logs\orion_native.log.1:23747
,,,131.27999999999997,,,False,63,C:\Users\aaron\Desktop\NexusVision\logs\orion_native.log.1:23823,False,1789943020506.6,65.0,,unknown,[],24.917,[],0,63,[],,,,,EXCELLENT,650.0,C:\Users\aaron\Desktop\NexusVision\logs\orion_native.log.1:23822,15.206999999999994,[],delivery_legacy,96.69,C:\Users\aaron\Desktop\NexusVision\logs\orion_native.log.1:23863,92.98,15.248099999999965,20.73668324856069,3.7099999999999937,,True,0.0,518.72,detect_loop,released,True,15.20700000000001,3.7,1789943018492.0,False,6,63,1,,1789943019141.9998,63,0.1777,C:\Users\aaron\Desktop\NexusVision\logs\orion_native.log.1:23825,1,0.0,session_20260920_172057,Standstill,C:\Users\aaron\Desktop\NexusVision\logs\orion_native.log.1:23824
,,,131.23000000000002,,,False,64,C:\Users\aaron\Desktop\NexusVision\logs\orion_native.log.1:23903,False,1789943024404.4,64.0,,unknown,[],23.75,[],0,64,[],,,,,LATE,669.6,C:\Users\aaron\Desktop\NexusVision\logs\orion_native.log.1:23902,14.795999999999992,[],delivery_legacy,96.75,C:\Users\aaron\Desktop\NexusVision\logs\orion_native.log.1:23941,91.2,22.81049999999999,31.68350744990579,5.549999999999997,,True,0.0,538.37,detect_loop,released,True,18.90600000000001,4.6,1789943020706.0,False,6,64,1,,1789943021375.6267,64,0.1745,C:\Users\aaron\Desktop\NexusVision\logs\orion_native.log.1:23905,1,0.0,session_20260920_172057,Standstill,C:\Users\aaron\Desktop\NexusVision\logs\orion_native.log.1:23904
,,,131.30999999999995,,,False,65,C:\Users\aaron\Desktop\NexusVision\logs\orion_native.log.1:23980,False,1789943025322.0,64.0,,unknown,[],25.0,[],0,65,[],,,,,LATE,681.4,C:\Users\aaron\Desktop\NexusVision\logs\orion_native.log.1:23979,18.906000000000006,[],delivery_legacy,96.74,C:\Users\aaron\Desktop\NexusVision\logs\orion_native.log.1:24025,92.72,16.522199999999998,22.724703222159388,4.019999999999996,,True,0.0,550.09,detect_loop,released,True,17.67300000000001,4.3,1789943022994.0,False,6,65,1,,1789943023675.3699,65,0.1759,C:\Users\aaron\Desktop\NexusVision\logs\orion_native.log.1:23982,1,0.0,session_20260920_172057,Standstill,C:\Users\aaron\Desktop\NexusVision\logs\orion_native.log.1:23981
,,,128.33000000000004,,,False,66,C:\Users\aaron\Desktop\NexusVision\logs\orion_native.log.1:24067,False,1789943028672.4,60.0,,unknown,[],23.833,[],0,66,[],,,,,LATE,672.6,C:\Users\aaron\Desktop\NexusVision\logs\orion_native.log.1:24066,15.206999999999937,[],delivery_legacy,96.65,C:\Users\aaron\Desktop\NexusVision\logs\orion_native.log.1:24105,91.14,22.646100000000047,31.63939132931384,5.510000000000005,,True,0.0,544.27,detect_loop,released,True,15.618000000000007,3.8,1789943025233.0,False,6,66,1,,1789943025905.5615,66,0.1731,C:\Users\aaron\Desktop\NexusVision\logs\orion_native.log.1:24069,1,0.0,session_20260920_172057,Standstill,C:\Users\aaron\Desktop\NexusVision\logs\orion_native.log.1:24068
,,,128.25,,,False,67,C:\Users\aaron\Desktop\NexusVision\logs\orion_native.log.1:24139,False,1789943029372.8,63.0,,unknown,[],24.917,[],0,67,[],,,,,EXCELLENT,663.5,C:\Users\aaron\Desktop\NexusVision\logs\orion_native.log.1:24138,14.795999999999992,[],delivery_legacy,96.85,C:\Users\aaron\Desktop\NexusVision\logs\orion_native.log.1:24186,93.11,15.371399999999994,21.262080727686158,3.739999999999995,,True,0.0,535.25,detect_loop,released,True,17.26200000000001,4.2,1789943027426.0,False,6,67,1,,1789943028089.461,67,0.1751,C:\Users\aaron\Desktop\NexusVision\logs\orion_native.log.1:24141,1,0.0,session_20260920_172057,Standstill,C:\Users\aaron\Desktop\NexusVision\logs\orion_native.log.1:24140
,,,,,,False,,,False,1789967584535.5,,,unknown,[],,[],0,2,[],,,,,,,,,[],,,,,,,,,True,0.0,,,disarmed,False,,,1789967583344.0,False,,1,1,,,,,,,,session_20260921_001209,Standstill,
,,,,,,False,,,False,1789967586989.8,,,unknown,[],,[],0,3,[],,,,,,,,,[],,,,,,,,,True,0.0,,,unanswered,False,,,1789967584534.0,False,,2,1,,,,,,,,session_20260921_001209,Go-To,
,,,,,,False,,,False,1789967587032.1,,,unknown,[],,[],0,4,[],,,,,,,,,[],,,,,,,,,True,0.0,,,unanswered,False,,,1789967584987.0,False,,3,1,,,,,,,,session_20260921_001209,Go-To,
,,,,,,False,,,False,1789967587052.0,,,unknown,[],,[],0,5,[],,,,,,,,,[],,,,,,,,,True,0.0,,,unanswered,False,,,1789967585049.0,False,,4,1,,,,,,,,session_20260921_001209,Go-To,
,,,,,,False,,,False,1789967587191.2,,,unknown,[],,[],0,6,[],,,,,,,,,[],,,,,,,,,True,0.0,,,unanswered,False,,,1789967585170.0,False,,5,1,,,,,,,,session_20260921_001209,Go-To,
,,,,,,False,,,False,1789967587396.8,,,unknown,[],,[],0,7,[],,,,,,,,,[],,,,,,,,,True,0.0,,,unanswered,False,,,1789967585241.0,False,,6,1,,,,,,,,session_20260921_001209,Go-To,
,,,,,,False,,,False,1789967587447.4,,,unknown,[],,[],0,8,[],,,,,,,,,[],,,,,,,,,True,0.0,,,unanswered,False,,,1789967585358.0,False,,7,1,,,,,,,,session_20260921_001209,Go-To,
,,,,,,False,,,False,1789967588223.6,,,unknown,[],,[],0,9,[],,,,,,,,,[],,,,,,,,,True,0.0,,,unanswered,False,,,1789967585613.0,False,,8,1,,,,,,,,session_20260921_001209,Go-To,
,,,,,,False,,,False,1789967588446.7,,,unknown,[],,[],0,10,[],,,,,,,,,[],,,,,,,,,True,0.0,,,unanswered,False,,,1789967585699.0,False,,9,1,,,,,,,,session_20260921_001209,Go-To,
,,,,,,False,,,False,1789967588608.7,,,unknown,[],,[],0,11,[],,,,,,,,,[],,,,,,,,,True,0.0,,,unanswered,False,,,1789967586988.0,False,,10,1,,,,,,,,session_20260921_001209,Go-To,
,,,,,,False,,,False,1789967588775.1,,,unknown,[],,[],0,12,[],,,,,,,,,[],,,,,,,,,True,0.0,,,unanswered,False,,,1789967587030.0,False,,11,1,,,,,,,,session_20260921_001209,Go-To,
,,,,,,False,,,False,1789967588933.6,,,unknown,[],,[],0,13,[],,,,,,,,,[],,,,,,,,,True,0.0,,,unanswered,False,,,1789967587052.0,False,,12,1,,,,,,,,session_20260921_001209,Go-To,
,,,,,,False,,,False,1789967589088.2,,,unknown,[],,[],0,14,[],,,,,,,,,[],,,,,,,,,True,0.0,,,unanswered,False,,,1789967587190.0,False,,13,1,,,,,,,,session_20260921_001209,Go-To,
,,,,,,False,,,False,1789967589262.1,,,unknown,[],,[],0,15,[],,,,,,,,,[],,,,,,,,,True,0.0,,,unanswered,False,,,1789967587396.0,False,,14,1,,,,,,,,session_20260921_001209,Go-To,
,,,,,,False,,,False,1789967589444.8,,,unknown,[],,[],0,16,[],,,,,,,,,[],,,,,,,,,True,0.0,,,unanswered,False,,,1789967587447.0,False,,15,1,,,,,,,,session_20260921_001209,Go-To,
,,,,,,False,,,False,1789967589624.4,,,unknown,[],,[],0,17,[],,,,,,,,,[],,,,,,,,,True,0.0,,,unanswered,False,,,1789967588223.0,False,,16,1,,,,,,,,session_20260921_001209,Go-To,
,,,,,,False,,,False,1789967589810.3,,,unknown,[],,[],0,18,[],,,,,,,,,[],,,,,,,,,True,0.0,,,unanswered,False,,,1789967588446.0,False,,17,1,,,,,,,,session_20260921_001209,Go-To,
,,,,,,False,,,False,1789967589982.5,,,unknown,[],,[],0,19,[],,,,,,,,,[],,,,,,,,,True,0.0,,,unanswered,False,,,1789967588607.0,False,,18,1,,,,,,,,session_20260921_001209,Go-To,
,,,,,,False,,,False,1789967590143.0,,,unknown,[],,[],0,20,[],,,,,,,,,[],,,,,,,,,True,0.0,,,unanswered,False,,,1789967588774.0,False,,19,1,,,,,,,,session_20260921_001209,Go-To,
,,,,,,False,,,False,1789967590268.5,,,unknown,[],,[],0,21,[],,,,,,,,,[],,,,,,,,,True,0.0,,,unanswered,False,,,1789967588932.0,False,,20,1,,,,,,,,session_20260921_001209,Go-To,
,,,,,,False,,,False,1789967590393.5,,,unknown,[],,[],0,22,[],,,,,,,,,[],,,,,,,,,True,0.0,,,unanswered,False,,,1789967589086.0,False,,21,1,,,,,,,,session_20260921_001209,Go-To,
,,,,,,False,,,False,1789967590478.2,,,unknown,[],,[],0,23,[],,,,,,,,,[],,,,,,,,,True,0.0,,,unanswered,False,,,1789967589261.0,False,,22,1,,,,,,,,session_20260921_001209,Go-To,
,,,,,,False,,,False,1789967590593.3,,,unknown,[],,[],0,24,[],,,,,,,,,[],,,,,,,,,True,0.0,,,unanswered,False,,,1789967589443.0,False,,23,1,,,,,,,,session_20260921_001209,Go-To,
,,,,,,False,,,False,1789967590681.6,,,unknown,[],,[],0,25,[],,,,,,,,,[],,,,,,,,,True,0.0,,,unanswered,False,,,1789967589622.0,False,,24,1,,,,,,,,session_20260921_001209,Go-To,
,,,,,,False,,,False,1789967590814.7,,,unknown,[],,[],0,26,[],,,,,,,,,[],,,,,,,,,True,0.0,,,unanswered,False,,,1789967589810.0,False,,25,1,,,,,,,,session_20260921_001209,Go-To,
,,,,,,False,,,False,1789967590955.9,,,unknown,[],,[],0,27,[],,,,,,,,,[],,,,,,,,,True,0.0,,,unanswered,False,,,1789967589982.0,False,,26,1,,,,,,,,session_20260921_001209,Go-To,
,,,,,,False,,,False,1789967591090.0,,,unknown,[],,[],0,28,[],,,,,,,,,[],,,,,,,,,True,0.0,,,unanswered,False,,,1789967590143.0,False,,27,1,,,,,,,,session_20260921_001209,Go-To,
,,,,,,False,,,False,1789967591192.6,,,unknown,[],,[],0,29,[],,,,,,,,,[],,,,,,,,,True,0.0,,,unanswered,False,,,1789967590267.0,False,,28,1,,,,,,,,session_20260921_001209,Go-To,
,,,,,,False,,,False,1789967591313.7,,,unknown,[],,[],0,30,[],,,,,,,,,[],,,,,,,,,True,0.0,,,unanswered,False,,,1789967590393.0,False,,29,1,,,,,,,,session_20260921_001209,Go-To,
,,,,,,False,,,False,1789967591409.9,,,unknown,[],,[],0,31,[],,,,,,,,,[],,,,,,,,,True,0.0,,,unanswered,False,,,1789967590476.0,False,,30,1,,,,,,,,session_20260921_001209,Go-To,
,,,,,,False,,,False,1789967591529.6,,,unknown,[],,[],0,32,[],,,,,,,,,[],,,,,,,,,True,0.0,,,unanswered,False,,,1789967590593.0,False,,31,1,,,,,,,,session_20260921_001209,Go-To,
,,,,,,False,,,False,1789967591622.3,,,unknown,[],,[],0,33,[],,,,,,,,,[],,,,,,,,,True,0.0,,,unanswered,False,,,1789967590680.0,False,,32,1,,,,,,,,session_20260921_001209,Go-To,
,,,,,,False,,,False,1789967591746.8,,,unknown,[],,[],0,34,[],,,,,,,,,[],,,,,,,,,True,0.0,,,unanswered,False,,,1789967590813.0,False,,33,1,,,,,,,,session_20260921_001209,Go-To,
,,,,,,False,,,False,1789967591850.5,,,unknown,[],,[],0,35,[],,,,,,,,,[],,,,,,,,,True,0.0,,,unanswered,False,,,1789967590954.0,False,,34,1,,,,,,,,session_20260921_001209,Go-To,
,,,,,,False,,,False,1789967591950.7,,,unknown,[],,[],0,36,[],,,,,,,,,[],,,,,,,,,True,0.0,,,unanswered,False,,,1789967591088.0,False,,35,1,,,,,,,,session_20260921_001209,Go-To,
,,,,,,False,,,False,1789967592112.8,,,unknown,[],,[],0,37,[],,,,,,,,,[],,,,,,,,,True,0.0,,,unanswered,False,,,1789967591192.0,False,,36,1,,,,,,,,session_20260921_001209,Go-To,
,,,,,,False,,,False,1789967592278.5,,,unknown,[],,[],0,38,[],,,,,,,,,[],,,,,,,,,True,0.0,,,unanswered,False,,,1789967591313.0,False,,37,1,,,,,,,,session_20260921_001209,Go-To,
,,,,,,False,,,False,1789967592678.9,,,unknown,[],,[],0,39,[],,,,,,,,,[],,,,,,,,,True,0.0,,,unanswered,False,,,1789967591407.0,False,,38,1,,,,,,,,session_20260921_001209,Go-To,
,,,,,,False,,,False,1789967593344.1,,,unknown,[],,[],0,40,[],,,,,,,,,[],,,,,,,,,True,0.0,,,unanswered,False,,,1789967591529.0,False,,39,1,,,,,,,,session_20260921_001209,Go-To,
,,,,,,False,,,False,1789967599794.7,,,unknown,[],,[],0,41,[],,,,,,,,,[],,,,,,,,,True,0.0,,,unanswered,False,,,1789967591620.0,False,,40,1,,,,,,,,session_20260921_001209,Go-To,
,,,,,,False,,,False,1789967599794.7,,,unknown,[],,[],0,42,[],,,,,,,,,[],,,,,,,,,True,0.0,,,unanswered,False,,,1789967591745.0,False,,41,1,,,,,,,,session_20260921_001209,Go-To,
,,,,,,False,,,False,1789967600137.7,,,unknown,[],,[],0,43,[],,,,,,,,,[],,,,,,,,,True,0.0,,,unanswered,False,,,1789967591849.0,False,,42,1,,,,,,,,session_20260921_001209,Go-To,
,,,,,,False,,,False,1789967600137.7,,,unknown,[],,[],0,44,[],,,,,,,,,[],,,,,,,,,True,0.0,,,unanswered,False,,,1789967591949.0,False,,43,1,,,,,,,,session_20260921_001209,Go-To,
,,,,,,False,,,False,1789967600137.7,,,unknown,[],,[],0,45,[],,,,,,,,,[],,,,,,,,,True,0.0,,,unanswered,False,,,1789967592112.0,False,,44,1,,,,,,,,session_20260921_001209,Go-To,
,,,,,,False,,,False,1789967600536.5,,,unknown,[],,[],0,46,[],,,,,,,,,[],,,,,,,,,True,0.0,,,unanswered,False,,,1789967592278.0,False,,45,1,,,,,,,,session_20260921_001209,Go-To,
,,,,,,False,,,False,1789967600837.6,,,unknown,[],,[],0,47,[],,,,,,,,,[],,,,,,,,,True,0.0,,,unanswered,False,,,1789967592677.0,False,,46,1,,,,,,,,session_20260921_001209,Go-To,
,,,,,,False,,,False,1789967601364.5,,,unknown,[],,[],0,48,[],,,,,,,,,[],,,,,,,,,True,0.0,,,unanswered,False,,,1789967593342.0,False,,47,1,,,,,,,,session_20260921_001209,Go-To,
,,,146.76999999999998,,,False,,,False,1789967620558.0,,,unknown,[],25.5,[],0,49,[],,,,,EXCELLENT,654.3,,,[],,,,,,,,,True,0.0,507.53,detect_loop,released,False,,,1789967618619.0,False,,48,1,,1789967619273.2622,,,,,,session_20260921_001209,Standstill,
,,,146.33000000000004,,,False,,,False,1789967623453.9,,,unknown,[],24.333,[],0,50,[],,,,,EXCELLENT,644.1,,,[],,,,,,,,,True,0.0,497.77,detect_loop,released,False,,,1789967621561.0,False,,49,1,,1789967622205.0593,,,,,,session_20260921_001209,Standstill,
,,,146.38,,,False,,,False,1789967626053.5,,,unknown,[],24.5,[],0,51,[],,,,,EXCELLENT,642.9,,,[],,,,,,,,,True,0.0,496.52,detect_loop,released,False,,,1789967624162.0,False,,50,1,,1789967624804.8572,,,,,,session_20260921_001209,Standstill,
,,,146.42000000000002,,,False,,,False,1789967628953.4,,,unknown,[],24.667,[],0,52,[],,,,,EXCELLENT,647.0,,,[],,,,,,,,,True,0.0,500.58,detect_loop,released,False,,,1789967626975.0,False,,51,1,,1789967627622.0215,,,,,,session_20260921_001209,Standstill,
,,,146.40999999999997,,,False,,,False,1789967631752.2,,,unknown,[],24.5,[],0,53,[],,,,,EXCELLENT,649.8,,,[],,,,,,,,,True,0.0,503.39,detect_loop,released,False,,,1789967629838.0,False,,52,1,,1789967630487.8423,,,,,,session_20260921_001209,Standstill,
,,,146.45000000000005,,,False,,,False,1789967634586.1,,,unknown,[],25.333,[],0,54,[],,,,,EXCELLENT,660.5,,,[],,,,,,,,,True,0.0,514.05,detect_loop,released,False,,,1789967632644.0,False,,53,1,,1789967633304.4946,,,,,,session_20260921_001209,Standstill,
,,,146.39999999999998,,,False,,,False,1789967637804.5,,,unknown,[],27.333,[],0,55,[],,,,,EXCELLENT,645.0,,,[],,,,,,,,,True,0.0,498.6,detect_loop,released,False,,,1789967635776.0,False,,54,1,,1789967636421.0215,,,,,,session_20260921_001209,Standstill,
,,,146.48000000000002,,,False,,,False,1789967640803.3,,,unknown,[],26.833,[],0,56,[],,,,,EXCELLENT,652.2,,,[],,,,,,,,,True,0.0,505.72,detect_loop,released,False,,,1789967638802.0,False,,55,1,,1789967639454.1516,,,,,,session_20260921_001209,Standstill,
,,,146.42999999999995,,,False,,,False,1789967643602.0,,,unknown,[],27.083,[],0,57,[],,,,,EXCELLENT,638.3,,,[],,,,,,,,,True,0.0,491.87,detect_loop,released,False,,,1789967641649.0,False,,56,1,,1789967642287.3274,,,,,,session_20260921_001209,Standstill,
,,,146.39999999999998,,,False,,,False,1789967646703.4,,,unknown,[],27.167,[],0,58,[],,,,,EXCELLENT,683.5,,,[],,,,,,,,,True,0.0,537.1,detect_loop,released,False,,,1789967644721.0,False,,57,1,,1789967645404.5076,,,,,,session_20260921_001209,Standstill,
,,,151.66000000000003,,,False,,,False,1789967649636.9,,,unknown,[],,[],0,59,[],,,,,LATE,634.5,,,[],,,,,,,,,True,0.0,482.84,detect_loop,released,False,,,1789967647841.0,False,,58,1,,1789967648475.5066,,,,,,session_20260921_001209,Standstill,
,,,146.46000000000004,,,False,,,False,1789967652669.1,,,unknown,[],25.0,[],0,60,[],,,,,LATE,658.6,,,[],,,,,,,,,True,0.0,512.14,detect_loop,released,False,,,1789967650562.0,False,,59,1,,1789967651220.6323,,,,,,session_20260921_001209,Standstill,
,,,146.37999999999994,,,False,,,False,1789967655469.3,,,unknown,[],25.5,[],0,61,[],,,,,EXCELLENT,653.8,,,[],,,,,,,,,True,0.0,507.42,detect_loop,released,False,,,1789967653533.0,False,,60,1,,1789967654186.844,,,,,,session_20260921_001209,Standstill,
,,,146.41999999999996,,,False,,,False,1789967658467.4,,,unknown,[],24.583,[],0,62,[],,,,,EXCELLENT,652.9,,,[],,,,,,,,,True,0.0,506.48,detect_loop,released,False,,,1789967656484.0,False,,61,1,,1789967657136.908,,,,,,session_20260921_001209,Standstill,
,,,146.39000000000004,,,False,,,False,1789967661267.3,,,unknown,[],24.75,[],0,63,[],,,,,EXCELLENT,635.6,,,[],,,,,,,,,True,0.0,489.21,detect_loop,released,False,,,1789967659318.0,False,,62,1,,1789967659953.633,,,,,,session_20260921_001209,Standstill,
,,,146.38,,,False,,,False,1789967664166.7,,,unknown,[],25.083,[],0,64,[],,,,,EXCELLENT,648.5,,,[],,,,,,,,,True,0.0,502.12,detect_loop,released,False,,,1789967662255.0,False,,63,1,,1789967662903.5295,,,,,,session_20260921_001209,Standstill,
,,,146.43999999999994,,,False,,,False,1789967667216.9,,,unknown,[],22.417,[],0,65,[],,,,,EXCELLENT,651.8,,,[],,,,,,,,,True,0.0,505.36,detect_loop,released,False,,,1789967665268.0,False,,64,1,,1789967665919.7935,,,,,,session_20260921_001209,Standstill,
,,,146.39999999999998,,,False,,,False,1789967671018.1,,,unknown,[],30.417,[],0,66,[],,,,,EXCELLENT,655.4,,,[],,,,,,,,,True,0.0,509.0,detect_loop,released,False,,,1789967668914.0,False,,65,1,,1789967669569.4336,,,,,,session_20260921_001209,Standstill,
,,,147.95000000000005,,,False,,,False,1789967673616.8,,,unknown,[],24.917,[],0,67,[],,,,,EXCELLENT,797.7,,,[],,,,,,,,,True,0.0,649.75,detect_loop,released,False,,,1789967671523.0,False,,66,1,,1789967672320.6743,,,,,,session_20260921_001209,Standstill,
,,,129.79999999999995,,,False,,,False,1789967676516.8,,,unknown,[],24.667,[],0,68,[],,,,,EXCELLENT,620.3,,,[],,,,,,,,,True,0.0,490.5,detect_loop,released,False,,,1789967674532.0,False,,67,1,,1789967675152.2744,,,,,,session_20260921_001209,Standstill,
,,,146.46000000000004,,,False,,,False,1789967679216.0,,,unknown,[],24.917,[],0,69,[],,,,,LATE,641.6,,,[],,,,,,,,,True,0.0,495.14,detect_loop,released,False,,,1789967677444.0,False,,68,1,,1789967678085.569,,,,,,session_20260921_001209,Standstill,
,,,129.78999999999996,,,False,,,False,1789967683690.3,,,unknown,[],24.917,[],0,70,[],,,,,LATE,678.4,,,[],,,,,,,,,True,0.0,548.61,detect_loop,released,False,,,1789967680124.0,False,,69,1,,1789967680802.3574,,,,,,session_20260921_001209,Standstill,
,,,143.39999999999998,,,False,,,False,1789967686184.6,,,unknown,[],25.75,[],0,71,[],,,,,LATE,695.4,,,[],,,,,,,,,True,0.0,552.0,detect_loop,released,False,,,1789967684020.0,False,,70,1,,1789967684715.4307,,,,,,session_20260921_001209,Standstill,
,,,123.75,,,False,,,False,1789967689283.2,,,unknown,[],26.083,[],0,72,[],,,,,EARLY,667.2,,,[],,,,,,,,,True,0.0,543.45,detect_loop,released,False,,,1789967687012.0,False,,71,1,,1789967687679.2227,,,,,,session_20260921_001209,Standstill,
,,,123.75999999999999,,,False,,,False,1789967692782.6,,,unknown,[],26.25,[],0,73,[],,,,,EXCELLENT,668.2,,,[],,,,,,,,,True,0.0,544.44,detect_loop,released,False,,,1789967690744.0,False,,72,1,,1789967691412.2104,,,,,,session_20260921_001209,Standstill,
,,,123.81,,,False,,,False,1789967695483.4,,,unknown,[],24.5,[],0,74,[],,,,,EARLY,612.0,,,[],,,,,,,,,True,0.0,488.19,detect_loop,released,False,,,1789967693467.0,False,,73,1,,1789967694078.9604,,,,,,session_20260921_001209,Standstill,
,,,,,,False,,,False,1789967697783.9,,,unknown,[],,[],0,75,[],,,,,,,,,[],,,,,,,,,True,0.0,,,disarmed,False,,,1789967696303.0,False,,74,1,,,,,,,,session_20260921_001209,Standstill,
,,,131.26999999999998,,,False,,,False,1789967701431.6,,,unknown,[],24.333,[],0,76,[],,,,,EXCELLENT,814.9,,,[],,,,,,,,,True,0.0,683.63,detect_loop,released,False,,,1789967699288.0,False,,75,1,,1789967700102.8884,,,,,,session_20260921_001209,Standstill,
,,,123.78999999999996,,,False,,,False,1789967703731.1,,,unknown,[],23.5,[],0,77,[],,,,,EARLY,627.4,,,[],,,,,,,,,True,0.0,503.61,detect_loop,released,False,,,1789967701784.0,False,,76,1,,1789967702411.39,,,,,,session_20260921_001209,Standstill,
,,,143.52999999999997,,,False,,,False,1789967707136.0,,,unknown,[],23.0,[],0,78,[],,,,,EXCELLENT,646.9,,,[],,,,,,,,,True,0.0,503.37,detect_loop,released,False,,,1789967705284.0,False,,77,1,,1789967705930.8828,,,,,,session_20260921_001209,Standstill,
,,,126.78000000000003,,,False,,,False,1789967709631.2,,,unknown,[],24.083,[],0,79,[],,,,,EARLY,628.6,,,[],,,,,,,,,True,0.0,501.82,detect_loop,released,False,,,1789967707719.0,False,,78,1,,1789967708347.595,,,,,,session_20260921_001209,Standstill,
,,,126.81,,,False,,,False,1789967713132.7,,,unknown,[],24.0,[],0,80,[],,,,,EXCELLENT,616.4,,,[],,,,,,,,,True,0.0,489.59,detect_loop,released,False,,,1789967711181.0,False,,79,1,,1789967711797.352,,,,,,session_20260921_001209,Standstill,
,,,126.79000000000002,,,False,,,False,1789967717181.0,,,unknown,[],23.75,[],0,81,[],,,,,LATE,632.5,,,[],,,,,,,,,True,0.0,505.71,detect_loop,released,False,,,1789967714648.0,False,,80,1,,1789967715280.4578,,,,,,session_20260921_001209,Standstill,
,,,126.84000000000003,,,False,,,False,1789967719181.9,,,unknown,[],24.333,[],0,82,[],,,,,EXCELLENT,674.5,,,[],,,,,,,,,True,0.0,547.66,detect_loop,released,False,,,1789967717223.0,False,,81,1,,1789967717897.4536,,,,,,session_20260921_001209,Standstill,
,,,127.03999999999996,,,False,,,False,1789967721583.2,,,unknown,[],22.75,[],0,83,[],,,,,LATE,681.5,,,[],,,,,,,,,True,0.0,554.46,detect_loop,released,False,,,1789967719649.0,False,,82,1,,1789967720330.5042,,,,,,session_20260921_001209,Standstill,
,,,126.75999999999999,,,False,,,False,1789967724281.3,,,unknown,[],25.0,[],0,84,[],,,,,EXCELLENT,667.4,,,[],,,,,,,,,True,0.0,540.64,detect_loop,released,False,,,1789967722346.0,False,,83,1,,1789967723013.408,,,,,,session_20260921_001209,Standstill,
,,,126.76999999999998,,,False,,,False,1789967726684.6,,,unknown,[],24.167,[],0,85,[],,,,,EARLY,675.4,,,[],,,,,,,,,True,0.0,548.63,detect_loop,released,False,,,1789967724538.0,False,,84,1,,1789967725213.439,,,,,,session_20260921_001209,Standstill,
,,,126.76999999999998,,,False,,,False,1789967729181.4,,,unknown,[],24.333,[],0,86,[],,,,,EARLY,628.0,,,[],,,,,,,,,True,0.0,501.23,detect_loop,released,False,,,1789967727119.0,False,,85,1,,1789967727747.0015,,,,,,session_20260921_001209,Standstill,
,,,129.75,,,False,,,False,1789967731930.2,,,unknown,[],25.417,[],0,87,[],,,,,EXCELLENT,630.4,,,[],,,,,,,,,True,0.0,500.65,detect_loop,released,False,,,1789967729969.0,False,,86,1,,1789967730599.435,,,,,,session_20260921_001209,Standstill,
,,,129.76,,,False,,,False,1789967734330.1,,,unknown,[],25.25,[],0,88,[],,,,,EXCELLENT,628.9,,,[],,,,,,,,,True,0.0,499.14,detect_loop,released,False,,,1789967732437.0,False,,87,1,,1789967733065.9312,,,,,,session_20260921_001209,Standstill,
,,,146.11,,,False,,,False,1789968035563.8,,,unknown,[],25.333,[],0,1,[],,,,,EXCELLENT,656.0,,,[],,,,,,,,,True,0.0,509.89,detect_loop,released,False,,,1789968033588.0,False,,1,1,,1789968034243.9902,,,,,,session_20260921_002002,Standstill,
,,,129.6500000000001,,,False,,,False,1789968038263.2,,,unknown,[],25.583,[],0,2,[],,,,,EXCELLENT,650.2,,,[],,,,,,,,,True,0.0,520.55,detect_loop,released,False,,,1789968036277.0,False,,2,1,,1789968036927.1543,,,,,,session_20260921_002002,Standstill,
,,,129.7,,,False,,,False,1789968040981.7,,,unknown,[],26.333,[],0,3,[],,,,,EXCELLENT,638.4,,,[],,,,,,,,,True,0.0,508.7,detect_loop,released,False,,,1789968038955.0,False,,3,1,,1789968039593.364,,,,,,session_20260921_002002,Standstill,
,,,146.35000000000002,,,False,,,False,1789968043598.5,,,unknown,[],25.5,[],0,4,[],,,,,EXCELLENT,635.2,,,[],,,,,,,,,True,0.0,488.85,detect_loop,released,False,,,1789968041692.0,False,,4,1,,1789968042327.2358,,,,,,session_20260921_002002,Standstill,
,,,114.73000000000002,,,False,,,False,1789968047447.1,,,unknown,[],27.0,[],0,5,[],,,,,EARLY,683.5,,,[],,,,,,,,,True,0.0,568.77,detect_loop,released,False,,,1789968045278.0,False,,5,1,,1789968045961.473,,,,,,session_20260921_002002,Standstill,
,,,131.26,,,False,,,False,1789968050846.3,,,unknown,[],26.667,[],0,6,[],,,,,LATE,740.6,,,[],,,,,,,,,True,0.0,609.34,detect_loop,released,False,,,1789968048671.0,False,,6,1,,1789968049411.57,,,,,,session_20260921_002002,Standstill,
,,,131.25,,,False,,,False,1789968054848.0,,,unknown,[],26.667,[],0,7,[],,,,,LATE,737.8,,,[],,,,,,,,,True,0.0,606.55,detect_loop,released,False,,,1789968051440.0,False,,7,1,,1789968052177.8447,,,,,,session_20260921_002002,Standstill,
,,,146.41000000000003,,,False,,,False,1789968056449.0,,,unknown,[],27.167,[],0,8,[],,,,,EXCELLENT,642.0,,,[],,,,,,,,,True,0.0,495.59,detect_loop,released,False,,,1789968054484.0,False,,8,1,,1789968055125.979,,,,,,session_20260921_002002,Standstill,
,,,129.71999999999997,,,False,,,False,1789968060396.4,,,unknown,[],27.333,[],0,9,[],,,,,EXCELLENT,616.4,,,[],,,,,,,,,True,0.0,486.68,detect_loop,released,False,,,1789968058443.0,False,,9,1,,1789968059059.3848,,,,,,session_20260921_002002,Standstill,
,,,129.91000000000003,,,False,,,False,1789968063424.7,,,unknown,[],25.083,[],0,10,[],,,,,EXCELLENT,638.7,,,[],,,,,,,,,True,0.0,508.79,detect_loop,released,False,,,1789968061454.0,False,,10,1,,1789968062092.7097,,,,,,session_20260921_002002,Standstill,
,,,146.5,,,False,,,False,1789968066028.4,,,unknown,[],25.25,[],0,11,[],,,,,EXCELLENT,643.0,,,[],,,,,,,,,True,0.0,496.5,detect_loop,released,False,,,1789968064065.0,False,,11,1,,1789968064708.0427,,,,,,session_20260921_002002,Standstill,
,,,129.82,,,False,,,False,1789968068824.5,,,unknown,[],25.417,[],0,12,[],,,,,EXCELLENT,624.9,,,[],,,,,,,,,True,0.0,495.08,detect_loop,released,False,,,1789968066833.0,False,,12,1,,1789968067457.8862,,,,,,session_20260921_002002,Standstill,
,,,129.84000000000003,,,False,,,False,1789968071525.4,,,unknown,[],26.667,[],0,13,[],,,,,EXCELLENT,636.7,,,[],,,,,,,,,True,0.0,506.86,detect_loop,released,False,,,1789968069471.0,False,,13,1,,1789968070107.6643,,,,,,session_20260921_002002,Standstill,
,,,129.8,,,False,,,False,1789968074824.8,,,unknown,[],26.667,[],0,14,[],,,,,EARLY,618.1,,,[],,,,,,,,,True,0.0,488.3,detect_loop,released,False,,,1789968072423.0,False,,14,1,,1789968073041.0752,,,,,,session_20260921_002002,Standstill,
,,,146.46000000000004,,,False,,,False,1789968077757.9,,,unknown,[],25.083,[],0,15,[],,,,,LATE,648.1,,,[],,,,,,,,,True,0.0,501.64,detect_loop,released,False,,,1789968075476.0,False,,15,1,,1789968076124.112,,,,,,session_20260921_002002,Standstill,
,,,129.87,,,False,,,False,1789968080358.8,,,unknown,[],,[],0,16,[],,,,,LATE,638.4,,,[],,,,,,,,,True,0.0,508.53,detect_loop,released,False,,,1789968078569.0,False,,16,1,,1789968079207.3533,,,,,,session_20260921_002002,Standstill,
,,,129.78999999999996,,,False,,,False,1789968085901.9,,,unknown,[],,[],0,17,[],,,,,,688.5,,,[],,,,,,,,,True,0.0,558.71,detect_loop,released,False,,,1789968081602.0,False,,17,1,,1789968082290.5435,,,,,,session_20260921_002002,Standstill,
,,,129.84000000000003,,,False,,,False,1789968086457.4,,,unknown,[],23.667,[],0,18,[],,,,,EXCELLENT,670.7,,,[],,,,,,,,,True,0.0,540.86,detect_loop,released,False,,,1789968084553.0,False,,18,1,,1789968085223.6743,,,,,,session_20260921_002002,Standstill,
,,,129.76,,,False,,,False,1789968090059.0,,,unknown,[],24.167,[],0,19,[],,,,,EXCELLENT,681.1,,,[],,,,,,,,,True,0.0,551.34,detect_loop,released,False,,,1789968087493.0,False,,19,1,,1789968088174.0574,,,,,,session_20260921_002002,Standstill,
,,,146.45999999999998,,,False,,,False,1789968092490.0,,,unknown,[],25.25,[],0,20,[],,,,,EXCELLENT,642.5,,,[],,,,,,,,,True,0.0,496.04,detect_loop,released,False,,,1789968090514.0,False,,20,1,,1789968091156.4856,,,,,,session_20260921_002002,Standstill,
,,,129.73000000000002,,,False,,,False,1789968096324.1,,,unknown,[],26.667,[],0,21,[],,,,,EXCELLENT,633.0,,,[],,,,,,,,,True,0.0,503.27,detect_loop,released,False,,,1789968094340.0,False,,21,1,,1789968094973.0066,,,,,,session_20260921_002002,Standstill,
,,,129.78000000000003,,,False,,,False,1789968100024.6,,,unknown,[],29.667,[],0,22,[],,,,,EARLY,624.6,,,[],,,,,,,,,True,0.0,494.82,detect_loop,released,False,,,1789968097832.0,False,,22,1,,1789968098456.5898,,,,,,session_20260921_002002,Standstill,
,,,130.06,,,False,,,False,1789968106525.0,,,unknown,[],27.417,[],0,23,[],,,,,EARLY,624.9,,,[],,,,,,,,,True,0.0,494.84,detect_loop,released,False,,,1789968104098.0,False,,23,1,,1789968104722.8784,,,,,,session_20260921_002002,Standstill,
,,,149.45,,,False,,,False,1789968109457.2,,,unknown,[],25.667,[],0,24,[],,,,,LATE,633.9,,,[],,,,,,,,,True,0.0,484.45,detect_loop,released,False,,,1789968107075.0,False,,24,1,,1789968107708.9124,,,,,,session_20260921_002002,Standstill,
,,,132.75,,,False,,,False,1789968111974.5,,,unknown,[],26.0,[],0,25,[],,,,,EXCELLENT,650.2,,,[],,,,,,,,,True,0.0,517.45,detect_loop,released,False,,,1789968109992.0,False,,25,1,,1789968110642.2095,,,,,,session_20260921_002002,Standstill,
,,,128.31000000000006,,,False,,,False,1789968115173.4,,,unknown,[],27.667,[],0,26,[],,,,,LATE,696.1,,,[],,,,,,,,,True,0.0,567.79,detect_loop,released,False,,,1789968112925.0,False,,26,1,,1789968113621.0679,,,,,,session_20260921_002002,Standstill,
,,,132.85000000000002,,,False,,,False,1789968118472.9,,,unknown,[],28.667,[],0,27,[],,,,,EXCELLENT,687.2,,,[],,,,,,,,,True,0.0,554.35,detect_loop,released,False,,,1789968116488.0,False,,27,1,,1789968117175.1619,,,,,,session_20260921_002002,Standstill,
,,,149.42999999999995,,,False,,,False,1789968121772.7,,,unknown,[],28.833,[],0,28,[],,,,,EXCELLENT,642.9,,,[],,,,,,,,,True,0.0,493.47,detect_loop,released,False,,,1789968119749.0,False,,28,1,,1789968120391.945,,,,,,session_20260921_002002,Standstill,
,,,149.41999999999996,,,False,,,False,1789968125805.7,,,unknown,[],29.083,[],0,29,[],,,,,EXCELLENT,633.4,,,[],,,,,,,,,True,0.0,483.98,detect_loop,released,False,,,1789968123708.0,False,,29,1,,1789968124341.4111,,,,,,session_20260921_002002,Standstill,
,,,132.82,,,False,,,False,1789968128822.1,,,unknown,[],28.833,[],0,30,[],,,,,EXCELLENT,633.5,,,[],,,,,,,,,True,0.0,500.68,detect_loop,released,False,,,1789968126758.0,False,,30,1,,1789968127391.4946,,,,,,session_20260921_002002,Standstill,
,,,149.47000000000003,,,False,,,False,1789968133924.8,,,unknown,[],31.917,[],0,31,[],,,,,LATE,658.5,,,[],,,,,,,,,True,0.0,509.03,detect_loop,released,False,,,1789968130599.0,False,,31,1,,1789968131257.5173,,,,,,session_20260921_002002,Standstill,
,,,149.50000000000006,,,False,,,False,1789968135621.7,,,unknown,[],32.5,[],0,32,[],,,,,LATE,644.7,,,[],,,,,,,,,True,0.0,495.2,detect_loop,released,False,,,1789968133563.0,False,,32,1,,1789968134207.6628,,,,,,session_20260921_002002,Standstill,
,,,146.47000000000003,,,False,,,False,1789968138422.0,,,unknown,[],28.917,[],0,33,[],,,,,EXCELLENT,639.5,,,[],,,,,,,,,True,0.0,493.03,detect_loop,released,False,,,1789968136415.0,False,,33,1,,1789968137054.5051,,,,,,session_20260921_002002,Standstill,
,,,129.93999999999994,,,False,,,False,1789968143516.5,,,unknown,[],,[],0,34,[],,,,,,626.3,,,[],,,,,,,,,True,0.0,496.36,detect_loop,released,False,,,1789968139145.0,False,,34,1,,1789968139771.2512,,,,,,session_20260921_002002,Standstill,
,,,,,,False,,,False,1789968151902.8,,,unknown,[],,[],0,35,[],,,,,,,,,[],,,,,,,,,True,0.0,,,unanswered,False,,,1789968143787.0,False,,35,1,,,,,,,,session_20260921_002002,Go-To,
,,,125.44000000000005,,,False,,,False,1789968148846.4,,,unknown,[],,[],0,36,[],,,,,,698.1,,,[],,,,,,,,,True,0.0,572.66,detect_loop,released,False,,,1789968144485.0,False,,36,1,,1789968145183.0808,,,,,,session_20260921_002002,Standstill,
,,,125.48000000000002,,,False,,,False,1789968152968.1,,,unknown,[],27.083,[],0,37,[],,,,,LATE,728.1,,,[],,,,,,,,,True,0.0,602.62,detect_loop,released,False,,,1789968149120.0,False,,37,1,,1789968149848.13,,,,,,session_20260921_002002,Standstill,
,,,129.76,,,False,,,False,1789968153568.4,,,unknown,[],26.75,[],0,38,[],,,,,EXCELLENT,681.0,,,[],,,,,,,,,True,0.0,551.24,detect_loop,released,False,,,1789968151605.0,False,,38,1,,1789968152285.9998,,,,,,session_20260921_002002,Standstill,
,,,146.47000000000003,,,False,,,False,1789968156067.9,,,unknown,[],23.083,[],0,39,[],,,,,EXCELLENT,643.1,,,[],,,,,,,,,True,0.0,496.63,detect_loop,released,False,,,1789968154176.0,False,,39,1,,1789968154819.1309,,,,,,session_20260921_002002,Standstill,
,,,146.43,,,False,,,False,1789968158699.7,,,unknown,[],24.667,[],0,40,[],,,,,EXCELLENT,650.1,,,[],,,,,,,,,True,0.0,503.67,detect_loop,released,False,,,1789968156819.0,False,,40,1,,1789968157469.0864,,,,,,session_20260921_002002,Standstill,
,,,146.42999999999995,,,False,,,False,1789968162700.0,,,unknown,[],27.0,[],0,41,[],,,,,EXCELLENT,655.4,,,[],,,,,,,,,True,0.0,508.97,detect_loop,released,False,,,1789968160680.0,False,,41,1,,1789968161335.367,,,,,,session_20260921_002002,Standstill,
,,,146.26999999999998,,,False,,,False,1789968166398.4,,,unknown,[],35.417,[],0,42,[],,,,,EXCELLENT,642.9,,,[],,,,,,,,,True,0.0,496.63,detect_loop,released,False,,,1789968164459.0,False,,42,1,,1789968165101.8708,,,,,,session_20260921_002002,Standstill,
,,,146.41000000000003,,,False,,,False,1789968169299.8,,,unknown,[],31.75,[],0,43,[],,,,,EXCELLENT,642.0,,,[],,,,,,,,,True,0.0,495.59,detect_loop,released,False,,,1789968167343.0,False,,43,1,,1789968167985.0051,,,,,,session_20260921_002002,Standstill,
,,,146.33000000000004,,,False,,,False,1789968172699.0,,,unknown,[],36.333,[],0,44,[],,,,,EARLY,637.7,,,[],,,,,,,,,True,0.0,491.37,detect_loop,released,False,,,1789968170547.0,False,,44,1,,1789968171184.7031,,,,,,session_20260921_002002,Standstill,
,,,,,,False,,,False,1789968175006.6,,,unknown,[],,[],0,45,[],,,,,,,,,[],,,,,,,,,True,0.0,,,disarmed,False,,,1789968173331.0,False,,45,1,,,,,,,,session_20260921_002002,Standstill,
,,,117.76999999999998,,,False,,,False,1789968178047.9,,,unknown,[],36.833,[],0,46,[],,,,,LATE,657.8,,,[],,,,,,,,,True,0.0,540.03,detect_loop,released,False,,,1789968175998.0,False,,46,1,,1789968176655.8474,,,,,,session_20260921_002002,Standstill,
,,,129.80999999999995,,,False,,,False,1789968181049.3,,,unknown,[],30.333,[],0,47,[],,,,,EXCELLENT,685.3,,,[],,,,,,,,,True,0.0,555.49,detect_loop,released,False,,,1789968179016.0,False,,47,1,,1789968179701.2654,,,,,,session_20260921_002002,Standstill,
,,,,,,False,,,False,1789968184375.8,,,unknown,[],,[],0,48,[],,,,,,,,,[],,,,,,,,,True,0.0,741.32,detect_loop,disarmed,False,,,1789968182030.0,False,,48,1,,,,,,,,session_20260921_002002,Standstill,
,,,122.25999999999999,,,False,,,False,1789968188961.8,,,unknown,[],,[],0,49,[],,,,,,638.5,,,[],,,,,,,,,True,0.0,516.24,detect_loop,released,False,,,1789968184721.0,False,,49,1,,1789968185359.4934,,,,,,session_20260921_002002,Standstill,
,,,151.68999999999994,,,False,,,False,1789968189896.7,,,unknown,[],30.833,[],0,50,[],,,,,EXCELLENT,635.3,,,[],,,,,,,,,True,0.0,483.61,detect_loop,released,False,,,1789968187820.0,False,,50,1,,1789968188455.312,,,,,,session_20260921_002002,Standstill,
,,,,,,False,,,False,1789968191956.6,,,unknown,[],,[],0,51,[],,,,,,,,,[],,,,,,,,,True,0.0,,,disarmed,False,,,1789968189993.0,False,,51,1,,,,,,,,session_20260921_002002,Standstill,
,,,,,,False,,,False,1789968194272.0,,,unknown,[],,[],0,52,[],,,,,,,,,[],,,,,,,,,True,0.0,,,disarmed,False,,,1789968192257.0,False,,52,1,,,,,,,,session_20260921_002002,Standstill,
,,,129.63,,,False,,,False,1789968718456.0,,,unknown,[],26.333,[],0,1,[],,,,,LATE,668.3,,,[],,,,,,,,,True,0.0,538.67,detect_loop,released,False,,,1789968715189.0,False,,1,1,,1789968715857.287,,,,,,session_20260921_003122,Standstill,
,,,129.65999999999997,,,False,,,False,1789968720557.5,,,unknown,[],24.917,[],0,2,[],,,,,EARLY,618.4,,,[],,,,,,,,,True,0.0,488.74,detect_loop,released,False,,,1789968718122.0,False,,2,1,,1789968718740.4355,,,,,,session_20260921_003122,Standstill,
,,,112.99000000000001,,,False,,,False,1789968723205.5,,,unknown,[],24.25,[],0,3,[],,,,,EXCELLENT,636.1,,,[],,,,,,,,,True,0.0,523.11,detect_loop,released,False,,,1789968721221.0,False,,3,1,,1789968721857.0957,,,,,,session_20260921_003122,Standstill,
,,,129.86,,,False,,,False,1789968725705.1,,,unknown,[],25.167,[],0,4,[],,,,,EXCELLENT,640.6,,,[],,,,,,,,,True,0.0,510.74,detect_loop,released,False,,,1789968723716.0,False,,4,1,,1789968724356.586,,,,,,session_20260921_003122,Standstill,
,,,129.79000000000002,,,False,,,False,1789968728305.2,,,unknown,[],23.917,[],0,5,[],,,,,EXCELLENT,635.0,,,[],,,,,,,,,True,0.0,505.21,detect_loop,released,False,,,1789968726355.0,False,,5,1,,1789968726990.045,,,,,,session_20260921_003122,Standstill,
,,,129.78000000000003,,,False,,,False,1789968731307.4,,,unknown,[],25.083,[],0,6,[],,,,,EXCELLENT,635.7,,,[],,,,,,,,,True,0.0,505.92,detect_loop,released,False,,,1789968729304.0,False,,6,1,,1789968729939.6865,,,,,,session_20260921_003122,Standstill,
,,,129.82000000000005,,,False,,,False,1789968734104.5,,,unknown,[],26.167,[],0,7,[],,,,,EARLY,621.1,,,[],,,,,,,,,True,0.0,491.28,detect_loop,released,False,,,1789968731702.0,False,,7,1,,1789968732323.0635,,,,,,session_20260921_003122,Standstill,
,,,129.76999999999998,,,False,,,False,1789968737021.6,,,unknown,[],24.75,[],0,8,[],,,,,EARLY,626.5,,,[],,,,,,,,,True,0.0,496.73,detect_loop,released,False,,,1789968734663.0,False,,8,1,,1789968735289.523,,,,,,session_20260921_003122,Standstill,
,,,132.82000000000005,,,False,,,False,1789968739537.4,,,unknown,[],24.167,[],0,9,[],,,,,EXCELLENT,683.1,,,[],,,,,,,,,True,0.0,550.28,detect_loop,released,False,,,1789968737526.0,False,,9,1,,1789968738209.0515,,,,,,session_20260921_003122,Standstill,
,,,132.79999999999995,,,False,,,False,1789968742038.5,,,unknown,[],24.583,[],0,10,[],,,,,LATE,647.4,,,[],,,,,,,,,True,0.0,514.6,detect_loop,released,False,,,1789968740228.0,False,,10,1,,1789968740875.3652,,,,,,session_20260921_003122,Standstill,
,,,131.25,,,False,,,False,1789968744938.4,,,unknown,[],25.833,[],0,11,[],,,,,EXCELLENT,705.6,,,[],,,,,,,,,True,0.0,574.35,detect_loop,released,False,,,1789968742968.0,False,,11,1,,1789968743673.6448,,,,,,session_20260921_003122,Standstill,
,,,149.48000000000002,,,False,,,False,1789968747338.4,,,unknown,[],27.167,[],0,12,[],,,,,EXCELLENT,647.2,,,[],,,,,,,,,True,0.0,497.72,detect_loop,released,False,,,1789968745395.0,False,,12,1,,1789968746042.1943,,,,,,session_20260921_003122,Standstill,
,,,132.86000000000007,,,False,,,False,1789968750040.2,,,unknown,[],26.667,[],0,13,[],,,,,EXCELLENT,625.2,,,[],,,,,,,,,True,0.0,492.34,detect_loop,released,False,,,1789968748033.0,False,,13,1,,1789968748658.1963,,,,,,session_20260921_003122,Standstill,
,,,132.79999999999995,,,False,,,False,1789968753059.6,,,unknown,[],25.083,[],0,14,[],,,,,EARLY,623.3,,,[],,,,,,,,,True,0.0,490.5,detect_loop,released,False,,,1789968750618.0,False,,14,1,,1789968751241.296,,,,,,session_20260921_003122,Standstill,
,,,132.75,,,False,,,False,1789968755486.1,,,unknown,[],25.167,[],0,15,[],,,,,EXCELLENT,635.9,,,[],,,,,,,,,True,0.0,503.15,detect_loop,released,False,,,1789968753572.0,False,,15,1,,1789968754207.9363,,,,,,session_20260921_003122,Standstill,
,,,132.83000000000004,,,False,,,False,1789968758087.0,,,unknown,[],24.25,[],0,16,[],,,,,EXCELLENT,651.0,,,[],,,,,,,,,True,0.0,518.17,detect_loop,released,False,,,1789968756107.0,False,,16,1,,1789968756757.9568,,,,,,session_20260921_003122,Standstill,
,,,,,,False,,,False,1789968760905.7,,,unknown,[],,[],0,17,[],,,,,,,,,[],,,,,,,,,True,0.0,,,disarmed,False,,,1789968759381.0,False,,17,1,,,,,,,,session_20260921_003122,Standstill,
,,,132.77000000000004,,,False,,,False,1789968762588.4,,,unknown,[],26.583,[],0,18,[],,,,,EXCELLENT,636.6,,,[],,,,,,,,,True,0.0,503.83,detect_loop,released,False,,,1789968760571.0,False,,18,1,,1789968761207.6262,,,,,,session_20260921_003122,Standstill,
,,,132.78000000000003,,,False,,,False,1789968765587.6,,,unknown,[],26.083,[],0,19,[],,,,,EXCELLENT,631.6,,,[],,,,,,,,,True,0.0,498.82,detect_loop,released,False,,,1789968763576.0,False,,19,1,,1789968764207.6208,,,,,,session_20260921_003122,Standstill,
,,,132.79999999999995,,,False,,,False,1789968768387.3,,,unknown,[],23.75,[],0,20,[],,,,,EXCELLENT,663.9,,,[],,,,,,,,,True,0.0,531.1,detect_loop,released,False,,,1789968766477.0,False,,20,1,,1789968767140.8796,,,,,,session_20260921_003122,Standstill,
,,,132.80000000000007,,,False,,,False,1789968771836.9,,,unknown,[],24.333,[],0,21,[],,,,,EXCELLENT,648.2,,,[],,,,,,,,,True,0.0,515.4,detect_loop,released,False,,,1789968769909.0,False,,21,1,,1789968770557.1562,,,,,,session_20260921_003122,Standstill,
,,,132.76,,,False,,,False,1789968775536.1,,,unknown,[],24.583,[],0,22,[],,,,,LATE,684.6,,,[],,,,,,,,,True,0.0,551.84,detect_loop,released,False,,,1789968772856.0,False,,22,1,,1789968773540.6145,,,,,,session_20260921_003122,Standstill,
,,,132.77999999999997,,,False,,,False,1789968777636.3,,,unknown,[],24.417,[],0,23,[],,,,,EXCELLENT,676.3,,,[],,,,,,,,,True,0.0,543.52,detect_loop,released,False,,,1789968775731.0,False,,23,1,,1789968776407.2878,,,,,,session_20260921_003122,Standstill,
,,,131.27999999999997,,,False,,,False,1789968782037.7,,,unknown,[],26.667,[],0,24,[],,,,,LATE,782.1,,,[],,,,,,,,,True,0.0,650.82,detect_loop,released,False,,,1789968778990.0,False,,24,1,,1789968779772.125,,,,,,session_20260921_003122,Standstill,
,,,132.7199999999999,,,False,,,False,1789968784037.5,,,unknown,[],26.5,[],0,25,[],,,,,EARLY,679.8,,,[],,,,,,,,,True,0.0,547.08,detect_loop,released,False,,,1789968781627.0,False,,25,1,,1789968782306.8357,,,,,,session_20260921_003122,Standstill,
,,,135.04999999999995,,,False,,,False,1789968786268.2,,,unknown,[],26.5,[],0,26,[],,,,,EARLY,621.4,,,[],,,,,,,,,True,0.0,486.35,detect_loop,released,False,,,1789968784271.0,False,,26,1,,1789968784892.36,,,,,,session_20260921_003122,Standstill,
,,,132.79999999999995,,,False,,,False,1789968789669.2,,,unknown,[],26.583,[],0,27,[],,,,,EXCELLENT,630.8,,,[],,,,,,,,,True,0.0,498.0,detect_loop,released,False,,,1789968787642.0,False,,27,1,,1789968788272.769,,,,,,session_20260921_003122,Standstill,
,,,132.76,,,False,,,False,1789968792268.3,,,unknown,[],26.417,[],0,28,[],,,,,EXCELLENT,630.0,,,[],,,,,,,,,True,0.0,497.24,detect_loop,released,False,,,1789968790293.0,False,,28,1,,1789968790923.0085,,,,,,session_20260921_003122,Standstill,
,,,132.81999999999994,,,False,,,False,1789968794868.4,,,unknown,[],26.167,[],0,29,[],,,,,EXCELLENT,633.3,,,[],,,,,,,,,True,0.0,500.48,detect_loop,released,False,,,1789968792873.0,False,,29,1,,1789968793506.2786,,,,,,session_20260921_003122,Standstill,
,,,132.75,,,False,,,False,1789968797370.5,,,unknown,[],25.0,[],0,30,[],,,,,EXCELLENT,633.9,,,[],,,,,,,,,True,0.0,501.15,detect_loop,released,False,,,1789968795439.0,False,,30,1,,1789968796072.9014,,,,,,session_20260921_003122,Standstill,
,,,149.41999999999996,,,False,,,False,1789968800168.6,,,unknown,[],25.167,[],0,31,[],,,,,EXCELLENT,640.9,,,[],,,,,,,,,True,0.0,491.48,detect_loop,released,False,,,1789968798265.0,False,,31,1,,1789968798905.9487,,,,,,session_20260921_003122,Standstill,
,,,132.82999999999998,,,False,,,False,1789968804402.1,,,unknown,[],26.583,[],0,32,[],,,,,EXCELLENT,637.4,,,[],,,,,,,,,True,0.0,504.57,detect_loop,released,False,,,1789968802385.0,False,,32,1,,1789968803022.3542,,,,,,session_20260921_003122,Standstill,
,,,132.82999999999993,,,False,,,False,1789968807601.5,,,unknown,[],25.583,[],0,33,[],,,,,LATE,686.9,,,[],,,,,,,,,True,0.0,554.07,detect_loop,released,False,,,1789968805202.0,False,,33,1,,1789968805888.8513,,,,,,session_20260921_003122,Standstill,
,,,132.75,,,False,,,False,1789968811001.1,,,unknown,[],25.667,[],0,34,[],,,,,EXCELLENT,686.9,,,[],,,,,,,,,True,0.0,554.15,detect_loop,released,False,,,1789968808985.0,False,,34,1,,1789968809671.9253,,,,,,session_20260921_003122,Standstill,
,,,132.78999999999996,,,False,,,False,1789968814602.3,,,unknown,[],27.833,[],0,35,[],,,,,EXCELLENT,649.5,,,[],,,,,,,,,True,0.0,516.71,detect_loop,released,False,,,1789968812589.0,False,,35,1,,1789968813238.4675,,,,,,session_20260921_003122,Standstill,
,,,132.81,,,False,,,False,1789968817518.5,,,unknown,[],26.5,[],0,36,[],,,,,EARLY,621.0,,,[],,,,,,,,,True,0.0,488.19,detect_loop,released,False,,,1789968815534.0,False,,36,1,,1789968816154.9558,,,,,,session_20260921_003122,Standstill,
,,,132.74000000000007,,,False,,,False,1789968820933.8,,,unknown,[],26.583,[],0,37,[],,,,,EXCELLENT,640.2,,,[],,,,,,,,,True,0.0,507.46,detect_loop,released,False,,,1789968818898.0,False,,37,1,,1789968819538.238,,,,,,session_20260921_003122,Standstill,
,,,132.75000000000006,,,False,,,False,1789968824433.9,,,unknown,[],26.75,[],0,38,[],,,,,EXCELLENT,640.7,,,[],,,,,,,,,True,0.0,507.95,detect_loop,released,False,,,1789968822364.0,False,,38,1,,1789968823004.7063,,,,,,session_20260921_003122,Standstill,
,,,132.81,,,False,,,False,1789968827633.5,,,unknown,[],27.0,[],0,39,[],,,,,EXCELLENT,628.0,,,[],,,,,,,,,True,0.0,495.19,detect_loop,released,False,,,1789968825643.0,False,,39,1,,1789968826271.0193,,,,,,session_20260921_003122,Standstill,
,,,129.84999999999997,,,False,,,False,1789971651878.8,,,unknown,[],27.417,[],0,1,[],,,,,LATE,625.3,,,[],,,,,,,,,True,0.0,495.45,detect_loop,released,False,,,1789971648703.0,False,,1,1,,1789971649328.309,,,,,,session_20260921_012037,Standstill,
,,,146.87,,,False,,,False,1789971653781.3,,,unknown,[],26.917,[],0,2,[],,,,,LATE,665.1,,,[],,,,,,,,,True,0.0,518.23,detect_loop,released,False,,,1789971651597.0,False,,2,1,,1789971652262.1228,,,,,,session_20260921_012037,Standstill,
,,,143.37,,,False,,,False,1789971656278.3,,,unknown,[],25.667,[],0,3,[],,,,,LATE,692.0,,,[],,,,,,,,,True,0.0,548.63,detect_loop,released,False,,,1789971654383.0,False,,3,1,,1789971655075.0364,,,,,,session_20260921_012037,Standstill,
,,,123.70000000000005,,,False,,,False,1789971659174.9,,,unknown,[],23.75,[],0,4,[],,,,,EXCELLENT,661.6,,,[],,,,,,,,,True,0.0,537.9,detect_loop,released,False,,,1789971657244.0,False,,4,1,,1789971657905.646,,,,,,session_20260921_012037,Standstill,
,,,123.76999999999998,,,False,,,False,1789971662208.0,,,unknown,[],24.333,[],0,5,[],,,,,EXCELLENT,682.1,,,[],,,,,,,,,True,0.0,558.33,detect_loop,released,False,,,1789971660273.0,False,,5,1,,1789971660955.1086,,,,,,session_20260921_012037,Standstill,
,,,123.75999999999999,,,False,,,False,1789971665108.5,,,unknown,[],25.833,[],0,6,[],,,,,EXCELLENT,681.0,,,[],,,,,,,,,True,0.0,557.24,detect_loop,released,False,,,1789971663090.0,False,,6,1,,1789971663771.016,,,,,,session_20260921_012037,Standstill,
,,,140.51999999999998,,,False,,,False,1789971667907.9,,,unknown,[],25.5,[],0,7,[],,,,,EXCELLENT,635.8,,,[],,,,,,,,,True,0.0,495.28,detect_loop,released,False,,,1789971665952.0,False,,7,1,,1789971666587.7524,,,,,,session_20260921_012037,Standstill,
,,,140.47000000000003,,,False,,,False,1789971670808.3,,,unknown,[],26.917,[],0,8,[],,,,,EXCELLENT,641.6,,,[],,,,,,,,,True,0.0,501.13,detect_loop,released,False,,,1789971668829.0,False,,8,1,,1789971669470.6172,,,,,,session_20260921_012037,Standstill,
,,,140.49,,,False,,,False,1789971673508.2,,,unknown,[],27.833,[],0,9,[],,,,,EXCELLENT,636.6,,,[],,,,,,,,,True,0.0,496.11,detect_loop,released,False,,,1789971671534.0,False,,9,1,,1789971672170.5527,,,,,,session_20260921_012037,Standstill,
,,,151.72999999999996,,,False,,,False,1789971676023.6,,,unknown,[],26.333,[],0,10,[],,,,,EXCELLENT,637.4,,,[],,,,,,,,,True,0.0,485.67,detect_loop,released,False,,,1789971674111.0,False,,10,1,,1789971674748.3655,,,,,,session_20260921_012037,Standstill,
,,,140.46000000000004,,,False,,,False,1789971679041.2,,,unknown,[],23.75,[],0,11,[],,,,,EXCELLENT,647.7,,,[],,,,,,,,,True,0.0,507.24,detect_loop,released,False,,,1789971677106.0,False,,11,1,,1789971677753.7014,,,,,,session_20260921_012037,Standstill,
,,,140.43,,,False,,,False,1789971681741.0,,,unknown,[],23.75,[],0,12,[],,,,,EXCELLENT,644.6,,,[],,,,,,,,,True,0.0,504.17,detect_loop,released,False,,,1789971679859.0,False,,12,1,,1789971680503.5896,,,,,,session_20260921_012037,Standstill,
,,,123.77000000000004,,,False,,,False,1789971684749.4,,,unknown,[],24.083,[],0,13,[],,,,,EXCELLENT,623.6,,,[],,,,,,,,,True,0.0,499.83,detect_loop,released,False,,,1789971682763.0,False,,13,1,,1789971683386.6323,,,,,,session_20260921_012037,Standstill,
,,,123.82000000000005,,,False,,,False,1789971688439.9,,,unknown,[],26.667,[],0,14,[],,,,,EARLY,672.5,,,[],,,,,,,,,True,0.0,548.68,detect_loop,released,False,,,1789971685714.0,False,,14,1,,1789971686386.4604,,,,,,session_20260921_012037,Standstill,
,,,598.28,,,False,,,False,1789971692374.7,,,unknown,[],24.083,[],0,15,[],,,,,LATE,730.0,,,[],,,,,,,,,True,0.0,131.72,detect_loop,released,False,,,1789971689564.0,False,,15,1,,1789971690293.9868,,,,,,session_20260921_012037,Standstill,
,,,131.26,,,False,,,False,1789971694589.9,,,unknown,[],23.75,[],0,16,[],,,,,EXCELLENT,700.7,,,[],,,,,,,,,True,0.0,569.44,detect_loop,released,False,,,1789971692626.0,False,,16,1,,1789971693326.7383,,,,,,session_20260921_012037,Standstill,
,,,123.76000000000005,,,False,,,False,1789971697989.6,,,unknown,[],24.167,[],0,17,[],,,,,EARLY,626.2,,,[],,,,,,,,,True,0.0,502.44,detect_loop,released,False,,,1789971695743.0,False,,17,1,,1789971696369.2297,,,,,,session_20260921_012037,Standstill,
,,,126.77999999999997,,,False,,,False,1789971700791.1,,,unknown,[],25.25,[],0,18,[],,,,,EXCELLENT,629.8,,,[],,,,,,,,,True,0.0,503.02,detect_loop,released,False,,,1789971698843.0,False,,18,1,,1789971699472.7605,,,,,,session_20260921_012037,Standstill,
,,,126.72999999999996,,,False,,,False,1789971703691.4,,,unknown,[],23.75,[],0,19,[],,,,,EXCELLENT,625.3,,,[],,,,,,,,,True,0.0,498.57,detect_loop,released,False,,,1789971701814.0,False,,19,1,,1789971702439.3088,,,,,,session_20260921_012037,Standstill,
,,,126.78999999999996,,,False,,,False,1789971706792.6,,,unknown,[],24.583,[],0,20,[],,,,,EXCELLENT,614.3,,,[],,,,,,,,,True,0.0,487.51,detect_loop,released,False,,,1789971704842.0,False,,20,1,,1789971705456.2776,,,,,,session_20260921_012037,Standstill,
,,,143.3,,,False,,,False,1789971709541.7,,,unknown,[],23.75,[],0,21,[],,,,,EXCELLENT,637.5,,,[],,,,,,,,,True,0.0,494.2,detect_loop,released,False,,,1789971707602.0,False,,21,1,,1789971708239.5322,,,,,,session_20260921_012037,Standstill,
,,,126.74000000000007,,,False,,,False,1789971714344.9,,,unknown,[],24.667,[],0,22,[],,,,,EXCELLENT,634.7,,,[],,,,,,,,,True,0.0,507.96,detect_loop,released,False,,,1789971712372.0,False,,22,1,,1789971713006.7058,,,,,,session_20260921_012037,Standstill,
,,,126.74000000000001,,,False,,,False,1789971716938.2,,,unknown,[],26.417,[],0,23,[],,,,,EXCELLENT,628.1,,,[],,,,,,,,,True,0.0,501.36,detect_loop,released,False,,,1789971714961.0,False,,23,1,,1789971715589.1094,,,,,,session_20260921_012037,Standstill,
,,,143.43999999999994,,,False,,,False,1789971719738.7,,,unknown,[],23.667,[],0,24,[],,,,,LATE,648.8,,,[],,,,,,,,,True,0.0,505.36,detect_loop,released,False,,,1789971717906.0,False,,24,1,,1789971718554.7976,,,,,,session_20260921_012037,Standstill,
,,,126.78999999999996,,,False,,,False,1789971723439.6,,,unknown,[],29.083,[],0,25,[],,,,,EARLY,677.5,,,[],,,,,,,,,True,0.0,550.71,detect_loop,released,False,,,1789971720927.0,False,,25,1,,1789971721604.491,,,,,,session_20260921_012037,Standstill,
,,,114.63,,,False,,,False,1789971726872.8,,,unknown,[],27.25,[],0,26,[],,,,,EXCELLENT,698.7,,,[],,,,,,,,,True,0.0,584.07,detect_loop,released,False,,,1789971724877.0,False,,26,1,,1789971725575.6553,,,,,,session_20260921_012037,Standstill,
,,,126.80000000000007,,,False,,,False,1789971729970.4,,,unknown,[],26.25,[],0,27,[],,,,,EXCELLENT,635.7,,,[],,,,,,,,,True,0.0,508.9,detect_loop,released,False,,,1789971727952.0,False,,27,1,,1789971728587.6702,,,,,,session_20260921_012037,Standstill,
,,,143.42000000000002,,,False,,,False,1789971732472.6,,,unknown,[],27.417,[],0,28,[],,,,,EXCELLENT,651.0,,,[],,,,,,,,,True,0.0,507.58,detect_loop,released,False,,,1789971730503.0,False,,28,1,,1789971731154.0234,,,,,,session_20260921_012037,Standstill,
,,,126.80000000000001,,,False,,,False,1789971736670.2,,,unknown,[],25.0,[],0,29,[],,,,,EARLY,626.1,,,[],,,,,,,,,True,0.0,499.3,detect_loop,released,False,,,1789971734261.0,False,,29,1,,1789971734887.07,,,,,,session_20260921_012037,Standstill,
,,,126.72000000000003,,,False,,,False,1789971739771.5,,,unknown,[],25.5,[],0,30,[],,,,,EARLY,622.0,,,[],,,,,,,,,True,0.0,495.28,detect_loop,released,False,,,1789971737415.0,False,,30,1,,1789971738037.0444,,,,,,session_20260921_012037,Standstill,
,,,129.73999999999995,,,False,,,False,1789971742520.7,,,unknown,[],24.333,[],0,31,[],,,,,EXCELLENT,637.8,,,[],,,,,,,,,True,0.0,508.06,detect_loop,released,False,,,1789971740552.0,False,,31,1,,1789971741189.8315,,,,,,session_20260921_012037,Standstill,
,,,129.77999999999997,,,False,,,False,1789971745521.1,,,unknown,[],28.0,[],0,32,[],,,,,EXCELLENT,628.3,,,[],,,,,,,,,True,0.0,498.52,detect_loop,released,False,,,1789971743478.0,False,,32,1,,1789971744106.3252,,,,,,session_20260921_012037,Standstill,
,,,146.48000000000002,,,False,,,False,1789971749321.1,,,unknown,[],25.167,[],0,33,[],,,,,EXCELLENT,645.2,,,[],,,,,,,,,True,0.0,498.72,detect_loop,released,False,,,1789971747361.0,False,,33,1,,1789971748006.1604,,,,,,session_20260921_012037,Standstill,
,,,146.41999999999996,,,False,,,False,1789971754621.9,,,unknown,[],24.583,[],0,34,[],,,,,LATE,649.9,,,[],,,,,,,,,True,0.0,503.48,detect_loop,released,False,,,1789971751106.0,False,,34,1,,1789971751755.9006,,,,,,session_20260921_012037,Standstill,
,,,129.75,,,False,,,False,1789971755920.2,,,unknown,[],24.25,[],0,35,[],,,,,EXCELLENT,673.9,,,[],,,,,,,,,True,0.0,544.15,detect_loop,released,False,,,1789971753932.0,False,,35,1,,1789971754605.9126,,,,,,session_20260921_012037,Standstill,
,,,146.40999999999997,,,False,,,False,1789971758753.0,,,unknown,[],,[],0,36,[],,,,,LATE,677.5,,,[],,,,,,,,,True,0.0,531.09,detect_loop,released,False,,,1789971756695.0,False,,36,1,,1789971757372.5234,,,,,,session_20260921_012037,Standstill,
,,,134.36,,,False,,,False,1789971763654.7,,,unknown,[],19.083,[],0,37,[],,,,,LATE,1075.2,,,[],,,,,,,,,True,0.0,940.84,detect_loop,released,False,,,1789971761018.0,False,,37,1,,1789971762093.187,,,,,,session_20260921_012037,Right Fade,
,,,134.32000000000005,,,False,,,False,1789971766753.9,,,unknown,[],15.333,[],0,38,[],,,,,EXCELLENT,987.7,,,[],,,,,,,,,True,0.0,853.38,detect_loop,released,False,,,1789971764755.0,False,,38,1,,1789971765742.6506,,,,,,session_20260921_012037,Right Fade,
,,,134.2700000000001,,,False,,,False,1789971770954.8,,,unknown,[],18.583,[],0,39,[],,,,,EXCELLENT,909.7,,,[],,,,,,,,,True,0.0,775.43,detect_loop,released,False,,,1789971768950.0,False,,39,1,,1789971769859.674,,,,,,session_20260921_012037,Left Fade,
,,,134.44000000000005,,,False,,,False,1789971776203.7,,,unknown,[],24.5,[],0,40,[],,,,,EXCELLENT,949.1,,,[],,,,,,,,,True,0.0,814.66,detect_loop,released,False,,,1789971773927.0,False,,40,1,,1789971774876.0637,,,,,,session_20260921_012037,Right Fade,
,,,134.26,,,False,,,False,1789971779202.8,,,unknown,[],20.25,[],0,41,[],,,,,EXCELLENT,957.8,,,[],,,,,,,,,True,0.0,823.54,detect_loop,released,False,,,1789971777135.0,False,,41,1,,1789971778092.778,,,,,,session_20260921_012037,Right Fade,
,,,,,,False,,,False,1789978799954.8,,,unknown,[],,[],0,1,[],,,,,,,,,[],,,,,,,,,True,0.0,,,unanswered,False,,,1789978791855.0,False,,1,1,,,,,,,,session_20260921_031823,Go-To,
,,,,,,False,,,False,1789978800776.4,,,unknown,[],,[],0,2,[],,,,,,,,,[],,,,,,,,,True,0.0,,,unanswered,False,,,1789978792692.0,False,,2,1,,,,,,,,session_20260921_031823,Go-To,
,,,,,,False,,,False,1789978891962.6,,,unknown,[],,[],0,3,[],,,,,,,,,[],,,,,,,,,True,0.0,,,disarmed,False,,,1789978890792.0,False,,3,1,,,,,,,,session_20260921_031823,Post Fade,
,,,,,,False,,,False,1789978905078.6,,,unknown,[],,[],0,4,[],,,,,,,,,[],,,,,,,,,True,0.0,,,disarmed,False,,,1789978903942.0,False,,4,1,,,,,,,,session_20260921_031823,Post Fade,
,,,,,,False,,,False,1789978927306.8,,,unknown,[],,[],0,5,[],,,,,,,,,[],,,,,,,,,True,0.0,,,disarmed,False,,,1789978926031.0,False,,5,1,,,,,,,,session_20260921_031823,Right Fade,
,,,160.50999999999993,,,False,1,C:\Users\aaron\Desktop\NexusVision\logs\orion_native.log.1:25091,False,1789978936099.4,20.0,WIDE OPEN,open,[],23.75,[],0,6,[],,,,,EXCELLENT,657.3,C:\Users\aaron\Desktop\NexusVision\logs\orion_native.log.1:25090,15.20700000000005,[],delivery_legacy,95.56,C:\Users\aaron\Desktop\NexusVision\logs\orion_native.log.1:25126,90.06,22.605000000000018,29.59535083943177,5.5,,True,0.0,496.79,detect_loop,released,True,15.618000000000007,3.8,1789978934603.0,False,7,6,1,,1789978935260.3489,1,0.1856,C:\Users\aaron\Desktop\NexusVision\logs\orion_native.log.1:25093,1,0.02,session_20260921_031823,Standstill,C:\Users\aaron\Desktop\NexusVision\logs\orion_native.log.1:25092
,,,129.63000000000005,,,False,2,C:\Users\aaron\Desktop\NexusVision\logs\orion_native.log.1:25182,False,1789978949648.5,60.0,OPEN,open,[],24.333,[],0,7,[],,,,,EXCELLENT,634.7,C:\Users\aaron\Desktop\NexusVision\logs\orion_native.log.1:25181,15.206999999999994,[],delivery_legacy,95.67,C:\Users\aaron\Desktop\NexusVision\logs\orion_native.log.1:25221,92.43,13.316400000000044,17.560023846945935,3.239999999999995,,True,0.0,505.07,detect_loop,released,True,15.20700000000001,3.7,1789978948244.0,False,7,7,1,,1789978948878.7231,2,0.1839,C:\Users\aaron\Desktop\NexusVision\logs\orion_native.log.1:25184,1,0.0,session_20260921_031823,Standstill,C:\Users\aaron\Desktop\NexusVision\logs\orion_native.log.1:25183
,,,146.29000000000008,,,False,3,C:\Users\aaron\Desktop\NexusVision\logs\orion_native.log.1:25277,False,1789978958896.9,58.0,SEMI-OPEN,unknown,[],25.667,[],0,8,[],,,,,EXCELLENT,700.7,C:\Users\aaron\Desktop\NexusVision\logs\orion_native.log.1:25276,15.20700000000005,[],delivery_legacy,95.71,C:\Users\aaron\Desktop\NexusVision\logs\orion_native.log.1:25317,94.79,3.7811999999999557,5.045242665204208,0.9199999999999875,,True,0.0,554.41,detect_loop,released,True,15.20700000000001,3.7,1789978957394.0,False,7,8,1,,1789978958094.7107,3,0.1817,C:\Users\aaron\Desktop\NexusVision\logs\orion_native.log.1:25279,1,0.0,session_20260921_031823,Standstill,C:\Users\aaron\Desktop\NexusVision\logs\orion_native.log.1:25278
,,,,,,False,,,False,1789978977555.5,,,unknown,[],,[],0,9,[],,,,,,,,,[],,,,,,,,,True,0.0,,,unanswered,False,,,1789978969492.0,False,,9,1,,,,,,,,session_20260921_031823,Go-To,
,,,,,,False,,,False,1789978979732.5,,,unknown,[],,[],0,10,[],,,,,,,,,[],,,,,,,,,True,0.0,,,unanswered,False,,,1789978971689.0,False,,10,1,,,,,,,,session_20260921_031823,Go-To,
,,,,,,False,,,False,1789978978373.6,,,unknown,[],,[],0,11,[],,,,,,,,,[],,,,,,,,,True,0.0,,,disarmed,False,,,1789978977074.0,False,,11,1,,,,,,,,session_20260921_031823,Standstill,
,,,,,,False,,,False,1789978985986.4,,,unknown,[],,[],0,12,[],,,,,,,,,[],,,,,,,,,True,0.0,,,unanswered,False,,,1789978977926.0,False,,12,1,,,,,,,,session_20260921_031823,Go-To,
,,,122.82000000000005,,,False,4,C:\Users\aaron\Desktop\NexusVision\logs\orion_native.log.1:25424,False,1789978980722.2,,LIGHT CONTEST,contested,[],25.917,[],0,13,[],,,,,LATE,740.5,C:\Users\aaron\Desktop\NexusVision\logs\orion_native.log.1:25423,,[],delivery_legacy,,C:\Users\aaron\Desktop\NexusVision\logs\orion_native.log.1:25470,,,,,,True,0.0,617.68,detect_loop,released,False,,,1789978978698.0,False,7,13,1,,1789978979438.5146,4,0.1815,C:\Users\aaron\Desktop\NexusVision\logs\orion_native.log.1:25426,1,0.0,session_20260921_031823,Standstill,C:\Users\aaron\Desktop\NexusVision\logs\orion_native.log.1:25425
,,,,,,False,,,False,1789979019683.0,,,unknown,[],,[],0,14,[],,,,,,,,,[],,,,,,,,,True,0.0,,,disarmed,False,,,1789979018579.0,False,,14,1,,,,,,,,session_20260921_031823,Right Fade,
,,,,,,False,,,False,1789979020755.7,,,unknown,[],,[],0,15,[],,,,,,,,,[],,,,,,,,,True,0.0,,,disarmed,False,,,1789979019598.0,False,,15,1,,,,,,,,session_20260921_031823,Right Fade,
,,,147.89999999999998,,,False,5,C:\Users\aaron\Desktop\NexusVision\logs\orion_native.log.1:25615,False,1789979024828.4,74.0,OPEN,open,[],24.583,[],0,16,[],,,,,EXCELLENT,828.8,C:\Users\aaron\Desktop\NexusVision\logs\orion_native.log.1:25614,14.795999999999992,[],delivery_legacy,95.66,C:\Users\aaron\Desktop\NexusVision\logs\orion_native.log.1:25655,92.47,13.110900000000015,18.5281988732067,3.1899999999999977,,True,0.0,680.9,detect_loop,released,True,16.029000000000007,3.9,1789979023198.0,False,7,16,1,,1789979024026.7996,5,0.1718,C:\Users\aaron\Desktop\NexusVision\logs\orion_native.log.1:25617,1,0.01,session_20260921_031823,Standstill,C:\Users\aaron\Desktop\NexusVision\logs\orion_native.log.1:25616
,,,,,,False,,,False,1789979103411.8,,,unknown,[],,[],0,17,[],,,,,,,,,[],,,,,,,,,True,0.0,,,disarmed,False,,,1789979102114.0,False,,17,1,,,,,,,,session_20260921_031823,Standstill,
,,,,,,False,,,False,1789979149790.9,,,unknown,[],,[],0,18,[],,,,,,,,,[],,,,,,,,,True,0.0,,,disarmed,False,,,1789979148463.0,False,,18,1,,,,,,,,session_20260921_031823,Post Fade,
,,,,,,False,,,False,1789979183552.7,,,unknown,[],,[],0,19,[],,,,,,,,,[],,,,,,,,,True,0.0,,,disarmed,False,,,1789979182189.0,False,,19,1,,,,,,,,session_20260921_031823,Right Fade,
,,,,,,False,,,False,1789979197224.0,,,unknown,[],,[],0,20,[],,,,,,,,,[],,,,,,,,,True,0.0,,,disarmed,False,,,1789979195908.0,False,,20,1,,,,,,,,session_20260921_031823,Left Fade,
,,,,,,False,,,False,1789979199066.8,,,unknown,[],,[],0,21,[],,,,,,,,,[],,,,,,,,,True,0.0,,,disarmed,False,,,1789979197839.0,False,,21,1,,,,,,,,session_20260921_031823,Post Fade,
,,,134.55999999999995,,,False,6,C:\Users\aaron\Desktop\NexusVision\logs\orion_native.log.1:26146,False,1789979209544.9,62.0,,unknown,[],,[],0,22,[],,,,,,919.8,C:\Users\aaron\Desktop\NexusVision\logs\orion_native.log.1:26145,22.613999999999976,[],delivery_legacy,95.22,C:\Users\aaron\Desktop\NexusVision\logs\orion_native.log.1:26181,72.29,98.14920000000001,127.62286413981184,22.929999999999993,,True,0.0,785.24,detect_loop,released,True,25.071000000000012,6.1,1789979204884.0,False,7,22,1,,1789979205803.8145,6,0.1787,C:\Users\aaron\Desktop\NexusVision\logs\orion_native.log.1:26148,1,0.0,session_20260921_031823,Left Fade,C:\Users\aaron\Desktop\NexusVision\logs\orion_native.log.1:26147
,,,146.35000000000002,,,False,7,C:\Users\aaron\Desktop\NexusVision\logs\orion_native.log.1:26275,False,1789979234520.4,74.0,WIDE OPEN,open,[],23.75,[],0,23,[],,,,,EXCELLENT,645.7,C:\Users\aaron\Desktop\NexusVision\logs\orion_native.log.1:26274,15.20700000000005,[],delivery_legacy,95.46,C:\Users\aaron\Desktop\NexusVision\logs\orion_native.log.1:26313,89.27,25.50659999999999,35.86118996581888,6.189999999999998,,True,0.0,499.35,detect_loop,released,True,15.618000000000007,3.8,1789979233135.0,False,7,23,1,,1789979233780.743,7,0.172,C:\Users\aaron\Desktop\NexusVision\logs\orion_native.log.1:26277,1,0.01,session_20260921_031823,Standstill,C:\Users\aaron\Desktop\NexusVision\logs\orion_native.log.1:26276
,,,146.38,,,False,8,C:\Users\aaron\Desktop\NexusVision\logs\orion_native.log.1:26367,False,1789979245933.0,75.0,OPEN,open,[],23.75,[],0,24,[],,,,,EXCELLENT,646.9,C:\Users\aaron\Desktop\NexusVision\logs\orion_native.log.1:26366,15.206999999999994,[],delivery_legacy,95.39,C:\Users\aaron\Desktop\NexusVision\logs\orion_native.log.1:26408,91.67,15.289199999999994,21.48798521256931,3.719999999999999,,True,0.0,500.52,detect_loop,released,True,16.029000000000007,3.9,1789979244417.0,False,7,24,1,,1789979245063.9297,8,0.1729,C:\Users\aaron\Desktop\NexusVision\logs\orion_native.log.1:26369,1,0.0,session_20260921_031823,Standstill,C:\Users\aaron\Desktop\NexusVision\logs\orion_native.log.1:26368
,,,,,,False,,,False,1789979360483.2,,,unknown,[],,[],0,25,[],,,,,,,,,[],,,,,,,,,True,0.0,,,disarmed,False,,,1789979359284.0,False,,25,1,,,,,,,,session_20260921_031823,Left Fade,
,,,151.76000000000005,,,False,9,C:\Users\aaron\Desktop\NexusVision\logs\orion_native.log.1:26709,False,1789979368758.2,77.0,WIDE OPEN,open,[],25.583,[],0,26,[],,,,,EXCELLENT,593.1,C:\Users\aaron\Desktop\NexusVision\logs\orion_native.log.1:26708,18.906000000000006,[],delivery_legacy,95.61,C:\Users\aaron\Desktop\NexusVision\logs\orion_native.log.1:26749,91.28,17.796299999999974,25.264017737324224,4.329999999999998,,True,0.0,441.34,detect_loop,released,True,17.67300000000001,4.3,1789979367436.0,False,7,26,1,,1789979368029.0586,9,0.1708,C:\Users\aaron\Desktop\NexusVision\logs\orion_native.log.1:26711,1,0.0,session_20260921_031823,Standstill,C:\Users\aaron\Desktop\NexusVision\logs\orion_native.log.1:26710
,,,150.94000000000005,,,False,10,C:\Users\aaron\Desktop\NexusVision\logs\orion_native.log.1:26802,False,1789979379609.8,77.0,OPEN,open,[],21.5,[],0,27,[],,,,,EXCELLENT,922.7,C:\Users\aaron\Desktop\NexusVision\logs\orion_native.log.1:26801,15.206999999999994,[],delivery_legacy,94.11,C:\Users\aaron\Desktop\NexusVision\logs\orion_native.log.1:26843,92.02,8.589900000000057,11.86623516720606,2.0900000000000034,,True,0.0,771.76,detect_loop,released,True,15.20700000000001,3.7,1789979377922.0,False,7,27,1,,1789979378844.671,10,0.1749,C:\Users\aaron\Desktop\NexusVision\logs\orion_native.log.1:26804,1,0.0,session_20260921_031823,Left Fade,C:\Users\aaron\Desktop\NexusVision\logs\orion_native.log.1:26803
,,,,,,False,,,False,1789979406484.2,,,unknown,[],,[],0,28,[],,,,,,,,,[],,,,,,,,,True,0.0,,,unanswered,False,,,1789979398300.0,False,,28,1,,,,,,,,session_20260921_031823,Go-To,
,,,146.31999999999994,,,False,11,C:\Users\aaron\Desktop\NexusVision\logs\orion_native.log.1:26922,False,1789979400474.1,77.0,OPEN,open,[],19.917,[],0,29,[],,,,,EXCELLENT,643.3,C:\Users\aaron\Desktop\NexusVision\logs\orion_native.log.1:26921,22.605000000000018,[],delivery_legacy,93.34,C:\Users\aaron\Desktop\NexusVision\logs\orion_native.log.1:26961,89.54,15.659400000000005,21.043304906412654,3.799999999999997,,True,0.0,496.98,detect_loop,released,True,23.427000000000014,5.7,1789979399079.0,False,7,29,1,,1789979399722.3416,11,0.1791,C:\Users\aaron\Desktop\NexusVision\logs\orion_native.log.1:26924,1,0.0,session_20260921_031823,Standstill,C:\Users\aaron\Desktop\NexusVision\logs\orion_native.log.1:26923
,,,,,,False,,,False,1789979440508.0,,,unknown,[],,[],0,30,[],,,,,,,,,[],,,,,,,,,True,0.0,,,disarmed,False,,,1789979439284.0,False,,30,1,,,,,,,,session_20260921_031823,Right Fade,
,,,,,,False,,,False,1789979460923.7,,,unknown,[],,[],0,31,[],,,,,,,,,[],,,,,,,,,True,0.0,,,unanswered,False,,,1789979452740.0,False,,31,1,,,,,,,,session_20260921_031823,Go-To,
,,,146.52999999999997,,,False,12,C:\Users\aaron\Desktop\NexusVision\logs\orion_native.log.1:27129,False,1789979459337.3,68.0,WIDE OPEN,open,[],23.75,[],0,32,[],,,,,EXCELLENT,701.0,C:\Users\aaron\Desktop\NexusVision\logs\orion_native.log.1:27128,15.206999999999994,[],delivery_legacy,95.3,C:\Users\aaron\Desktop\NexusVision\logs\orion_native.log.1:27171,89.6,23.463000000000022,32.34409578391876,5.700000000000003,,True,0.0,554.47,detect_loop,released,True,16.029000000000007,3.9,1789979457901.0,False,7,32,1,,1789979458601.9534,12,0.1754,C:\Users\aaron\Desktop\NexusVision\logs\orion_native.log.1:27131,1,0.0,session_20260921_031823,Standstill,C:\Users\aaron\Desktop\NexusVision\logs\orion_native.log.1:27130
,,,,,,False,,,False,1789979472525.9,,,unknown,[],,[],0,33,[],,,,,,,,,[],,,,,,,,,True,0.0,,,disarmed,False,,,1789979471353.0,False,,33,1,,,,,,,,session_20260921_031823,Standstill,
,,,,,,False,,,False,1789979473332.1,,,unknown,[],,[],0,34,[],,,,,,,,,[],,,,,,,,,True,0.0,,,disarmed,False,,,1789979472123.0,False,,34,1,,,,,,,,session_20260921_031823,Standstill,
,,,129.77999999999997,,,False,13,C:\Users\aaron\Desktop\NexusVision\logs\orion_native.log.1:27470,False,1789979571400.3,52.0,SEMI-OPEN,unknown,[],24.667,[],0,35,[],,,,,EARLY,613.5,C:\Users\aaron\Desktop\NexusVision\logs\orion_native.log.1:27469,15.206999999999937,[],delivery_legacy,95.57,C:\Users\aaron\Desktop\NexusVision\logs\orion_native.log.1:27512,92.2,13.85069999999996,18.71078785186825,3.3699999999999903,,True,0.0,483.72,detect_loop,released,True,18.08400000000001,4.4,1789979569785.0,False,7,35,1,,1789979570398.4575,13,0.1791,C:\Users\aaron\Desktop\NexusVision\logs\orion_native.log.1:27472,1,0.0,session_20260921_031823,Standstill,C:\Users\aaron\Desktop\NexusVision\logs\orion_native.log.1:27471
,,,,,,False,,,False,1789979665420.0,,,unknown,[],,[],0,36,[],,,,,,,,,[],,,,,,,,,True,0.0,,,disarmed,False,,,1789979664300.0,False,,36,1,,,,,,,,session_20260921_031823,Post Fade,
,,,,,,False,,,False,1789979681926.2,,,unknown,[],,[],0,37,[],,,,,,,,,[],,,,,,,,,True,0.0,,,disarmed,False,,,1789979680600.0,False,,37,1,,,,,,,,session_20260921_031823,Left Fade,
,,,,,,False,,,False,1789980046015.7,,,unknown,[],,[],0,38,[],,,,,,,,,[],,,,,,,,,True,0.0,,,unanswered,False,,,1789980037785.0,False,,38,1,,,,,,,,session_20260921_031823,Go-To,
,,,146.38000000000005,,,False,14,C:\Users\aaron\Desktop\NexusVision\logs\orion_native.log.1:28623,False,1789980040426.0,75.0,SEMI-OPEN,unknown,[],22.083,[],0,39,[],,,,,EARLY,632.7,C:\Users\aaron\Desktop\NexusVision\logs\orion_native.log.1:28622,22.605000000000018,[],delivery_legacy,95.77,C:\Users\aaron\Desktop\NexusVision\logs\orion_native.log.1:28665,90.4,22.070699999999988,30.42148198504413,5.36999999999999,,True,0.0,486.32,detect_loop,released,True,22.60500000000001,5.5,1789980038808.0,False,7,39,1,,1789980039440.6582,14,0.1758,C:\Users\aaron\Desktop\NexusVision\logs\orion_native.log.1:28625,1,0.0,session_20260921_031823,Standstill,C:\Users\aaron\Desktop\NexusVision\logs\orion_native.log.1:28624
,,,,,,False,,,False,1789980044916.6,,,unknown,[],,[],0,40,[],,,,,,,,,[],,,,,,,,,True,0.0,,,disarmed,False,,,1789980043552.0,False,,40,1,,,,,,,,session_20260921_031823,Right Fade,
,,,,,,False,,,False,1789980047891.2,,,unknown,[],,[],0,41,[],,,,,,,,,[],,,,,,,,,True,0.0,,,disarmed,False,,,1789980046797.0,False,,41,1,,,,,,,,session_20260921_031823,Left Fade,
,,,146.42999999999995,,,False,15,C:\Users\aaron\Desktop\NexusVision\logs\orion_native.log.1:28858,False,1789980100285.7,78.0,WIDE OPEN,open,[],25.0,[],0,42,[],,,,,EXCELLENT,666.3,C:\Users\aaron\Desktop\NexusVision\logs\orion_native.log.1:28857,15.206999999999994,[],delivery_legacy,95.75,C:\Users\aaron\Desktop\NexusVision\logs\orion_native.log.1:28896,91.42,17.796299999999974,38.68489234342891,4.329999999999998,,True,0.0,519.87,detect_loop,released,True,18.49500000000001,4.5,1789980098785.0,False,7,42,1,,1789980099451.2678,15,0.1015,C:\Users\aaron\Desktop\NexusVision\logs\orion_native.log.1:28860,1,0.0,session_20260921_031823,Standstill,C:\Users\aaron\Desktop\NexusVision\logs\orion_native.log.1:28859
,,,,,,False,,,False,1789980126724.8,,,unknown,[],,[],0,43,[],,,,,,,,,[],,,,,,,,,True,0.0,,,unanswered,False,,,1789980118684.0,False,,43,1,,,,,,,,session_20260921_031823,Go-To,
,,,,,,False,,,False,1789980128058.8,,,unknown,[],,[],0,44,[],,,,,,,,,[],,,,,,,,,True,0.0,,,unanswered,False,,,1789980120013.0,False,,44,1,,,,,,,,session_20260921_031823,Go-To,
,,,,,,False,,,False,1789980136420.7,,,unknown,[],,[],0,45,[],,,,,,,,,[],,,,,,,,,True,0.0,,,disarmed,False,,,1789980135323.0,False,,45,1,,,,,,,,session_20260921_031823,Right Fade,
,,,,,,False,,,False,1789980149227.4,,,unknown,[],,[],0,46,[],,,,,,,,,[],,,,,,,,,True,0.0,,,disarmed,False,,,1789980148038.0,False,,46,1,,,,,,,,session_20260921_031823,Left Fade,
,,,,,,False,,,False,1789980149542.1,,,unknown,[],,[],0,47,[],,,,,,,,,[],,,,,,,,,True,0.0,,,disarmed,False,,,1789980148185.0,False,,47,1,,,,,,,,session_20260921_031823,Left Fade,
,,,,,,False,,,False,1789980152463.7,,,unknown,[],,[],0,48,[],,,,,,,,,[],,,,,,,,,True,0.0,,,disarmed,False,,,1789980151252.0,False,,48,1,,,,,,,,session_20260921_031823,Right Fade,
,,,,,,False,,,False,1789980167046.7,,,unknown,[],,[],0,49,[],,,,,,,,,[],,,,,,,,,True,0.0,,,disarmed,False,,,1789980165542.0,False,,49,1,,,,,,,,session_20260921_031823,Standstill,
,,,,,,False,,,False,1789980167351.5,,,unknown,[],,[],0,50,[],,,,,,,,,[],,,,,,,,,True,0.0,,,disarmed,False,,,1789980165979.0,False,,50,1,,,,,,,,session_20260921_031823,Standstill,
,,,,,,False,,,False,1789980168895.6,,,unknown,[],,[],0,51,[],,,,,,,,,[],,,,,,,,,True,0.0,,,disarmed,False,,,1789980167464.0,False,,51,1,,,,,,,,session_20260921_031823,Standstill,
,,,,,,False,,,False,1789980169196.8,,,unknown,[],,[],0,52,[],,,,,,,,,[],,,,,,,,,True,0.0,,,disarmed,False,,,1789980167821.0,False,,52,1,,,,,,,,session_20260921_031823,Standstill,
,,,,,,False,,,False,1789980169519.3,,,unknown,[],,[],0,53,[],,,,,,,,,[],,,,,,,,,True,0.0,,,disarmed,False,,,1789980168089.0,False,,53,1,,,,,,,,session_20260921_031823,Standstill,
,,,,,,False,,,False,1789980169519.3,,,unknown,[],,[],0,54,[],,,,,,,,,[],,,,,,,,,True,0.0,,,disarmed,False,,,1789980168297.0,False,,54,1,,,,,,,,session_20260921_031823,Standstill,
,,,,,,False,,,False,1789980191396.8,,,unknown,[],,[],0,55,[],,,,,,,,,[],,,,,,,,,True,0.0,,,disarmed,False,,,1789980190282.0,False,,55,1,,,,,,,,session_20260921_031823,Right Fade,
,,,148.06000000000006,,,False,16,C:\Users\aaron\Desktop\NexusVision\logs\orion_native.log.1:29343,False,1789980219561.2,80.0,WIDE OPEN,open,[],26.75,[],0,56,[],,,,,EXCELLENT,796.1,C:\Users\aaron\Desktop\NexusVision\logs\orion_native.log.1:29342,15.20700000000005,[],delivery_legacy,95.62,C:\Users\aaron\Desktop\NexusVision\logs\orion_native.log.1:29385,92.31,13.604100000000017,18.840002276737447,3.3100000000000023,,True,0.0,648.04,detect_loop,released,True,14.385000000000007,3.5,1789980218001.0,False,7,56,1,,1789980218797.0718,16,0.1751,C:\Users\aaron\Desktop\NexusVision\logs\orion_native.log.1:29345,1,0.0,session_20260921_031823,Standstill,C:\Users\aaron\Desktop\NexusVision\logs\orion_native.log.1:29344
,,,,,,False,,,False,1789980426894.9,,,unknown,[],,[],0,57,[],,,,,,,,,[],,,,,,,,,True,0.0,53.0,detect_loop,unanswered,False,,,1789980418670.0,False,,57,1,,,,,,,,session_20260921_031823,Go-To,
,,,,,,False,,,False,1789980427475.2,,,unknown,[],,[],0,58,[],,,,,,,,,[],,,,,,,,,True,0.0,4.99,detect_loop,unanswered,False,,,1789980419235.0,False,,58,1,,,,,,,,session_20260921_031823,Go-To,
,,,,,,False,,,False,1789980440301.4,,,unknown,[],,[],0,59,[],,,,,,,,,[],,,,,,,,,True,0.0,,,unanswered,False,,,1789980432295.0,False,,59,1,,,,,,,,session_20260921_031823,Go-To,
,,,,,,False,,,False,1789980441848.9,,,unknown,[],,[],0,60,[],,,,,,,,,[],,,,,,,,,True,0.0,8111.01,detect_loop,unanswered,False,,,1789980433663.0,False,,60,1,,,,,,,,session_20260921_031823,Go-To,
,,,,,,False,,,False,1789980669345.4,,,unknown,[],,[],0,61,[],,,,,,,,,[],,,,,,,,,True,0.0,,,disarmed,False,,,1789980668091.0,False,,61,1,,,,,,,,session_20260921_031823,Standstill,
,,,,,,False,,,False,1789980905840.7,,,unknown,[],,[],0,62,[],,,,,,,,,[],,,,,,,,,True,0.0,,,disarmed,False,,,1789980904502.0,False,,62,1,,,,,,,,session_20260921_031823,Right Fade,
,,,,,,False,,,False,1789980907447.3,,,unknown,[],,[],0,63,[],,,,,,,,,[],,,,,,,,,True,0.0,,,disarmed,False,,,1789980906100.0,False,,63,1,,,,,,,,session_20260921_031823,Left Fade,
,,,,,,False,,,False,1789980922406.3,,,unknown,[],,[],0,64,[],,,,,,,,,[],,,,,,,,,True,0.0,,,unanswered,False,,,1789980914311.0,False,,64,1,,,,,,,,session_20260921_031823,Go-To,
,,,,,,False,,,False,1789980947845.8,,,unknown,[],,[],0,65,[],,,,,,,,,[],,,,,,,,,True,0.0,,,unanswered,False,,,1789980939645.0,False,,65,1,,,,,,,,session_20260921_031823,Go-To,
,,,,,,False,,,False,1789980954557.3,,,unknown,[],,[],0,66,[],,,,,,,,,[],,,,,,,,,True,0.0,,,unanswered,False,,,1789980946349.0,False,,66,1,,,,,,,,session_20260921_031823,Go-To,
,,,129.73999999999995,,,False,17,C:\Users\aaron\Desktop\NexusVision\logs\orion_native.log.1:31094,False,1789980950051.8,53.0,SOLID CONTEST,contested,[],23.75,[],0,67,[],,,,,EXCELLENT,625.9,C:\Users\aaron\Desktop\NexusVision\logs\orion_native.log.1:31093,18.495000000000005,[],delivery_legacy,97.47,C:\Users\aaron\Desktop\NexusVision\logs\orion_native.log.1:31136,93.83,14.960399999999993,21.547386491446165,3.6400000000000006,,True,0.0,496.16,detect_loop,released,True,15.618000000000007,3.8,1789980948404.0,False,7,67,1,,1789980949029.8745,17,0.1684,C:\Users\aaron\Desktop\NexusVision\logs\orion_native.log.1:31096,1,0.0,session_20260921_031823,Standstill,C:\Users\aaron\Desktop\NexusVision\logs\orion_native.log.1:31095
,,,,,,False,,,False,1789980995642.1,,,unknown,[],,[],0,68,[],,,,,,,,,[],,,,,,,,,True,0.0,,,unanswered,False,,,1789980987576.0,False,,68,1,,,,,,,,session_20260921_031823,Go-To,
,,,,,,False,,,False,1789980997255.0,,,unknown,[],,[],0,69,[],,,,,,,,,[],,,,,,,,,True,0.0,,,unanswered,False,,,1789980989199.0,False,,69,1,,,,,,,,session_20260921_031823,Go-To,
,,,131.26,,,False,18,C:\Users\aaron\Desktop\NexusVision\logs\orion_native.log.1:31271,False,1789980991950.3,56.0,BOTHERED,unknown,[],25.0,[],0,70,[],,,,,EARLY,704.3,C:\Users\aaron\Desktop\NexusVision\logs\orion_native.log.1:31270,11.508000000000038,[],delivery_legacy,97.69,C:\Users\aaron\Desktop\NexusVision\logs\orion_native.log.1:31309,95.87,7.480199999999968,10.679497711536165,1.8199999999999932,,True,0.0,573.04,detect_loop,released,True,11.919000000000006,2.9,1789980990161.0,False,7,70,1,,1789980990865.3442,18,0.17,C:\Users\aaron\Desktop\NexusVision\logs\orion_native.log.1:31273,1,0.0,session_20260921_031823,Standstill,C:\Users\aaron\Desktop\NexusVision\logs\orion_native.log.1:31272
,,,,,,False,,,False,1789981003063.2,,,unknown,[],,[],0,71,[],,,,,,,,,[],,,,,,,,,True,0.0,,,disarmed,False,,,1789981001725.0,False,,71,1,,,,,,,,session_20260921_031823,Standstill,
,,,,,,False,,,False,1789981027517.4,,,unknown,[],,[],0,72,[],,,,,,,,,[],,,,,,,,,True,0.0,,,disarmed,False,,,1789981026284.0,False,,72,1,,,,,,,,session_20260921_031823,Post Fade,
,,,,,,False,,,False,1789981030970.5,,,unknown,[],,[],0,73,[],,,,,,,,,[],,,,,,,,,True,0.0,,,disarmed,False,,,1789981029872.0,False,,73,1,,,,,,,,session_20260921_031823,Post Fade,
,,,,,,False,,,False,1789981033905.2,,,unknown,[],,[],0,74,[],,,,,,,,,[],,,,,,,,,True,0.0,,,disarmed,False,,,1789981032698.0,False,,74,1,,,,,,,,session_20260921_031823,Post Fade,
,,,113.13,,,False,19,C:\Users\aaron\Desktop\NexusVision\logs\orion_native.log.1:31532,False,1789981054566.2,39.0,OPEN,open,[],18.917,[],0,75,[],,,,,EXCELLENT,621.6,C:\Users\aaron\Desktop\NexusVision\logs\orion_native.log.1:31531,33.80099999999999,[],delivery_legacy,96.59,C:\Users\aaron\Desktop\NexusVision\logs\orion_native.log.1:31575,89.98,27.168900000000008,38.0453551283527,6.609999999999999,,True,0.0,508.47,detect_loop,released,True,32.88000000000002,8.0,1789981053122.0,False,7,75,1,,1789981053743.563,19,0.1735,C:\Users\aaron\Desktop\NexusVision\logs\orion_native.log.1:31534,1,0.0,session_20260921_031823,Standstill,C:\Users\aaron\Desktop\NexusVision\logs\orion_native.log.1:31533
,,,,,,False,,,False,1789981061387.0,,,unknown,[],,[],0,76,[],,,,,,,,,[],,,,,,,,,True,0.0,,,disarmed,False,,,1789981060047.0,False,,76,1,,,,,,,,session_20260921_031823,Right Fade,
,,,,,,False,,,False,1789981129543.8,,,unknown,[],,[],0,77,[],,,,,,,,,[],,,,,,,,,True,0.0,,,unanswered,False,,,1789981121406.0,False,,77,1,,,,,,,,session_20260921_031823,Go-To,
,,,,,,False,,,False,1789981124265.3,,,unknown,[],,[],0,78,[],,,,,,,,,[],,,,,,,,,True,0.0,,,disarmed,False,,,1789981121922.0,False,,78,1,,,,,,,,session_20260921_031823,Standstill,
,,,129.81,,,False,20,C:\Users\aaron\Desktop\NexusVision\logs\orion_native.log.1:31806,False,1789981129993.9,55.0,SOLID CONTEST,contested,[],25.417,[],0,79,[],,,,,EARLY,625.6,C:\Users\aaron\Desktop\NexusVision\logs\orion_native.log.1:31805,15.20700000000005,[],delivery_legacy,96.27,C:\Users\aaron\Desktop\NexusVision\logs\orion_native.log.1:31848,94.46,7.439099999999996,9.53534927826363,1.8100000000000023,,True,0.0,495.79,detect_loop,released,True,12.330000000000007,3.0,1789981128231.0,False,7,79,1,,1789981128856.643,20,0.186,C:\Users\aaron\Desktop\NexusVision\logs\orion_native.log.1:31808,1,0.0,session_20260921_031823,Standstill,C:\Users\aaron\Desktop\NexusVision\logs\orion_native.log.1:31807
,,,97.88,,,False,21,C:\Users\aaron\Desktop\NexusVision\logs\orion_native.log.1:31887,False,1789981134543.1,21.0,WIDE OPEN,open,[],25.083,[],0,80,[],,,,,EARLY,688.1,C:\Users\aaron\Desktop\NexusVision\logs\orion_native.log.1:31886,15.206999999999937,[],delivery_legacy,96.02,C:\Users\aaron\Desktop\NexusVision\logs\orion_native.log.1:31929,92.25,15.494700000000023,21.92752864537891,3.769999999999996,,True,0.0,590.22,detect_loop,released,True,17.26200000000001,4.2,1789981132986.0,False,7,80,1,,1789981133674.0803,21,0.1716,C:\Users\aaron\Desktop\NexusVision\logs\orion_native.log.1:31889,1,0.0,session_20260921_031823,Standstill,C:\Users\aaron\Desktop\NexusVision\logs\orion_native.log.1:31888
,,,,,,False,,,False,1789981165757.6,,,unknown,[],,[],0,81,[],,,,,,,,,[],,,,,,,,,True,0.0,,,disarmed,False,,,1789981164534.0,False,,81,1,,,,,,,,session_20260921_031823,Standstill,
,,,129.87,,,False,22,C:\Users\aaron\Desktop\NexusVision\logs\orion_native.log.1:32042,False,1789981167758.3,60.0,SEMI-OPEN,unknown,[],15.25,[],0,82,[],,,,,EARLY,628.9,C:\Users\aaron\Desktop\NexusVision\logs\orion_native.log.1:32041,26.30400000000003,[],delivery_legacy,96.91,C:\Users\aaron\Desktop\NexusVision\logs\orion_native.log.1:32084,91.81,20.961000000000013,29.508765839263983,5.099999999999994,,True,0.0,499.03,detect_loop,released,True,26.304000000000016,6.4,1789981166225.0,False,7,82,1,,1789981166853.9128,22,0.1719,C:\Users\aaron\Desktop\NexusVision\logs\orion_native.log.1:32044,1,0.0,session_20260921_031823,Standstill,C:\Users\aaron\Desktop\NexusVision\logs\orion_native.log.1:32043
,,,,,,False,,,False,1789981192963.7,,,unknown,[],,[],0,83,[],,,,,,,,,[],,,,,,,,,True,0.0,,,disarmed,False,,,1789981191745.0,False,,83,1,,,,,,,,session_20260921_031823,Left Fade,
,,,129.76,,,False,23,C:\Users\aaron\Desktop\NexusVision\logs\orion_native.log.1:32300,False,1789981244731.8,61.0,OPEN,open,[],22.583,[],0,84,[],,,,,EARLY,619.5,C:\Users\aaron\Desktop\NexusVision\logs\orion_native.log.1:32299,18.906000000000006,[],delivery_legacy,96.31,C:\Users\aaron\Desktop\NexusVision\logs\orion_native.log.1:32339,92.07,17.4264,24.313320717931127,4.240000000000009,,True,0.0,489.74,detect_loop,released,True,18.49500000000001,4.5,1789981243180.0,False,7,84,1,,1789981243799.5269,23,0.1737,C:\Users\aaron\Desktop\NexusVision\logs\orion_native.log.1:32302,1,0.0,session_20260921_031823,Standstill,C:\Users\aaron\Desktop\NexusVision\logs\orion_native.log.1:32301
,,,,,,False,,,False,1789981250775.5,,,unknown,[],,[],0,85,[],,,,,,,,,[],,,,,,,,,True,0.0,,,disarmed,False,,,1789981249413.0,False,,85,1,,,,,,,,session_20260921_031823,Post Fade,
,,,,,,False,,,False,1789981268364.8,,,unknown,[],,[],0,86,[],,,,,,,,,[],,,,,,,,,True,0.0,,,disarmed,False,,,1789981267166.0,False,,86,1,,,,,,,,session_20260921_031823,Right Fade,
,,,147.20999999999998,,,False,24,C:\Users\aaron\Desktop\NexusVision\logs\orion_native.log.1:32491,False,1789981287131.9,,LIGHT CONTEST,contested,[],22.0,[],0,87,[],,,,,EXCELLENT,645.8,C:\Users\aaron\Desktop\NexusVision\logs\orion_native.log.1:32490,15.206999999999937,[],delivery_legacy,96.57,C:\Users\aaron\Desktop\NexusVision\logs\orion_native.log.1:32531,92.67,16.028999999999996,22.264086316149978,3.8999999999999915,,True,0.0,498.59,detect_loop,released,False,15.20700000000001,3.7,1789981285468.0,False,7,87,1,,1789981286113.8396,24,0.1742,C:\Users\aaron\Desktop\NexusVision\logs\orion_native.log.1:32493,1,-0.0,session_20260921_031823,Standstill,C:\Users\aaron\Desktop\NexusVision\logs\orion_native.log.1:32492
,,,,,,False,,,False,1789981301208.4,,,unknown,[],,[],0,88,[],,,,,,,,,[],,,,,,,,,True,0.0,,,disarmed,False,,,1789981299875.0,False,,88,1,,,,,,,,session_20260921_031823,Standstill,
,,,,,,False,,,False,1789981302508.2,,,unknown,[],,[],0,89,[],,,,,,,,,[],,,,,,,,,True,0.0,,,disarmed,False,,,1789981301249.0,False,,89,1,,,,,,,,session_20260921_031823,Standstill,
,,,,,,False,,,False,1789981391043.1,,,unknown,[],,[],0,90,[],,,,,,,,,[],,,,,,,,,True,0.0,,,unanswered,False,,,1789981382973.0,False,,90,1,,,,,,,,session_20260921_031823,Go-To,
,,,,,,False,,,False,1789981385249.8,,,unknown,[],,[],0,91,[],,,,,,,,,[],,,,,,,,,True,0.0,,,disarmed,False,,,1789981383756.0,False,,91,1,,,,,,,,session_20260921_031823,Standstill,
,,,163.86,,,False,25,C:\Users\aaron\Desktop\NexusVision\logs\orion_native.log.1:32895,False,1789981417977.7,,WIDE OPEN,open,[],22.083,[],0,92,[],,,,,EXCELLENT,661.6,C:\Users\aaron\Desktop\NexusVision\logs\orion_native.log.1:32894,18.906000000000063,[],delivery_legacy,96.43,C:\Users\aaron\Desktop\NexusVision\logs\orion_native.log.1:32934,89.7,27.68730000000005,37.08193288886442,6.730000000000004,,True,0.0,497.74,detect_loop,released,False,17.26200000000001,4.2,1789981416464.0,False,7,92,1,,1789981417125.5737,25,0.1802,C:\Users\aaron\Desktop\NexusVision\logs\orion_native.log.1:32897,1,0.0,session_20260921_031823,Standstill,C:\Users\aaron\Desktop\NexusVision\logs\orion_native.log.1:32896
,,,,,,False,,,False,1789981459363.5,,,unknown,[],,[],0,93,[],,,,,,,,,[],,,,,,,,,True,0.0,,,disarmed,False,,,1789981458052.0,False,,93,1,,,,,,,,session_20260921_031823,Right Fade,
,,,,,,False,,,False,1789981478813.8,,,unknown,[],,[],0,94,[],,,,,,,,,[],,,,,,,,,True,0.0,,,unanswered,False,,,1789981470641.0,False,,94,1,,,,,,,,session_20260921_031823,Go-To,
,,,,,,False,,,False,1789981481945.9,,,unknown,[],,[],0,95,[],,,,,,,,,[],,,,,,,,,True,0.0,,,unanswered,False,,,1789981473712.0,False,,95,1,,,,,,,,session_20260921_031823,Go-To,
,,,150.92999999999995,,,False,26,C:\Users\aaron\Desktop\NexusVision\logs\orion_native.log.1:33114,False,1789981476020.0,83.0,WIDE OPEN,open,[],19.083,[],0,96,[],,,,,EXCELLENT,655.9,C:\Users\aaron\Desktop\NexusVision\logs\orion_native.log.1:33113,30.11099999999999,[],delivery_legacy,96.11,C:\Users\aaron\Desktop\NexusVision\logs\orion_native.log.1:33153,88.84,29.984099999999955,40.14800088358734,7.269999999999996,,True,0.0,504.97,detect_loop,released,True,30.003000000000014,7.3,1789981474568.0,False,7,96,1,,1789981475223.8877,26,0.1795,C:\Users\aaron\Desktop\NexusVision\logs\orion_native.log.1:33116,1,0.0,session_20260921_031823,Standstill,C:\Users\aaron\Desktop\NexusVision\logs\orion_native.log.1:33115
,,,,,,False,,,False,1789981481651.6,,,unknown,[],,[],0,97,[],,,,,,,,,[],,,,,,,,,True,0.0,,,disarmed,False,,,1789981480528.0,False,,97,1,,,,,,,,session_20260921_031823,Left Fade,
,,,,,,False,,,False,1789981484487.1,,,unknown,[],,[],0,98,[],,,,,,,,,[],,,,,,,,,True,0.0,,,disarmed,False,,,1789981483313.0,False,,98,1,,,,,,,,session_20260921_031823,Left Fade,
,,,,,,False,,,False,1789981485540.6,,,unknown,[],,[],0,99,[],,,,,,,,,[],,,,,,,,,True,0.0,,,disarmed,False,,,1789981484374.0,False,,99,1,,,,,,,,session_20260921_031823,Left Fade,
,,,,,,False,,,False,1789981517670.2,,,unknown,[],,[],0,100,[],,,,,,,,,[],,,,,,,,,True,0.0,,,disarmed,False,,,1789981516279.0,False,,100,1,,,,,,,,session_20260921_031823,Standstill,
,,,,,,False,,,False,1789981518952.6,,,unknown,[],,[],0,101,[],,,,,,,,,[],,,,,,,,,True,0.0,,,disarmed,False,,,1789981517848.0,False,,101,1,,,,,,,,session_20260921_031823,Right Fade,
,,,,,,False,,,False,1789981553580.0,,,unknown,[],,[],0,102,[],,,,,,,,,[],,,,,,,,,True,0.0,,,disarmed,False,,,1789981552321.0,False,,102,1,,,,,,,,session_20260921_031823,Right Fade,
,,,,,,False,,,False,1789981590938.7,,,unknown,[],,[],0,103,[],,,,,,,,,[],,,,,,,,,True,0.0,,,disarmed,False,,,1789981589848.0,False,,103,1,,,,,,,,session_20260921_031823,Post Fade,
,,,,,,False,,,False,1789981609762.3,,,unknown,[],,[],0,104,[],,,,,,,,,[],,,,,,,,,True,0.0,,,disarmed,False,,,1789981608591.0,False,,104,1,,,,,,,,session_20260921_031823,Left Fade,
,,,,,,False,,,False,1789981623580.6,,,unknown,[],,[],0,105,[],,,,,,,,,[],,,,,,,,,True,0.0,,,disarmed,False,,,1789981622249.0,False,,105,1,,,,,,,,session_20260921_031823,Standstill,
,,,134.29999999999995,,,False,27,C:\Users\aaron\Desktop\NexusVision\logs\orion_native.log.1:33650,False,1789981628493.6,65.0,WIDE OPEN,open,[],,[],0,106,[],,,,,EXCELLENT,911.0,C:\Users\aaron\Desktop\NexusVision\logs\orion_native.log.1:33649,7.809000000000026,[],delivery_legacy,96.06,C:\Users\aaron\Desktop\NexusVision\logs\orion_native.log.1:33689,91.34,19.399200000000008,26.594545864322733,4.719999999999999,,True,0.0,776.7,detect_loop,released,True,7.809000000000004,1.9,1789981626872.0,False,7,106,1,,1789981627782.964,27,0.1763,C:\Users\aaron\Desktop\NexusVision\logs\orion_native.log.1:33652,1,0.0,session_20260921_031823,Standstill,C:\Users\aaron\Desktop\NexusVision\logs\orion_native.log.1:33651
,,,,,,False,,,False,1789981647593.7,,,unknown,[],,[],0,107,[],,,,,,,,,[],,,,,,,,,True,0.0,,,disarmed,False,,,1789981646356.0,False,,107,1,,,,,,,,session_20260921_031823,No Dip,
,,,,,,False,,,False,1789981675190.3,,,unknown,[],,[],0,108,[],,,,,,,,,[],,,,,,,,,True,0.0,,,unanswered,False,,,1789981667049.0,False,,108,1,,,,,,,,session_20260921_031823,Go-To,
,,,,,,False,,,False,1789981687396.3,,,unknown,[],,[],0,109,[],,,,,,,,,[],,,,,,,,,True,0.0,473.63,detect_loop,unanswered,False,,,1789981679222.0,False,,109,1,,,,,,,,session_20260921_031823,Go-To,
,,,134.17999999999995,,,False,28,C:\Users\aaron\Desktop\NexusVision\logs\orion_native.log.1:33861,False,1789981683795.0,,LIGHT CONTEST,contested,[],25.75,[],0,110,[],,,,,EARLY,1038.8,C:\Users\aaron\Desktop\NexusVision\logs\orion_native.log.1:33860,,[],delivery_legacy,,C:\Users\aaron\Desktop\NexusVision\logs\orion_native.log.1:33905,,,,,,True,0.0,904.62,detect_loop,released,False,,,1789981681641.0,False,7,110,1,,1789981682679.7854,28,0.1841,C:\Users\aaron\Desktop\NexusVision\logs\orion_native.log.1:33863,1,0.0,session_20260921_031823,No Dip,C:\Users\aaron\Desktop\NexusVision\logs\orion_native.log.1:33862
,,,,,,False,,,False,1789981687103.2,,,unknown,[],,[],0,111,[],,,,,,,,,[],,,,,,,,,True,0.0,,,disarmed,False,,,1789981685909.0,False,,111,1,,,,,,,,session_20260921_031823,Left Fade,
,,,,,,False,,,False,1789981692196.5,,,unknown,[],,[],0,112,[],,,,,,,,,[],,,,,,,,,True,0.0,,,disarmed,False,,,1789981690879.0,False,,112,1,,,,,,,,session_20260921_031823,Post Fade,
,,,151.14,,,False,29,C:\Users\aaron\Desktop\NexusVision\logs\orion_native.log.1:33992,False,1789981704090.9,85.0,WIDE OPEN,open,[],,[],0,113,[],,,,,EXCELLENT,741.6,C:\Users\aaron\Desktop\NexusVision\logs\orion_native.log.1:33991,18.90599999999995,[],delivery_legacy,93.61,C:\Users\aaron\Desktop\NexusVision\logs\orion_native.log.1:34033,89.82,15.59310000000005,21.089533136720306,3.7900000000000063,,True,0.0,590.46,detect_loop,released,True,18.90600000000001,4.6,1789981702671.0,False,7,113,1,,1789981703412.5574,29,0.178,C:\Users\aaron\Desktop\NexusVision\logs\orion_native.log.1:33994,1,0.0,session_20260921_031823,Standstill,C:\Users\aaron\Desktop\NexusVision\logs\orion_native.log.1:33993
,,,,,,False,,,False,1789981712654.9,,,unknown,[],,[],0,114,[],,,,,,,,,[],,,,,,,,,True,0.0,,,disarmed,False,,,1789981711351.0,False,,114,1,,,,,,,,session_20260921_031823,Left Fade,
,,,,,,False,,,False,1789981714955.4,,,unknown,[],,[],0,115,[],,,,,,,,,[],,,,,,,,,True,0.0,,,disarmed,False,,,1789981713782.0,False,,115,1,,,,,,,,session_20260921_031823,Left Fade,
,,,150.95999999999992,,,False,30,C:\Users\aaron\Desktop\NexusVision\logs\orion_native.log.1:34202,False,1789981758389.7,87.0,BOTHERED,unknown,[],23.833,[],0,116,[],,,,,LATE,699.8,C:\Users\aaron\Desktop\NexusVision\logs\orion_native.log.1:34201,18.906000000000063,[],delivery_legacy,96.15,C:\Users\aaron\Desktop\NexusVision\logs\orion_native.log.1:34244,95.23,3.7812000000000126,5.066079295154194,0.9200000000000017,,True,0.0,548.84,detect_loop,released,True,15.20700000000001,3.7,1789981756527.0,False,7,116,1,,1789981757226.802,30,0.1804,C:\Users\aaron\Desktop\NexusVision\logs\orion_native.log.1:34204,1,0.0,session_20260921_031823,Standstill,C:\Users\aaron\Desktop\NexusVision\logs\orion_native.log.1:34203
,,,,,,False,,,False,1789981762171.2,,,unknown,[],,[],0,117,[],,,,,,,,,[],,,,,,,,,True,0.0,,,disarmed,False,,,1789981760980.0,False,,117,1,,,,,,,,session_20260921_031823,Right Fade,
,,,,,,False,,,False,1789981766479.6,,,unknown,[],,[],0,118,[],,,,,,,,,[],,,,,,,,,True,0.0,,,disarmed,False,,,1789981765192.0,False,,118,1,,,,,,,,session_20260921_031823,Right Fade,
,,,,,,False,,,False,1789981794857.4,,,unknown,[],,[],0,119,[],,,,,,,,,[],,,,,,,,,True,0.0,,,disarmed,False,,,1789981793652.0,False,,119,1,,,,,,,,session_20260921_031823,Right Fade,
,,,,,,False,,,False,1789981800154.4,,,unknown,[],,[],0,120,[],,,,,,,,,[],,,,,,,,,True,0.0,,,disarmed,False,,,1789981798841.0,False,,120,1,,,,,,,,session_20260921_031823,Post Fade,
,,,,,,False,,,False,1789981842791.5,,,unknown,[],,[],0,121,[],,,,,,,,,[],,,,,,,,,True,0.0,,,disarmed,False,,,1789981840159.0,False,,121,1,,,,,,,,session_20260921_031823,Standstill,
,,,,,,False,,,False,1789981845582.4,,,unknown,[],,[],0,122,[],,,,,,,,,[],,,,,,,,,True,0.0,,,disarmed,False,,,1789981844150.0,False,,122,1,,,,,,,,session_20260921_031823,Standstill,
,,,,,,False,,,False,1789981853989.0,,,unknown,[],,[],0,123,[],,,,,,,,,[],,,,,,,,,True,0.0,,,unanswered,False,,,1789981845877.0,False,,123,1,,,,,,,,session_20260921_031823,Go-To,
,,,550.95,,,False,31,C:\Users\aaron\Desktop\NexusVision\logs\orion_native.log.1:34568,False,1789981849185.2,76.0,WIDE OPEN,open,[],,[],0,124,[],,,,,EXCELLENT,648.0,C:\Users\aaron\Desktop\NexusVision\logs\orion_native.log.1:34567,11.097000000000037,[],delivery_legacy,95.72,C:\Users\aaron\Desktop\NexusVision\logs\orion_native.log.1:34607,92.22,14.385000000000048,19.027943894748287,3.5,,True,0.0,97.05,detect_loop,released,True,11.508000000000006,2.8,1789981847707.0,False,7,124,1,,1789981848355.0444,31,0.1814,C:\Users\aaron\Desktop\NexusVision\logs\orion_native.log.1:34570,1,0.0,session_20260921_031823,Standstill,C:\Users\aaron\Desktop\NexusVision\logs\orion_native.log.1:34569
,,,151.03000000000003,,,False,32,C:\Users\aaron\Desktop\NexusVision\logs\orion_native.log.1:34904,False,1789981973416.8,79.0,WIDE OPEN,open,[],25.333,[],0,125,[],,,,,EXCELLENT,641.2,C:\Users\aaron\Desktop\NexusVision\logs\orion_native.log.1:34903,18.495000000000005,[],delivery_legacy,95.69,C:\Users\aaron\Desktop\NexusVision\logs\orion_native.log.1:34943,91.51,17.179799999999943,23.467325398607638,4.179999999999993,,True,0.0,490.17,detect_loop,released,True,18.90600000000001,4.6,1789981971992.0,False,7,125,1,,1789981972633.165,32,0.1771,C:\Users\aaron\Desktop\NexusVision\logs\orion_native.log.1:34906,1,0.0,session_20260921_031823,Standstill,C:\Users\aaron\Desktop\NexusVision\logs\orion_native.log.1:34905
,,,,,,False,,,False,1789981982300.6,,,unknown,[],,[],0,126,[],,,,,,,,,[],,,,,,,,,True,0.0,,,disarmed,False,,,1789981981034.0,False,,126,1,,,,,,,,session_20260921_031823,Standstill,
,,,100.98000000000002,,,False,33,C:\Users\aaron\Desktop\NexusVision\logs\orion_native.log.1:35074,False,1789982014230.3,29.0,WIDE OPEN,open,[],23.75,[],0,127,[],,,,,EXCELLENT,654.1,C:\Users\aaron\Desktop\NexusVision\logs\orion_native.log.1:35073,15.206999999999994,[],delivery_legacy,95.41,C:\Users\aaron\Desktop\NexusVision\logs\orion_native.log.1:35113,89.36,24.923099999999977,37.09608191795939,6.049999999999997,,True,0.0,553.12,detect_loop,released,True,16.029000000000007,3.9,1789982012810.0,False,7,127,1,,1789982013464.1064,33,0.1613,C:\Users\aaron\Desktop\NexusVision\logs\orion_native.log.1:35076,1,0.0,session_20260921_031823,Standstill,C:\Users\aaron\Desktop\NexusVision\logs\orion_native.log.1:35075
,,,,,,False,,,False,1789982019743.2,,,unknown,[],,[],0,128,[],,,,,,,,,[],,,,,,,,,True,0.0,,,disarmed,False,,,1789982018545.0,False,,128,1,,,,,,,,session_20260921_031823,Left Fade,
,,,,,,False,,,False,1789982023190.1,,,unknown,[],,[],0,129,[],,,,,,,,,[],,,,,,,,,True,0.0,,,disarmed,False,,,1789982022033.0,False,,129,1,,,,,,,,session_20260921_031823,Right Fade,
,,,150.88,,,False,34,C:\Users\aaron\Desktop\NexusVision\logs\orion_native.log.1:35204,False,1789982030627.5,82.0,WIDE OPEN,open,[],28.583,[],0,130,[],,,,,LATE,658.9,C:\Users\aaron\Desktop\NexusVision\logs\orion_native.log.1:35203,15.206999999999937,[],delivery_legacy,95.46,C:\Users\aaron\Desktop\NexusVision\logs\orion_native.log.1:35244,91.91,14.590499999999963,20.31241059678433,3.549999999999997,,True,0.0,508.02,detect_loop,released,True,11.919000000000006,2.9,1789982028873.0,False,7,130,1,,1789982029531.8809,34,0.174,C:\Users\aaron\Desktop\NexusVision\logs\orion_native.log.1:35206,1,0.0,session_20260921_031823,Standstill,C:\Users\aaron\Desktop\NexusVision\logs\orion_native.log.1:35205
,,,,,,False,,,False,1789982034083.2,,,unknown,[],,[],0,131,[],,,,,,,,,[],,,,,,,,,True,0.0,,,disarmed,False,,,1789982032795.0,False,,131,1,,,,,,,,session_20260921_031823,Left Fade,
,,,151.09000000000003,,,False,35,C:\Users\aaron\Desktop\NexusVision\logs\orion_native.log.1:35313,False,1789982043593.8,78.0,WIDE OPEN,open,[],24.25,[],0,132,[],,,,,EXCELLENT,898.5,C:\Users\aaron\Desktop\NexusVision\logs\orion_native.log.1:35312,15.206999999999994,[],delivery_legacy,95.47,C:\Users\aaron\Desktop\NexusVision\logs\orion_native.log.1:35352,89.32,25.33770000000004,34.85801734398915,6.150000000000006,,True,0.0,747.41,detect_loop,released,True,15.20700000000001,3.7,1789982041915.0,False,7,132,1,,1789982042813.512,35,0.1756,C:\Users\aaron\Desktop\NexusVision\logs\orion_native.log.1:35315,1,0.0,session_20260921_031823,Standstill,C:\Users\aaron\Desktop\NexusVision\logs\orion_native.log.1:35314
,,,,,,False,,,False,1789982054019.8,,,unknown,[],,[],0,133,[],,,,,,,,,[],,,,,,,,,True,0.0,,,disarmed,False,,,1789982052860.0,False,,133,1,,,,,,,,session_20260921_031823,Post Fade,
,,,,,,False,,,False,1789982057192.9,,,unknown,[],,[],0,134,[],,,,,,,,,[],,,,,,,,,True,0.0,,,disarmed,False,,,1789982056031.0,False,,134,1,,,,,,,,session_20260921_031823,No Dip,
,,,151.21000000000004,,,False,36,C:\Users\aaron\Desktop\NexusVision\logs\orion_native.log.1:35470,False,1789982072047.9,82.0,WIDE OPEN,open,[],,[],0,135,[],,,,,EXCELLENT,658.1,C:\Users\aaron\Desktop\NexusVision\logs\orion_native.log.1:35469,18.906000000000006,[],delivery_legacy,95.19,C:\Users\aaron\Desktop\NexusVision\logs\orion_native.log.1:35510,91.08,16.89209999999997,22.856189522856184,4.109999999999999,,True,0.0,506.89,detect_loop,released,True,18.90600000000001,4.6,1789982070720.0,False,7,135,1,,1789982071378.05,36,0.178,C:\Users\aaron\Desktop\NexusVision\logs\orion_native.log.1:35472,1,0.0,session_20260921_031823,Standstill,C:\Users\aaron\Desktop\NexusVision\logs\orion_native.log.1:35471
,,,,,,False,,,False,1789982079634.2,,,unknown,[],,[],0,136,[],,,,,,,,,[],,,,,,,,,True,0.0,,,disarmed,False,,,1789982078535.0,False,,136,1,,,,,,,,session_20260921_031823,Left Fade,
,,,,,,False,,,False,1789982082503.8,,,unknown,[],,[],0,137,[],,,,,,,,,[],,,,,,,,,True,0.0,,,disarmed,False,,,1789982081282.0,False,,137,1,,,,,,,,session_20260921_031823,Left Fade,
,,,,,,False,,,False,1789982110993.0,,,unknown,[],,[],0,138,[],,,,,,,,,[],,,,,,,,,True,0.0,,,disarmed,False,,,1789982109736.0,False,,138,1,,,,,,,,session_20260921_031823,Right Fade,
,,,134.29999999999995,,,False,37,C:\Users\aaron\Desktop\NexusVision\logs\orion_native.log.1:35694,False,1789982121923.3,65.0,WIDE OPEN,open,[],26.333,[],0,139,[],,,,,LATE,977.8,C:\Users\aaron\Desktop\NexusVision\logs\orion_native.log.1:35693,7.398000000000025,[],delivery_legacy,95.37,C:\Users\aaron\Desktop\NexusVision\logs\orion_native.log.1:35737,93.26,8.6721,11.76142697881828,2.1099999999999994,,True,0.0,843.5,detect_loop,released,True,7.398000000000004,1.8,1789982119999.0,False,7,139,1,,1789982120976.758,37,0.1783,C:\Users\aaron\Desktop\NexusVision\logs\orion_native.log.1:35696,1,0.0,session_20260921_031823,Right Fade,C:\Users\aaron\Desktop\NexusVision\logs\orion_native.log.1:35695
,,,151.02999999999997,,,False,38,C:\Users\aaron\Desktop\NexusVision\logs\orion_native.log.1:35771,False,1789982125472.8,76.0,WIDE OPEN,open,[],23.667,[],0,140,[],,,,,LATE,663.8,C:\Users\aaron\Desktop\NexusVision\logs\orion_native.log.1:35770,18.90599999999995,[],delivery_legacy,95.33,C:\Users\aaron\Desktop\NexusVision\logs\orion_native.log.1:35813,89.15,25.47629999999998,36.10234840518748,6.179999999999993,,True,0.0,512.77,detect_loop,released,True,18.90600000000001,4.6,1789982123862.0,False,7,140,1,,1789982124525.7913,38,0.1702,C:\Users\aaron\Desktop\NexusVision\logs\orion_native.log.1:35773,1,0.01,session_20260921_031823,Standstill,C:\Users\aaron\Desktop\NexusVision\logs\orion_native.log.1:35772
,,,,,,False,,,False,1789982129709.2,,,unknown,[],,[],0,141,[],,,,,,,,,[],,,,,,,,,True,0.0,,,disarmed,False,,,1789982128415.0,False,,141,1,,,,,,,,session_20260921_031823,Left Fade,
,,,,,,False,,,False,1789982133424.0,,,unknown,[],,[],0,142,[],,,,,,,,,[],,,,,,,,,True,0.0,,,disarmed,False,,,1789982132084.0,False,,142,1,,,,,,,,session_20260921_031823,Right Fade,
,,,,,,False,,,False,1789982190079.6,,,unknown,[],,[],0,143,[],,,,,,,,,[],,,,,,,,,True,0.0,,,disarmed,False,,,1789982188815.0,False,,143,1,,,,,,,,session_20260921_031823,Right Fade,
,,,,,,False,,,False,1789982220965.0,,,unknown,[],,[],0,144,[],,,,,,,,,[],,,,,,,,,True,0.0,690.13,detect_loop,unanswered,False,,,1789982212732.0,False,,144,1,,,,,,,,session_20260921_031823,Go-To,
,,,,,,False,,,False,1789982225695.2,,,unknown,[],,[],0,145,[],,,,,,,,,[],,,,,,,,,True,0.0,5469.67,detect_loop,unanswered,False,,,1789982217550.0,False,,145,1,,,,,,,,session_20260921_031823,Go-To,
,,,,,,False,,,False,1789982355524.9,,,unknown,[],,[],0,146,[],,,,,,,,,[],,,,,,,,,True,0.0,,,disarmed,False,,,1789982354397.0,False,,146,1,,,,,,,,session_20260921_031823,Left Fade,
,,,,,,False,,,False,1789982374683.6,,,unknown,[],,[],0,147,[],,,,,,,,,[],,,,,,,,,True,0.0,,,unanswered,False,,,1789982366610.0,False,,147,1,,,,,,,,session_20260921_031823,Go-To,
,,,150.92999999999995,,,False,39,C:\Users\aaron\Desktop\NexusVision\logs\orion_native.log.1:36447,False,1789982370760.1,,SEMI-OPEN,unknown,[],25.0,[],0,148,[],,,,,EXCELLENT,702.3,C:\Users\aaron\Desktop\NexusVision\logs\orion_native.log.1:36446,15.20700000000005,[],delivery_legacy,95.45,C:\Users\aaron\Desktop\NexusVision\logs\orion_native.log.1:36489,93.62,7.5212999999999965,10.20351268469472,1.8299999999999983,,True,0.0,551.37,detect_loop,released,False,15.20700000000001,3.7,1789982369161.0,False,7,148,1,,1789982369863.2861,39,0.177,C:\Users\aaron\Desktop\NexusVision\logs\orion_native.log.1:36449,1,0.0,session_20260921_031823,Standstill,C:\Users\aaron\Desktop\NexusVision\logs\orion_native.log.1:36448
,,,,,,False,,,False,1789982409495.5,,,unknown,[],,[],0,149,[],,,,,,,,,[],,,,,,,,,True,0.0,,,disarmed,False,,,1789982408153.0,False,,149,1,,,,,,,,session_20260921_031823,Post Fade,
,,,,,,False,,,False,1789982418631.8,,,unknown,[],,[],0,150,[],,,,,,,,,[],,,,,,,,,True,0.0,,,disarmed,False,,,1789982417329.0,False,,150,1,,,,,,,,session_20260921_031823,Right Fade,
,,,,,,False,,,False,1789982452655.9,,,unknown,[],,[],0,151,[],,,,,,,,,[],,,,,,,,,True,0.0,,,unanswered,False,,,1789982444408.0,False,,151,1,,,,,,,,session_20260921_031823,Go-To,
,,,,,,False,,,False,1789982454009.3,,,unknown,[],,[],0,152,[],,,,,,,,,[],,,,,,,,,True,0.0,,,unanswered,False,,,1789982446006.0,False,,152,1,,,,,,,,session_20260921_031823,Go-To,
,,,151.0200000000001,,,False,40,C:\Users\aaron\Desktop\NexusVision\logs\orion_native.log.1:36728,False,1789982449807.4,78.0,LIGHT CONTEST,contested,[],,[],0,153,[],,,,,EXCELLENT,911.2,C:\Users\aaron\Desktop\NexusVision\logs\orion_native.log.1:36727,18.906000000000006,[],delivery_legacy,95.76,C:\Users\aaron\Desktop\NexusVision\logs\orion_native.log.1:36771,92.09,15.083700000000022,20.84398250695747,3.6700000000000017,,True,0.0,760.18,detect_loop,released,True,22.194000000000013,5.4,1789982448015.0,False,7,153,1,,1789982448926.1685,40,0.1751,C:\Users\aaron\Desktop\NexusVision\logs\orion_native.log.1:36730,1,0.0,session_20260921_031823,Left Fade,C:\Users\aaron\Desktop\NexusVision\logs\orion_native.log.1:36729
,,,,,,False,,,False,1789982458504.9,,,unknown,[],,[],0,154,[],,,,,,,,,[],,,,,,,,,True,0.0,,,disarmed,False,,,1789982457329.0,False,,154,1,,,,,,,,session_20260921_031823,Post Fade,
,,,,,,False,,,False,1789982462966.2,,,unknown,[],,[],0,155,[],,,,,,,,,[],,,,,,,,,True,0.0,,,disarmed,False,,,1789982461727.0,False,,155,1,,,,,,,,session_20260921_031823,Post Fade,
,,,,,,False,,,False,1789982480810.2,,,unknown,[],,[],0,156,[],,,,,,,,,[],,,,,,,,,True,0.0,,,disarmed,False,,,1789982479512.0,False,,156,1,,,,,,,,session_20260921_031823,Post Fade,
,,,,,,False,,,False,1789982484255.7,,,unknown,[],,[],0,157,[],,,,,,,,,[],,,,,,,,,True,0.0,854.5,detect_loop,disarmed,False,,,1789982481602.0,False,,157,1,,,,,,,,session_20260921_031823,Standstill,
,,,,,,False,,,False,1789982504229.1,,,unknown,[],,[],0,158,[],,,,,,,,,[],,,,,,,,,True,0.0,,,disarmed,False,,,1789982502992.0,False,,158,1,,,,,,,,session_20260921_031823,Post Fade,
,,,,,,False,,,False,1789982530930.4,,,unknown,[],,[],0,159,[],,,,,,,,,[],,,,,,,,,True,0.0,,,disarmed,False,,,1789982529704.0,False,,159,1,,,,,,,,session_20260921_031823,Left Fade,
,,,,,,False,,,False,1789982546411.9,,,unknown,[],,[],0,160,[],,,,,,,,,[],,,,,,,,,True,0.0,,,disarmed,False,,,1789982545122.0,False,,160,1,,,,,,,,session_20260921_031823,Standstill,
,,,,,,False,,,False,1789982587252.3,,,unknown,[],,[],0,161,[],,,,,,,,,[],,,,,,,,,True,0.0,,,disarmed,False,,,1789982585799.0,False,,161,1,,,,,,,,session_20260921_031823,Standstill,
,,,,,,False,,,False,1789982607105.8,,,unknown,[],,[],0,162,[],,,,,,,,,[],,,,,,,,,True,0.0,,,disarmed,False,,,1789982605931.0,False,,162,1,,,,,,,,session_20260921_031823,Post Fade,
,,,,,,False,,,False,1789982608221.2,,,unknown,[],,[],0,163,[],,,,,,,,,[],,,,,,,,,True,0.0,,,disarmed,False,,,1789982607105.0,False,,163,1,,,,,,,,session_20260921_031823,No Dip,
,,,,,,False,,,False,1789982623231.0,,,unknown,[],,[],0,164,[],,,,,,,,,[],,,,,,,,,True,0.0,,,unanswered,False,,,1789982615124.0,False,,164,1,,,,,,,,session_20260921_031823,Go-To,
,,,,,,False,,,False,1789982617898.8,,,unknown,[],,[],0,165,[],,,,,,,,,[],,,,,,,,,True,0.0,,,disarmed,False,,,1789982616460.0,False,,165,1,,,,,,,,session_20260921_031823,Standstill,
,,,,,,False,,,False,1789982620558.9,,,unknown,[],,[],0,166,[],,,,,,,,,[],,,,,,,,,True,0.0,,,disarmed,False,,,1789982619282.0,False,,166,1,,,,,,,,session_20260921_031823,Standstill,
,,,,,,False,,,False,1789982662727.9,,,unknown,[],,[],0,167,[],,,,,,,,,[],,,,,,,,,True,0.0,,,disarmed,False,,,1789982661361.0,False,,167,1,,,,,,,,session_20260921_031823,Left Fade,
,,,,,,False,,,False,1789982704514.2,,,unknown,[],,[],0,168,[],,,,,,,,,[],,,,,,,,,True,0.0,,,disarmed,False,,,1789982703129.0,False,,168,1,,,,,,,,session_20260921_031823,Standstill,
,,,,,,False,,,False,1789982705045.7,,,unknown,[],,[],0,169,[],,,,,,,,,[],,,,,,,,,True,0.0,,,disarmed,False,,,1789982703848.0,False,,169,1,,,,,,,,session_20260921_031823,Standstill,
,,,150.82,,,False,41,C:\Users\aaron\Desktop\NexusVision\logs\orion_native.log.1:37787,False,1789982812028.3,80.0,,unknown,[],,[],0,170,[],,,,,,559.4,C:\Users\aaron\Desktop\NexusVision\logs\orion_native.log.1:37786,22.613999999999976,[],delivery_legacy,95.66,C:\Users\aaron\Desktop\NexusVision\logs\orion_native.log.1:37827,75.44,85.7826,110.33504310815235,20.22,,True,0.0,408.58,detect_loop,released,True,23.427000000000014,5.7,1789982807716.0,False,7,170,1,,1789982808275.4114,41,0.1814,C:\Users\aaron\Desktop\NexusVision\logs\orion_native.log.1:37789,1,0.0,session_20260921_031823,Left Fade,C:\Users\aaron\Desktop\NexusVision\logs\orion_native.log.1:37788
,,,,,,False,,,False,1789982816237.3,,,unknown,[],,[],0,171,[],,,,,,,,,[],,,,,,,,,True,0.0,,,disarmed,False,,,1789982815158.0,False,,171,1,,,,,,,,session_20260921_031823,Left Fade,
,,,,,,False,,,False,1789982856310.7,,,unknown,[],,[],0,172,[],,,,,,,,,[],,,,,,,,,True,0.0,,,unanswered,False,,,1789982848257.0,False,,172,1,,,,,,,,session_20260921_031823,Go-To,
,,,150.95000000000005,,,False,42,C:\Users\aaron\Desktop\NexusVision\logs\orion_native.log.1:37961,False,1789982850765.9,86.0,WIDE OPEN,open,[],23.75,[],0,173,[],,,,,EXCELLENT,707.2,C:\Users\aaron\Desktop\NexusVision\logs\orion_native.log.1:37960,18.906000000000063,[],delivery_legacy,95.48,C:\Users\aaron\Desktop\NexusVision\logs\orion_native.log.1:38003,89.32,25.37880000000007,33.73124520863,6.160000000000011,,True,0.0,556.25,detect_loop,released,True,18.90600000000001,4.6,1789982849230.0,False,7,173,1,,1789982849937.1548,42,0.1807,C:\Users\aaron\Desktop\NexusVision\logs\orion_native.log.1:37963,1,0.0,session_20260921_031823,Standstill,C:\Users\aaron\Desktop\NexusVision\logs\orion_native.log.1:37962
,,,,,,False,,,False,1789982870138.5,,,unknown,[],,[],0,174,[],,,,,,,,,[],,,,,,,,,True,0.0,,,disarmed,False,,,1789982869026.0,False,,174,1,,,,,,,,session_20260921_031823,Left Fade,
,,,150.90999999999997,,,False,43,C:\Users\aaron\Desktop\NexusVision\logs\orion_native.log.1:38156,False,1789982900513.8,82.0,WIDE OPEN,open,[],22.75,[],0,175,[],,,,,EXCELLENT,673.1,C:\Users\aaron\Desktop\NexusVision\logs\orion_native.log.1:38155,15.206999999999994,[],delivery_legacy,93.6,C:\Users\aaron\Desktop\NexusVision\logs\orion_native.log.1:38197,88.71,20.214,27.766736698654256,4.890000000000001,,True,0.0,522.19,detect_loop,released,True,18.08400000000001,4.4,1789982899080.0,False,7,175,1,,1789982899753.1016,43,0.1756,C:\Users\aaron\Desktop\NexusVision\logs\orion_native.log.1:38158,1,0.0,session_20260921_031823,Standstill,C:\Users\aaron\Desktop\NexusVision\logs\orion_native.log.1:38157
,,,117.65999999999997,,,False,44,C:\Users\aaron\Desktop\NexusVision\logs\orion_native.log.1:38265,False,1789982917798.5,48.0,LIGHT CONTEST,contested,[],23.75,[],0,176,[],,,,,EARLY,918.1,C:\Users\aaron\Desktop\NexusVision\logs\orion_native.log.1:38264,15.206999999999937,[],delivery_legacy,95.55,C:\Users\aaron\Desktop\NexusVision\logs\orion_native.log.1:38306,92.79,11.34359999999998,15.19405450041283,2.759999999999991,,True,0.0,800.44,detect_loop,released,True,13.152000000000008,3.2,1789982915800.0,False,7,176,1,,1789982916718.1086,44,0.1807,C:\Users\aaron\Desktop\NexusVision\logs\orion_native.log.1:38267,1,0.0,session_20260921_031823,Left Fade,C:\Users\aaron\Desktop\NexusVision\logs\orion_native.log.1:38266
,,,150.89999999999998,,,False,45,C:\Users\aaron\Desktop\NexusVision\logs\orion_native.log.1:38407,False,1789982953395.1,82.0,OPEN,open,[],24.917,[],0,177,[],,,,,EXCELLENT,648.9,C:\Users\aaron\Desktop\NexusVision\logs\orion_native.log.1:38406,11.09699999999998,[],delivery_legacy,95.56,C:\Users\aaron\Desktop\NexusVision\logs\orion_native.log.1:38448,92.11,14.179500000000019,19.426769525311126,3.450000000000003,,True,0.0,498.0,detect_loop,released,True,15.20700000000001,3.7,1789982951917.0,False,7,177,1,,1789982952565.89,45,0.1773,C:\Users\aaron\Desktop\NexusVision\logs\orion_native.log.1:38409,1,0.0,session_20260921_031823,Standstill,C:\Users\aaron\Desktop\NexusVision\logs\orion_native.log.1:38408
,,,,,,False,,,False,1789982967232.7,,,unknown,[],,[],0,178,[],,,,,,,,,[],,,,,,,,,True,0.0,,,disarmed,False,,,1789982965969.0,False,,178,1,,,,,,,,session_20260921_031823,Standstill,
,,,,,,False,,,False,1789983021137.7,,,unknown,[],,[],0,179,[],,,,,,,,,[],,,,,,,,,True,0.0,,,disarmed,False,,,1789983019846.0,False,,179,1,,,,,,,,session_20260921_031823,Standstill,
,,,150.89000000000004,,,False,46,C:\Users\aaron\Desktop\NexusVision\logs\orion_native.log.1:38658,False,1789983027605.4,86.0,WIDE OPEN,open,[],,[],0,180,[],,,,,EXCELLENT,649.7,C:\Users\aaron\Desktop\NexusVision\logs\orion_native.log.1:38657,15.206999999999937,[],delivery_legacy,95.61,C:\Users\aaron\Desktop\NexusVision\logs\orion_native.log.1:38695,91.93,15.124799999999937,20.20202020202016,3.6799999999999926,,True,0.0,498.81,detect_loop,released,True,15.20700000000001,3.7,1789983026279.0,False,7,180,1,,1789983026928.7441,46,0.1803,C:\Users\aaron\Desktop\NexusVision\logs\orion_native.log.1:38660,1,0.0,session_20260921_031823,Standstill,C:\Users\aaron\Desktop\NexusVision\logs\orion_native.log.1:38659
,,,,,,False,,,False,1789983035665.5,,,unknown,[],,[],0,181,[],,,,,,,,,[],,,,,,,,,True,0.0,,,disarmed,False,,,1789983034420.0,False,,181,1,,,,,,,,session_20260921_031823,Left Fade,
,,,,,,False,,,False,1789983055007.1,,,unknown,[],,[],0,182,[],,,,,,,,,[],,,,,,,,,True,0.0,,,disarmed,False,,,1789983053846.0,False,,182,1,,,,,,,,session_20260921_031823,Left Fade,
,,,,,,False,,,False,1789983062810.1,,,unknown,[],,[],0,183,[],,,,,,,,,[],,,,,,,,,True,0.0,,,disarmed,False,,,1789983061652.0,False,,183,1,,,,,,,,session_20260921_031823,Post Fade,
,,,134.14999999999998,,,False,47,C:\Users\aaron\Desktop\NexusVision\logs\orion_native.log.1:38924,False,1789983100403.2,65.0,BOTHERED,unknown,[],23.75,[],0,184,[],,,,,EARLY,476.2,C:\Users\aaron\Desktop\NexusVision\logs\orion_native.log.1:38923,18.90599999999995,[],delivery_legacy,95.95,C:\Users\aaron\Desktop\NexusVision\logs\orion_native.log.1:38963,89.53,26.428500000000042,35.78196410656561,6.420000000000002,,True,0.0,342.05,detect_loop,released,True,18.49500000000001,4.5,1789983098816.0,False,7,184,1,,1789983099292.2285,47,0.1783,C:\Users\aaron\Desktop\NexusVision\logs\orion_native.log.1:38926,1,0.02,session_20260921_031823,Standstill,C:\Users\aaron\Desktop\NexusVision\logs\orion_native.log.1:38925
,,,184.21000000000004,,,False,48,C:\Users\aaron\Desktop\NexusVision\logs\orion_native.log.1:39054,False,1789983126067.9,118.0,WIDE OPEN,open,[],21.5,[],0,185,[],,,,,EARLY,943.5,C:\Users\aaron\Desktop\NexusVision\logs\orion_native.log.1:39053,18.906000000000006,[],delivery_legacy,95.65,C:\Users\aaron\Desktop\NexusVision\logs\orion_native.log.1:39095,91.23,18.166200000000003,34.8525469168901,4.420000000000002,,True,0.0,759.29,detect_loop,released,True,18.90600000000001,4.6,1789983124180.0,False,7,185,1,,1789983125123.5264,48,0.1251,C:\Users\aaron\Desktop\NexusVision\logs\orion_native.log.1:39056,1,0.0,session_20260921_031823,Left Fade,C:\Users\aaron\Desktop\NexusVision\logs\orion_native.log.1:39055
,,,151.01000000000005,,,False,49,C:\Users\aaron\Desktop\NexusVision\logs\orion_native.log.1:39192,False,1789983157619.0,82.0,WIDE OPEN,open,[],27.083,[],0,186,[],,,,,EXCELLENT,658.6,C:\Users\aaron\Desktop\NexusVision\logs\orion_native.log.1:39191,11.09699999999998,[],delivery_legacy,95.48,C:\Users\aaron\Desktop\NexusVision\logs\orion_native.log.1:39234,92.82,10.932600000000036,15.046099892527918,2.660000000000011,,True,0.0,507.59,detect_loop,released,True,11.508000000000006,2.8,1789983156098.0,False,7,186,1,,1789983156756.6343,49,0.1756,C:\Users\aaron\Desktop\NexusVision\logs\orion_native.log.1:39194,1,0.0,session_20260921_031823,Standstill,C:\Users\aaron\Desktop\NexusVision\logs\orion_native.log.1:39193
,,,,,,False,,,False,1789983166425.5,,,unknown,[],,[],0,187,[],,,,,,,,,[],,,,,,,,,True,0.0,,,disarmed,False,,,1789983165092.0,False,,187,1,,,,,,,,session_20260921_031823,Right Fade,
,,,,,,False,,,False,1789983197240.2,,,unknown,[],,[],0,188,[],,,,,,,,,[],,,,,,,,,True,0.0,,,unanswered,False,,,1789983189144.0,False,,188,1,,,,,,,,session_20260921_031823,Go-To,
,,,150.92999999999995,,,False,50,C:\Users\aaron\Desktop\NexusVision\logs\orion_native.log.1:39549,False,1789983278803.8,80.0,WIDE OPEN,open,[],24.5,[],0,189,[],,,,,EXCELLENT,647.9,C:\Users\aaron\Desktop\NexusVision\logs\orion_native.log.1:39548,18.495000000000005,[],delivery_legacy,95.34,C:\Users\aaron\Desktop\NexusVision\logs\orion_native.log.1:39588,91.05,17.63190000000003,24.82064336959041,4.290000000000006,,True,0.0,496.97,detect_loop,released,True,19.72800000000001,4.8,1789983277386.0,False,7,189,1,,1789983278033.8926,50,0.1725,C:\Users\aaron\Desktop\NexusVision\logs\orion_native.log.1:39551,1,0.01,session_20260921_031823,Standstill,C:\Users\aaron\Desktop\NexusVision\logs\orion_native.log.1:39550
,,,,,,False,,,False,1789983313114.1,,,unknown,[],,[],0,190,[],,,,,,,,,[],,,,,,,,,True,0.0,,,disarmed,False,,,1789983311943.0,False,,190,1,,,,,,,,session_20260921_031823,Post Fade,
,,,,,,False,,,False,1789983342779.1,,,unknown,[],,[],0,191,[],,,,,,,,,[],,,,,,,,,True,0.0,,,unanswered,False,,,1789983334709.0,False,,191,1,,,,,,,,session_20260921_031823,Go-To,
,,,,,,False,,,False,1789983375435.0,,,unknown,[],,[],0,192,[],,,,,,,,,[],,,,,,,,,True,0.0,6968.12,detect_loop,unanswered,False,,,1789983367347.0,False,,192,1,,,,,,,,session_20260921_031823,Go-To,
,,,,,,False,,,False,1789983376495.5,,,unknown,[],,[],0,193,[],,,,,,,,,[],,,,,,,,,True,0.0,,,disarmed,False,,,1789983375329.0,False,,193,1,,,,,,,,session_20260921_031823,Left Fade,
,,,,,,False,,,False,1789983404780.4,,,unknown,[],,[],0,194,[],,,,,,,,,[],,,,,,,,,True,0.0,,,disarmed,False,,,1789983403572.0,False,,194,1,,,,,,,,session_20260921_031823,Post Fade,
,,,,,,False,,,False,1789983409495.9,,,unknown,[],,[],0,195,[],,,,,,,,,[],,,,,,,,,True,0.0,,,disarmed,False,,,1789983408369.0,False,,195,1,,,,,,,,session_20260921_031823,Post Fade,
,,,134.33999999999992,,,False,51,C:\Users\aaron\Desktop\NexusVision\logs\orion_native.log.1:40008,False,1789983428378.4,62.0,WIDE OPEN,open,[],27.333,[],0,196,[],,,,,EARLY,786.8,C:\Users\aaron\Desktop\NexusVision\logs\orion_native.log.1:40007,11.507999999999981,[],delivery_legacy,96.27,C:\Users\aaron\Desktop\NexusVision\logs\orion_native.log.1:40049,92.63,14.960399999999993,21.113689095127615,3.6400000000000006,,True,0.0,652.46,detect_loop,released,True,13.152000000000008,3.2,1789983426493.0,False,7,196,1,,1789983427279.7732,51,0.172,C:\Users\aaron\Desktop\NexusVision\logs\orion_native.log.1:40010,1,0.0,session_20260921_031823,Standstill,C:\Users\aaron\Desktop\NexusVision\logs\orion_native.log.1:40009
,,,134.31,,,False,52,C:\Users\aaron\Desktop\NexusVision\logs\orion_native.log.1:40086,False,1789983432362.6,64.0,WIDE OPEN,open,[],21.75,[],0,197,[],,,,,EXCELLENT,643.5,C:\Users\aaron\Desktop\NexusVision\logs\orion_native.log.1:40085,26.33099999999996,[],delivery_legacy,96.08,C:\Users\aaron\Desktop\NexusVision\logs\orion_native.log.1:40127,89.61,26.626800000000003,37.57040822251901,6.469999999999999,,True,0.0,509.19,detect_loop,released,True,23.427000000000014,5.7,1789983430920.0,False,7,197,1,,1789983431563.4778,52,0.171,C:\Users\aaron\Desktop\NexusVision\logs\orion_native.log.1:40088,1,0.0,session_20260921_031823,Standstill,C:\Users\aaron\Desktop\NexusVision\logs\orion_native.log.1:40087
,,,,,,False,,,False,1789983499819.3,,,unknown,[],,[],0,198,[],,,,,,,,,[],,,,,,,,,True,0.0,,,unanswered,False,,,1789983491756.0,False,,198,1,,,,,,,,session_20260921_031823,Go-To,
,,,150.93,,,False,53,C:\Users\aaron\Desktop\NexusVision\logs\orion_native.log.1:40298,False,1789983496659.5,78.0,BOTHERED,unknown,[],24.167,[],0,199,[],,,,,EXCELLENT,657.6,C:\Users\aaron\Desktop\NexusVision\logs\orion_native.log.1:40297,11.507999999999981,[],delivery_legacy,95.93,C:\Users\aaron\Desktop\NexusVision\logs\orion_native.log.1:40341,92.25,15.12480000000005,20.661389029251627,3.680000000000007,,True,0.0,506.67,detect_loop,released,True,14.796000000000008,3.6,1789983495035.0,False,7,199,1,,1789983495692.6147,53,0.177,C:\Users\aaron\Desktop\NexusVision\logs\orion_native.log.1:40300,1,0.0,session_20260921_031823,Left Fade,C:\Users\aaron\Desktop\NexusVision\logs\orion_native.log.1:40299
,,,,,,False,,,False,1789983502965.3,,,unknown,[],,[],0,200,[],,,,,,,,,[],,,,,,,,,True,0.0,,,disarmed,False,,,1789983501805.0,False,,200,1,,,,,,,,session_20260921_031823,Left Fade,
,,,,,,False,,,False,1789983506911.4,,,unknown,[],,[],0,201,[],,,,,,,,,[],,,,,,,,,True,0.0,,,disarmed,False,,,1789983505692.0,False,,201,1,,,,,,,,session_20260921_031823,Right Fade,
,,,98.80000000000007,,,False,54,C:\Users\aaron\Desktop\NexusVision\logs\orion_native.log.1:40438,False,1789983517680.4,,,unknown,[],,[],0,202,[],,,,,EXCELLENT,752.7,C:\Users\aaron\Desktop\NexusVision\logs\orion_native.log.1:40437,,[],delivery_legacy,95.79,C:\Users\aaron\Desktop\NexusVision\logs\orion_native.log.1:40478,93.54,9.247500000000002,8.150106856956569,2.25,,True,0.0,653.9,detect_loop,released,False,,,1789983516237.0,False,7,202,1,,1789983516989.6533,54,0.0,C:\Users\aaron\Desktop\NexusVision\logs\orion_native.log.1:40440,0,0.0,session_20260921_031823,Standstill,C:\Users\aaron\Desktop\NexusVision\logs\orion_native.log.1:40439
,,,,,,False,,,False,1789983528672.8,,,unknown,[],,[],0,203,[],,,,,,,,,[],,,,,,,,,True,0.0,,,disarmed,False,,,1789983527564.0,False,,203,1,,,,,,,,session_20260921_031823,Right Fade,
,,,117.58000000000004,,,False,55,C:\Users\aaron\Desktop\NexusVision\logs\orion_native.log.1:40563,False,1789983538766.2,28.0,WIDE OPEN,open,[],19.667,[],0,204,[],,,,,EXCELLENT,957.2,C:\Users\aaron\Desktop\NexusVision\logs\orion_native.log.1:40562,22.605000000000018,[],delivery_legacy,95.81,C:\Users\aaron\Desktop\NexusVision\logs\orion_native.log.1:40604,90.22,22.97489999999999,32.10245219089188,5.590000000000003,,True,0.0,839.62,detect_loop,released,True,21.37200000000001,5.2,1789983537036.0,False,7,204,1,,1789983537993.2363,55,0.1737,C:\Users\aaron\Desktop\NexusVision\logs\orion_native.log.1:40565,1,0.0,session_20260921_031823,Right Fade,C:\Users\aaron\Desktop\NexusVision\logs\orion_native.log.1:40564
,,,117.58000000000004,,,False,56,C:\Users\aaron\Desktop\NexusVision\logs\orion_native.log.1:40805,False,1789983619869.8,43.0,OPEN,open,[],23.75,[],0,205,[],,,,,EARLY,680.1,C:\Users\aaron\Desktop\NexusVision\logs\orion_native.log.1:40804,14.79600000000005,[],delivery_legacy,96.04,C:\Users\aaron\Desktop\NexusVision\logs\orion_native.log.1:40846,91.52,18.57720000000006,25.703724765425136,4.52000000000001,,True,0.0,562.52,detect_loop,released,True,15.20700000000001,3.7,1789983618308.0,False,7,205,1,,1789983618988.0632,56,0.1754,C:\Users\aaron\Desktop\NexusVision\logs\orion_native.log.1:40807,1,0.0,session_20260921_031823,Standstill,C:\Users\aaron\Desktop\NexusVision\logs\orion_native.log.1:40806
,,,,,,False,,,False,1789983625930.6,,,unknown,[],,[],0,206,[],,,,,,,,,[],,,,,,,,,True,0.0,,,disarmed,False,,,1789983624795.0,False,,206,1,,,,,,,,session_20260921_031823,Standstill,
,,,134.29000000000008,,,False,57,C:\Users\aaron\Desktop\NexusVision\logs\orion_native.log.1:40933,False,1789983639817.9,62.0,OPEN,open,[],22.25,[],0,207,[],,,,,EXCELLENT,654.1,C:\Users\aaron\Desktop\NexusVision\logs\orion_native.log.1:40932,18.495000000000005,[],delivery_legacy,95.79,C:\Users\aaron\Desktop\NexusVision\logs\orion_native.log.1:40975,91.45,17.83740000000006,24.02435649045117,4.340000000000003,,True,0.0,519.81,detect_loop,released,True,18.90600000000001,4.6,1789983638398.0,False,7,207,1,,1789983639052.0537,57,0.1794,C:\Users\aaron\Desktop\NexusVision\logs\orion_native.log.1:40935,1,0.0,session_20260921_031823,Standstill,C:\Users\aaron\Desktop\NexusVision\logs\orion_native.log.1:40934
,,,,,,False,,,False,1789983646101.3,,,unknown,[],,[],0,208,[],,,,,,,,,[],,,,,,,,,True,0.0,,,disarmed,False,,,1789983644807.0,False,,208,1,,,,,,,,session_20260921_031823,Right Fade,
,,,,,,False,,,False,1789983690672.9,,,unknown,[],,[],0,209,[],,,,,,,,,[],,,,,,,,,True,0.0,,,unanswered,False,,,1789983682638.0,False,,209,1,,,,,,,,session_20260921_031823,Go-To,
,,,,,,False,,,False,1789983693565.6,,,unknown,[],,[],0,210,[],,,,,,,,,[],,,,,,,,,True,0.0,,,disarmed,False,,,1789983692362.0,False,,210,1,,,,,,,,session_20260921_031823,Right Fade,
,,,,,,False,,,False,1789983715300.9,,,unknown,[],,[],0,211,[],,,,,,,,,[],,,,,,,,,True,0.0,,,disarmed,False,,,1789983714173.0,False,,211,1,,,,,,,,session_20260921_031823,Standstill,
,,,134.19999999999993,,,False,58,C:\Users\aaron\Desktop\NexusVision\logs\orion_native.log.1:41222,False,1789983720980.8,64.0,BOTHERED,unknown,[],,[],0,212,[],,,,,EXCELLENT,955.4,C:\Users\aaron\Desktop\NexusVision\logs\orion_native.log.1:41221,7.397999999999968,[],delivery_legacy,93.34,C:\Users\aaron\Desktop\NexusVision\logs\orion_native.log.1:41263,81.78,48.25140000000005,67.60629276565882,11.560000000000002,,True,0.0,821.2,detect_loop,released,True,7.398000000000004,1.8,1789983719075.0,False,7,212,1,,1789983720030.4224,58,0.1707,C:\Users\aaron\Desktop\NexusVision\logs\orion_native.log.1:41224,1,0.0,session_20260921_031823,Right Fade,C:\Users\aaron\Desktop\NexusVision\logs\orion_native.log.1:41223
,,,,,,False,,,False,1789983739307.4,,,unknown,[],,[],0,213,[],,,,,,,,,[],,,,,,,,,True,0.0,,,disarmed,False,,,1789983737947.0,False,,213,1,,,,,,,,session_20260921_031823,No Dip,
,,,,,,False,,,False,1789983757876.4,,,unknown,[],,[],0,214,[],,,,,,,,,[],,,,,,,,,True,0.0,,,unanswered,False,,,1789983749614.0,False,,214,1,,,,,,,,session_20260921_031823,Go-To,
,,,,,,False,,,False,1789983772593.3,,,unknown,[],,[],0,215,[],,,,,,,,,[],,,,,,,,,True,0.0,,,disarmed,False,,,1789983771430.0,False,,215,1,,,,,,,,session_20260921_031823,Standstill,
,,,,,,False,,,False,1789983800344.1,,,unknown,[],,[],0,216,[],,,,,,,,,[],,,,,,,,,True,0.0,,,unanswered,False,,,1789983792128.0,False,,216,1,,,,,,,,session_20260921_031823,Go-To,
,,,151.18999999999994,,,False,59,C:\Users\aaron\Desktop\NexusVision\logs\orion_native.log.1:41489,False,1789983797491.0,28.0,LIGHT CONTEST,contested,[],25.583,[],0,217,[],,,,,LATE,752.8,C:\Users\aaron\Desktop\NexusVision\logs\orion_native.log.1:41488,4.110000000000014,[],delivery_legacy,95.95,C:\Users\aaron\Desktop\NexusVision\logs\orion_native.log.1:41533,95.03,3.7812000000000126,5.204208620884725,0.9200000000000017,,True,0.0,601.61,detect_loop,released,True,3.699000000000002,0.9,1789983795574.0,False,7,217,1,,1789983796326.782,59,0.176,C:\Users\aaron\Desktop\NexusVision\logs\orion_native.log.1:41491,1,0.0,session_20260921_031823,Standstill,C:\Users\aaron\Desktop\NexusVision\logs\orion_native.log.1:41490
,,,,,,False,,,False,1789983803001.8,,,unknown,[],,[],0,218,[],,,,,,,,,[],,,,,,,,,True,0.0,,,disarmed,False,,,1789983801816.0,False,,218,1,,,,,,,,session_20260921_031823,Post Fade,
,,,,,,False,,,False,1789983820279.8,,,unknown,[],,[],0,219,[],,,,,,,,,[],,,,,,,,,True,0.0,,,disarmed,False,,,1789983819093.0,False,,219,1,,,,,,,,session_20260921_031823,Left Fade,
,,,,,,False,,,False,1789983820592.3,,,unknown,[],,[],0,220,[],,,,,,,,,[],,,,,,,,,True,0.0,,,disarmed,False,,,1789983819260.0,False,,220,1,,,,,,,,session_20260921_031823,Right Fade,
,,,,,,False,,,False,1789983833661.3,,,unknown,[],,[],0,221,[],,,,,,,,,[],,,,,,,,,True,0.0,779.03,detect_loop,disarmed,False,,,1789983831045.0,False,,221,1,,,,,,,,session_20260921_031823,Standstill,
,,,,,,False,,,False,1789983837612.3,,,unknown,[],,[],0,222,[],,,,,,,,,[],,,,,,,,,True,0.0,,,disarmed,False,,,1789983836372.0,False,,222,1,,,,,,,,session_20260921_031823,Right Fade,
,,,,,,False,,,False,1789983873008.8,,,unknown,[],,[],0,223,[],,,,,,,,,[],,,,,,,,,True,0.0,,,disarmed,False,,,1789983871787.0,False,,223,1,,,,,,,,session_20260921_031823,Left Fade,
,,,,,,False,,,False,1789983894793.4,,,unknown,[],,[],0,224,[],,,,,,,,,[],,,,,,,,,True,0.0,,,disarmed,False,,,1789983893495.0,False,,224,1,,,,,,,,session_20260921_031823,Left Fade,
,,,134.22000000000003,,,False,60,C:\Users\aaron\Desktop\NexusVision\logs\orion_native.log.1:41901,False,1789983905258.5,55.0,WIDE OPEN,open,[],24.667,[],0,225,[],,,,,LATE,736.0,C:\Users\aaron\Desktop\NexusVision\logs\orion_native.log.1:41900,15.206999999999994,[],delivery_legacy,95.39,C:\Users\aaron\Desktop\NexusVision\logs\orion_native.log.1:41943,90.73,19.15259999999995,26.97852139176748,4.659999999999997,,True,0.0,601.78,detect_loop,released,True,13.563000000000006,3.3,1789983903602.0,False,7,225,1,,1789983904338.0232,60,0.1717,C:\Users\aaron\Desktop\NexusVision\logs\orion_native.log.1:41903,1,0.0,session_20260921_031823,Standstill,C:\Users\aaron\Desktop\NexusVision\logs\orion_native.log.1:41902
,,,,,,False,,,False,1789983960368.4,,,unknown,[],,[],0,226,[],,,,,,,,,[],,,,,,,,,True,0.0,,,unanswered,False,,,1789983952241.0,False,,226,1,,,,,,,,session_20260921_031823,Go-To,
,,,147.23999999999995,,,False,61,C:\Users\aaron\Desktop\NexusVision\logs\orion_native.log.1:42093,False,1789983955916.5,76.0,SOLID CONTEST,contested,[],23.917,[],0,227,[],,,,,EARLY,639.3,C:\Users\aaron\Desktop\NexusVision\logs\orion_native.log.1:42092,7.397999999999968,[],delivery_legacy,95.68,C:\Users\aaron\Desktop\NexusVision\logs\orion_native.log.1:42133,93.72,8.055600000000027,11.428571428571473,1.960000000000008,,True,0.0,492.06,detect_loop,released,True,9.042000000000005,2.2,1789983954192.0,False,7,227,1,,1789983954831.3425,61,0.1709,C:\Users\aaron\Desktop\NexusVision\logs\orion_native.log.1:42095,1,0.0,session_20260921_031823,Standstill,C:\Users\aaron\Desktop\NexusVision\logs\orion_native.log.1:42094
,,,,,,False,,,False,1789983962500.0,,,unknown,[],,[],0,228,[],,,,,,,,,[],,,,,,,,,True,0.0,,,disarmed,False,,,1789983961238.0,False,,228,1,,,,,,,,session_20260921_031823,Post Fade,
,,,,,,False,,,False,1789983971951.5,,,unknown,[],,[],0,229,[],,,,,,,,,[],,,,,,,,,True,0.0,,,disarmed,False,,,1789983970588.0,False,,229,1,,,,,,,,session_20260921_031823,Right Fade,
,,,,,,False,,,False,1789983976161.1,,,unknown,[],,[],0,230,[],,,,,,,,,[],,,,,,,,,True,0.0,,,disarmed,False,,,1789983974795.0,False,,230,1,,,,,,,,session_20260921_031823,Standstill,
,,,,,,False,,,False,1789983993983.2,,,unknown,[],,[],0,231,[],,,,,,,,,[],,,,,,,,,True,0.0,,,disarmed,False,,,1789983992784.0,False,,231,1,,,,,,,,session_20260921_031823,Right Fade,
,,,134.30000000000007,,,False,62,C:\Users\aaron\Desktop\NexusVision\logs\orion_native.log.1:42331,False,1789984006766.2,63.0,OPEN,open,[],18.833,[],0,232,[],,,,,EXCELLENT,892.1,C:\Users\aaron\Desktop\NexusVision\logs\orion_native.log.1:42330,18.906000000000006,[],delivery_legacy,95.68,C:\Users\aaron\Desktop\NexusVision\logs\orion_native.log.1:42371,92.0,15.124799999999993,20.94121663916239,3.680000000000007,,True,0.0,757.8,detect_loop,released,True,15.618000000000007,3.8,1789984005074.0,False,7,232,1,,1789984005966.125,62,0.1751,C:\Users\aaron\Desktop\NexusVision\logs\orion_native.log.1:42333,1,0.0,session_20260921_031823,Standstill,C:\Users\aaron\Desktop\NexusVision\logs\orion_native.log.1:42332
,,,,,,False,,,False,1789984029310.5,,,unknown,[],,[],0,233,[],,,,,,,,,[],,,,,,,,,True,0.0,,,disarmed,False,,,1789984028012.0,False,,233,1,,,,,,,,session_20260921_031823,Left Fade,
,,,,,,False,,,False,1789984030925.8,,,unknown,[],,[],0,234,[],,,,,,,,,[],,,,,,,,,True,0.0,,,disarmed,False,,,1789984029601.0,False,,234,1,,,,,,,,session_20260921_031823,Post Fade,
,,,150.92999999999995,,,False,63,C:\Users\aaron\Desktop\NexusVision\logs\orion_native.log.1:42527,False,1789984052748.9,83.0,LIGHT CONTEST,contested,[],5.167,[],0,235,[],,,,,EARLY,682.3,C:\Users\aaron\Desktop\NexusVision\logs\orion_native.log.1:42526,30.585000000000036,[],delivery_legacy,95.34,C:\Users\aaron\Desktop\NexusVision\logs\orion_native.log.1:42569,94.42,3.7812000000000126,7.097670112636951,0.9200000000000017,,True,0.0,531.37,detect_loop,released,True,32.88000000000002,8.0,1789984051132.0,False,7,235,1,,1789984051814.2756,63,0.1286,C:\Users\aaron\Desktop\NexusVision\logs\orion_native.log.1:42529,1,0.0,session_20260921_031823,Left Fade,C:\Users\aaron\Desktop\NexusVision\logs\orion_native.log.1:42528
,,,,,,False,,,False,1789984056205.6,,,unknown,[],,[],0,236,[],,,,,,,,,[],,,,,,,,,True,0.0,,,disarmed,False,,,1789984054802.0,False,,236,1,,,,,,,,session_20260921_031823,Standstill,
,,,,,,False,,,False,1789984178620.6,,,unknown,[],,[],0,237,[],,,,,,,,,[],,,,,,,,,True,0.0,,,unanswered,False,,,1789984170393.0,False,,237,1,,,,,,,,session_20260921_031823,Go-To,
,,,,,,False,,,False,1789984178620.6,,,unknown,[],,[],0,238,[],,,,,,,,,[],,,,,,,,,True,0.0,,,unanswered,False,,,1789984170410.0,False,,238,1,,,,,,,,session_20260921_031823,Go-To,
,,,134.25,,,False,64,C:\Users\aaron\Desktop\NexusVision\logs\orion_native.log.1:43542,False,1789984470046.2,64.0,,unknown,[],26.333,[],0,239,[],,,,,EARLY,956.5,C:\Users\aaron\Desktop\NexusVision\logs\orion_native.log.1:43541,4.110000000000014,[],delivery_legacy,95.71,C:\Users\aaron\Desktop\NexusVision\logs\orion_native.log.1:43579,94.4,5.384099999999933,7.182017543859583,1.309999999999988,,True,0.0,822.25,detect_loop,released,True,3.699000000000002,0.9,1789984467673.0,False,7,239,1,,1789984468629.5042,64,0.181,C:\Users\aaron\Desktop\NexusVision\logs\orion_native.log.1:43544,1,0.0,session_20260921_031823,Right Fade,C:\Users\aaron\Desktop\NexusVision\logs\orion_native.log.1:43543
,,,134.21000000000004,,,False,65,C:\Users\aaron\Desktop\NexusVision\logs\orion_native.log.1:43626,False,1789984476248.9,60.0,,unknown,[],24.083,[],0,240,[],,,,,EXCELLENT,1238.5,C:\Users\aaron\Desktop\NexusVision\logs\orion_native.log.1:43625,3.6989999999999554,[],delivery_legacy,95.79,C:\Users\aaron\Desktop\NexusVision\logs\orion_native.log.1:43665,93.33,10.110600000000034,13.837327033412128,2.460000000000008,,True,0.0,1104.29,detect_loop,released,True,3.699000000000002,0.9,1789984473491.0,False,7,240,1,,1789984474729.5425,65,0.177,C:\Users\aaron\Desktop\NexusVision\logs\orion_native.log.1:43628,1,0.0,session_20260921_031823,Right Fade,C:\Users\aaron\Desktop\NexusVision\logs\orion_native.log.1:43627
,,,134.14,,,False,66,C:\Users\aaron\Desktop\NexusVision\logs\orion_native.log.1:43713,False,1789984484661.0,60.0,,unknown,[],,[],0,241,[],,,,,,939.4,C:\Users\aaron\Desktop\NexusVision\logs\orion_native.log.1:43712,7.397999999999968,[],delivery_legacy,95.67,C:\Users\aaron\Desktop\NexusVision\logs\orion_native.log.1:43751,93.29,9.781800000000032,13.679733302678443,2.3799999999999955,,True,0.0,805.26,detect_loop,released,True,7.398000000000004,1.8,1789984480207.0,False,7,241,1,,1789984481146.449,66,0.1737,C:\Users\aaron\Desktop\NexusVision\logs\orion_native.log.1:43715,1,0.0,session_20260921_031823,Right Fade,C:\Users\aaron\Desktop\NexusVision\logs\orion_native.log.1:43714
,,,,,,False,,,False,1789984494407.7,,,unknown,[],,[],0,242,[],,,,,,,,,[],,,,,,,,,True,0.0,,,unanswered,False,,,1789984486363.0,False,,242,1,,,,,,,,session_20260921_031823,Go-To,
,,,,,,False,,,False,1789984540654.9,,,unknown,[],,[],0,243,[],,,,,,,,,[],,,,,,,,,True,0.0,,,disarmed,False,,,1789984539346.0,False,,243,1,,,,,,,,session_20260921_031823,Standstill,
,,,134.28000000000003,,,False,67,C:\Users\aaron\Desktop\NexusVision\logs\orion_native.log.1:44012,False,1789984577624.5,56.0,WIDE OPEN,open,[],23.75,[],0,244,[],,,,,EXCELLENT,645.2,C:\Users\aaron\Desktop\NexusVision\logs\orion_native.log.1:44011,11.508000000000038,[],delivery_legacy,95.6,C:\Users\aaron\Desktop\NexusVision\logs\orion_native.log.1:44052,90.6,20.55000000000001,28.191249436175013,5.0,,True,0.0,510.92,detect_loop,released,True,12.330000000000007,3.0,1789984576280.0,False,7,244,1,,1789984576925.1929,67,0.1766,C:\Users\aaron\Desktop\NexusVision\logs\orion_native.log.1:44014,1,0.0,session_20260921_031823,Standstill,C:\Users\aaron\Desktop\NexusVision\logs\orion_native.log.1:44013
,,,,,,False,,,False,1789984584169.7,,,unknown,[],,[],0,245,[],,,,,,,,,[],,,,,,,,,True,0.0,,,disarmed,False,,,1789984582852.0,False,,245,1,,,,,,,,session_20260921_031823,Right Fade,
,,,,,,False,,,False,1789984590726.1,,,unknown,[],,[],0,246,[],,,,,,,,,[],,,,,,,,,True,0.0,,,disarmed,False,,,1789984589476.0,False,,246,1,,,,,,,,session_20260921_031823,Right Fade,
,,,150.78999999999996,,,False,68,C:\Users\aaron\Desktop\NexusVision\logs\orion_native.log.1:44175,False,1789984608859.3,,LIGHT CONTEST,contested,[],19.583,[],0,247,[],,,,,LATE,644.3,C:\Users\aaron\Desktop\NexusVision\logs\orion_native.log.1:44174,,[],delivery_legacy,95.59,C:\Users\aaron\Desktop\NexusVision\logs\orion_native.log.1:44214,94.67,3.7812000000000126,5.182806602444942,0.9200000000000017,,True,0.0,493.51,detect_loop,released,False,,,1789984606361.0,False,7,247,1,,1789984607005.3037,68,0.1772,C:\Users\aaron\Desktop\NexusVision\logs\orion_native.log.1:44177,1,0.0,session_20260921_031823,Standstill,C:\Users\aaron\Desktop\NexusVision\logs\orion_native.log.1:44176
,,,,,,False,,,False,1789984612311.3,,,unknown,[],,[],0,248,[],,,,,,,,,[],,,,,,,,,True,0.0,,,disarmed,False,,,1789984611170.0,False,,248,1,,,,,,,,session_20260921_031823,Left Fade,
,,,,,,False,,,False,1789984651838.5,,,unknown,[],,[],0,249,[],,,,,,,,,[],,,,,,,,,True,0.0,,,disarmed,False,,,1789984650691.0,False,,249,1,,,,,,,,session_20260921_031823,Standstill,
,,,,,,False,,,False,1789984661809.5,,,unknown,[],,[],0,250,[],,,,,,,,,[],,,,,,,,,True,0.0,,,disarmed,False,,,1789984660462.0,False,,250,1,,,,,,,,session_20260921_031823,Standstill,
,,,,,,False,,,False,1789984724864.7,,,unknown,[],,[],0,251,[],,,,,,,,,[],,,,,,,,,True,0.0,,,disarmed,False,,,1789984723498.0,False,,251,1,,,,,,,,session_20260921_031823,Standstill,
,,,,,,False,,,False,1789984733810.8,,,unknown,[],,[],0,252,[],,,,,,,,,[],,,,,,,,,True,0.0,,,disarmed,False,,,1789984732446.0,False,,252,1,,,,,,,,session_20260921_031823,Right Fade,
,,,,,,False,,,False,1789984758419.3,,,unknown,[],,[],0,253,[],,,,,,,,,[],,,,,,,,,True,0.0,,,disarmed,False,,,1789984757101.0,False,,253,1,,,,,,,,session_20260921_031823,Right Fade,
,,,,,,False,,,False,1789984802433.1,,,unknown,[],,[],0,254,[],,,,,,,,,[],,,,,,,,,True,0.0,,,disarmed,False,,,1789984801133.0,False,,254,1,,,,,,,,session_20260921_031823,Left Fade,
,,,,,,False,,,False,1789984844369.0,,,unknown,[],,[],0,255,[],,,,,,,,,[],,,,,,,,,True,0.0,1040.57,detect_loop,disarmed,False,,,1789984841262.0,False,,255,1,,,,,,,,session_20260921_031823,Standstill,
,,,150.95,,,False,69,C:\Users\aaron\Desktop\NexusVision\logs\orion_native.log.1:44896,False,1789984858230.7,74.0,,unknown,[],,[],0,256,[],,,,,EXCELLENT,652.5,C:\Users\aaron\Desktop\NexusVision\logs\orion_native.log.1:44895,15.206999999999994,[],delivery_legacy,94.94,C:\Users\aaron\Desktop\NexusVision\logs\orion_native.log.1:44939,93.58,5.5896000000000186,7.662403515691021,1.3599999999999994,,True,0.0,501.55,detect_loop,released,True,14.796000000000008,3.6,1789984856592.0,False,7,256,1,,1789984857244.4985,69,0.1765,C:\Users\aaron\Desktop\NexusVision\logs\orion_native.log.1:44898,1,0.0,session_20260921_031823,Standstill,C:\Users\aaron\Desktop\NexusVision\logs\orion_native.log.1:44897
,,,,,,False,,,False,1789984863792.0,,,unknown,[],,[],0,257,[],,,,,,,,,[],,,,,,,,,True,0.0,,,disarmed,False,,,1789984862605.0,False,,257,1,,,,,,,,session_20260921_031823,Left Fade,
,,,,,,False,,,False,1789985013443.3,,,unknown,[],,[],0,258,[],,,,,,,,,[],,,,,,,,,True,0.0,,,unanswered,False,,,1789985005302.0,False,,258,1,,,,,,,,session_20260921_031823,Go-To,
,,,,,,False,,,False,1789985182508.1,,,unknown,[],,[],0,1,[],,,,,,,,,[],,,,,,,,,True,0.0,,,unanswered,False,,,1789985174401.0,False,,1,1,,,,,,,,session_20260921_050536,Standstill,
,,,,,,False,,,False,1789985211668.2,,,unknown,[],,[],0,2,[],,,,,,,,,[],,,,,,,,,True,0.0,,,disarmed,False,,,1789985210316.0,False,,2,1,,,,,,,,session_20260921_050536,Standstill,
,,,,,,False,,,False,1789985450474.9,,,unknown,[],,[],0,3,[],,,,,,,,,[],,,,,,,,,True,0.0,,,disarmed,False,,,1789985449175.0,False,,3,1,,,,,,,,session_20260921_050536,Standstill,
,,,,,,False,,,False,1789985510954.3,,,unknown,[],,[],0,4,[],,,,,,,,,[],,,,,,,,,True,0.0,1617.41,detect_loop,unanswered,False,,,1789985502824.0,False,,4,1,,,,,,,,session_20260921_050536,Go-To,
,,,,,,False,,,False,1789985650798.6,,,unknown,[],,[],0,5,[],,,,,,,,,[],,,,,,,,,True,0.0,709.25,detect_loop,unanswered,False,,,1789985642659.0,False,,5,1,,,,,,,,session_20260921_050536,Go-To,
,,,,,,False,,,False,1789985654289.9,,,unknown,[],,[],0,6,[],,,,,,,,,[],,,,,,,,,True,0.0,76.04,detect_loop,unanswered,False,,,1789985646175.0,False,,6,1,,,,,,,,session_20260921_050536,Go-To,
,,,,,,False,,,False,1789985659026.0,,,unknown,[],,[],0,7,[],,,,,,,,,[],,,,,,,,,True,0.0,2157.35,detect_loop,unanswered,False,,,1789985650798.0,False,,7,1,,,,,,,,session_20260921_050536,Go-To,
,,,,,,False,,,False,1789985661264.1,,,unknown,[],,[],0,8,[],,,,,,,,,[],,,,,,,,,True,0.0,486.49,detect_loop,unanswered,False,,,1789985653200.0,False,,8,1,,,,,,,,session_20260921_050536,Go-To,
,,,,,,False,,,False,1789985672898.9,,,unknown,[],,[],0,9,[],,,,,,,,,[],,,,,,,,,True,0.0,,,unanswered,False,,,1789985664719.0,False,,9,1,,,,,,,,session_20260921_050536,Go-To,
,,,,,,False,,,False,1789985704836.6,,,unknown,[],,[],0,10,[],,,,,,,,,[],,,,,,,,,True,0.0,,,unanswered,False,,,1789985696717.0,False,,10,1,,,,,,,,session_20260921_050536,Go-To,
,,,,,,False,,,False,1789985911468.0,,,unknown,[],,[],0,11,[],,,,,,,,,[],,,,,,,,,True,0.0,,,unanswered,False,,,1789985903340.0,False,,11,1,,,,,,,,session_20260921_050536,Go-To,
,,,150.94999999999993,,,False,1,C:\Users\aaron\Desktop\NexusVision\logs\orion_native.log.1:47168,False,1789985905637.3,81.0,OPEN,open,[],24.083,[],0,12,[],,,,,EXCELLENT,653.3,C:\Users\aaron\Desktop\NexusVision\logs\orion_native.log.1:47167,15.206999999999994,[],delivery_legacy,96.25,C:\Users\aaron\Desktop\NexusVision\logs\orion_native.log.1:47206,91.78,18.371699999999976,25.09262377905018,4.469999999999999,,True,0.0,502.35,detect_loop,released,True,15.20700000000001,3.7,1789985904185.0,False,8,12,1,,1789985904838.337,1,0.1772,C:\Users\aaron\Desktop\NexusVision\logs\orion_native.log.1:47170,1,0.01,session_20260921_050536,Standstill,C:\Users\aaron\Desktop\NexusVision\logs\orion_native.log.1:47169
,,,,,,False,,,False,1789985935522.6,,,unknown,[],,[],0,13,[],,,,,,,,,[],,,,,,,,,True,0.0,,,disarmed,False,,,1789985934114.0,False,,13,1,,,,,,,,session_20260921_050536,Standstill,
,,,134.31,,,False,2,C:\Users\aaron\Desktop\NexusVision\logs\orion_native.log.1:47331,False,1789985945986.2,62.0,OPEN,open,[],25.167,[],0,14,[],,,,,EXCELLENT,632.0,C:\Users\aaron\Desktop\NexusVision\logs\orion_native.log.1:47330,11.508000000000038,[],delivery_legacy,96.31,C:\Users\aaron\Desktop\NexusVision\logs\orion_native.log.1:47369,93.85,10.110600000000034,14.335664335664381,2.460000000000008,,True,0.0,497.69,detect_loop,released,True,11.508000000000006,2.8,1789985944555.0,False,8,14,1,,1789985945187.0007,2,0.1714,C:\Users\aaron\Desktop\NexusVision\logs\orion_native.log.1:47333,1,0.0,session_20260921_050536,Standstill,C:\Users\aaron\Desktop\NexusVision\logs\orion_native.log.1:47332
,,,,,,False,,,False,1789985951007.9,,,unknown,[],,[],0,15,[],,,,,,,,,[],,,,,,,,,True,0.0,,,disarmed,False,,,1789985949737.0,False,,15,1,,,,,,,,session_20260921_050536,Left Fade,
,,,,,,False,,,False,1789985964157.9,,,unknown,[],,[],0,16,[],,,,,,,,,[],,,,,,,,,True,0.0,,,disarmed,False,,,1789985962947.0,False,,16,1,,,,,,,,session_20260921_050536,Post Fade,
,,,407.81,,,False,3,C:\Users\aaron\Desktop\NexusVision\logs\orion_native.log.1:47498,False,1789985977501.7,16.0,WIDE OPEN,open,[],22.583,[],0,17,[],,,,,EARLY,878.5,C:\Users\aaron\Desktop\NexusVision\logs\orion_native.log.1:47497,15.20700000000005,[],delivery_legacy,96.05,C:\Users\aaron\Desktop\NexusVision\logs\orion_native.log.1:47537,90.65,22.19399999999996,30.711482682136108,5.3999999999999915,,True,0.0,470.69,detect_loop,released,False,15.20700000000001,3.7,1789985975714.0,False,8,17,1,,1789985976592.4724,3,0.1754,C:\Users\aaron\Desktop\NexusVision\logs\orion_native.log.1:47500,1,0.0,session_20260921_050536,Standstill,C:\Users\aaron\Desktop\NexusVision\logs\orion_native.log.1:47499
,,,,,,False,,,False,1789986017109.2,,,unknown,[],,[],0,18,[],,,,,,,,,[],,,,,,,,,True,0.0,,,unanswered,False,,,1789986009052.0,False,,18,1,,,,,,,,session_20260921_050536,Go-To,
,,,133.98000000000002,,,False,4,C:\Users\aaron\Desktop\NexusVision\logs\orion_native.log.1:47667,False,1789986022216.3,,BOTHERED,unknown,[],,[],0,19,[],,,,,EXCELLENT,653.6,C:\Users\aaron\Desktop\NexusVision\logs\orion_native.log.1:47666,,[],delivery_legacy,95.73,C:\Users\aaron\Desktop\NexusVision\logs\orion_native.log.1:47709,94.81,3.7812000000000126,5.249343832021007,0.9200000000000017,,True,0.0,519.62,detect_loop,released,False,,,1789986020679.0,False,8,19,1,,1789986021332.6003,4,0.1747,C:\Users\aaron\Desktop\NexusVision\logs\orion_native.log.1:47669,1,0.01,session_20260921_050536,Standstill,C:\Users\aaron\Desktop\NexusVision\logs\orion_native.log.1:47668
,,,,,,False,,,False,1789986049723.8,,,unknown,[],,[],0,20,[],,,,,,,,,[],,,,,,,,,True,0.0,,,disarmed,False,,,1789986048588.0,False,,20,1,,,,,,,,session_20260921_050536,Left Fade,
,,,,,,False,,,False,1789986061525.0,,,unknown,[],,[],0,21,[],,,,,,,,,[],,,,,,,,,True,0.0,,,disarmed,False,,,1789986060236.0,False,,21,1,,,,,,,,session_20260921_050536,Standstill,
,,,,,,False,,,False,1789986085194.5,,,unknown,[],,[],0,22,[],,,,,,,,,[],,,,,,,,,True,0.0,,,disarmed,False,,,1789986083914.0,False,,22,1,,,,,,,,session_20260921_050536,Right Fade,
,,,134.25,,,False,5,C:\Users\aaron\Desktop\NexusVision\logs\orion_native.log.1:47970,False,1789986114343.2,,,unknown,[],,[],0,23,[],,,,,,851.0,C:\Users\aaron\Desktop\NexusVision\logs\orion_native.log.1:47969,18.906000000000006,[],delivery_legacy,,C:\Users\aaron\Desktop\NexusVision\logs\orion_native.log.1:48011,,,,,,True,0.0,716.75,detect_loop,released,False,,,1789986109961.0,False,8,23,1,,1789986110812.022,5,0.0,C:\Users\aaron\Desktop\NexusVision\logs\orion_native.log.1:47972,1,0.0,session_20260921_050536,Left Fade,C:\Users\aaron\Desktop\NexusVision\logs\orion_native.log.1:47971
,,,,,,False,,,False,1789986137645.1,,,unknown,[],,[],0,24,[],,,,,,,,,[],,,,,,,,,True,0.0,,,disarmed,False,,,1789986136519.0,False,,24,1,,,,,,,,session_20260921_050536,Left Fade,
,,,,,,False,,,False,1789986154764.4,,,unknown,[],,[],0,25,[],,,,,,,,,[],,,,,,,,,True,0.0,,,disarmed,False,,,1789986153411.0,False,,25,1,,,,,,,,session_20260921_050536,Right Fade,
,,,,,,False,,,False,1789986184377.5,,,unknown,[],,[],0,26,[],,,,,,,,,[],,,,,,,,,True,0.0,,,unanswered,False,,,1789986176152.0,False,,26,1,,,,,,,,session_20260921_050536,Go-To,
,,,134.76,,,False,6,C:\Users\aaron\Desktop\NexusVision\logs\orion_native.log.1:48203,False,1789986180159.6,50.0,WIDE OPEN,open,[],19.917,[],0,27,[],,,,,EXCELLENT,656.3,C:\Users\aaron\Desktop\NexusVision\logs\orion_native.log.1:48202,26.805000000000007,[],delivery_legacy,95.94,C:\Users\aaron\Desktop\NexusVision\logs\orion_native.log.1:48242,89.51,26.471400000000017,35.43675943786163,6.429999999999993,,True,0.0,521.54,detect_loop,released,True,26.304000000000016,6.4,1789986178720.0,False,8,27,1,,1789986179376.3167,6,0.1807,C:\Users\aaron\Desktop\NexusVision\logs\orion_native.log.1:48205,1,0.0,session_20260921_050536,Standstill,C:\Users\aaron\Desktop\NexusVision\logs\orion_native.log.1:48204
,,,,,,False,,,False,1789986404136.7,,,unknown,[],,[],0,28,[],,,,,,,,,[],,,,,,,,,True,0.0,,,disarmed,False,,,1789986402855.0,False,,28,1,,,,,,,,session_20260921_050536,Standstill,
,,,,,,False,,,False,1789986418048.8,,,unknown,[],,[],0,29,[],,,,,,,,,[],,,,,,,,,True,0.0,,,unanswered,False,,,1789986409787.0,False,,29,1,,,,,,,,session_20260921_050536,Go-To,
,,,84.45000000000005,,,False,7,C:\Users\aaron\Desktop\NexusVision\logs\orion_native.log.1:49130,False,1789986589186.2,13.0,SEMI-OPEN,unknown,[],27.167,[],0,30,[],,,,,LATE,654.2,C:\Users\aaron\Desktop\NexusVision\logs\orion_native.log.1:49129,4.109999999999957,[],delivery_legacy,100.0,C:\Users\aaron\Desktop\NexusVision\logs\orion_native.log.1:49170,94.06,24.413400000000024,32.69484808454424,5.939999999999998,,True,0.0,569.75,detect_loop,released,False,3.699000000000002,0.9,1789986587500.0,False,8,30,1,,1789986588154.1648,7,0.1815,C:\Users\aaron\Desktop\NexusVision\logs\orion_native.log.1:49132,1,0.09,session_20260921_050536,Standstill,C:\Users\aaron\Desktop\NexusVision\logs\orion_native.log.1:49131
,,,150.88,,,False,8,C:\Users\aaron\Desktop\NexusVision\logs\orion_native.log.1:49275,False,1789986625063.0,83.0,BOTHERED,unknown,[],21.833,[],0,31,[],,,,,LATE,763.0,C:\Users\aaron\Desktop\NexusVision\logs\orion_native.log.1:49274,7.398000000000025,[],delivery_legacy,95.58,C:\Users\aaron\Desktop\NexusVision\logs\orion_native.log.1:49311,93.46,8.713200000000029,11.812559202095084,2.1200000000000045,,True,0.0,612.12,detect_loop,released,True,10.686000000000005,2.6,1789986622821.0,False,8,31,1,,1789986623584.0356,8,0.1785,C:\Users\aaron\Desktop\NexusVision\logs\orion_native.log.1:49277,1,0.0,session_20260921_050536,Standstill,C:\Users\aaron\Desktop\NexusVision\logs\orion_native.log.1:49276
,,,,,,False,,,False,1789986628337.6,,,unknown,[],,[],0,32,[],,,,,,,,,[],,,,,,,,,True,0.0,,,disarmed,False,,,1789986627170.0,False,,32,1,,,,,,,,session_20260921_050536,Right Fade,
,,,,,,False,,,False,1789986629604.2,,,unknown,[],,[],0,33,[],,,,,,,,,[],,,,,,,,,True,0.0,,,disarmed,False,,,1789986628336.0,False,,33,1,,,,,,,,session_20260921_050536,Post Fade,
,,,,,,False,,,False,1789986630909.9,,,unknown,[],,[],0,34,[],,,,,,,,,[],,,,,,,,,True,0.0,,,disarmed,False,,,1789986629603.0,False,,34,1,,,,,,,,session_20260921_050536,Post Fade,
,,,150.98000000000002,,,False,9,C:\Users\aaron\Desktop\NexusVision\logs\orion_native.log.1:49410,False,1789986637711.0,82.0,SEMI-OPEN,unknown,[],25.333,[],0,35,[],,,,,LATE,645.1,C:\Users\aaron\Desktop\NexusVision\logs\orion_native.log.1:49409,11.507999999999981,[],delivery_legacy,95.06,C:\Users\aaron\Desktop\NexusVision\logs\orion_native.log.1:49450,92.48,10.603799999999978,14.325374791782332,2.5799999999999983,,True,0.0,494.12,detect_loop,released,True,11.508000000000006,2.8,1789986636038.0,False,8,35,1,,1789986636683.1187,9,0.1787,C:\Users\aaron\Desktop\NexusVision\logs\orion_native.log.1:49412,1,0.0,session_20260921_050536,Standstill,C:\Users\aaron\Desktop\NexusVision\logs\orion_native.log.1:49411
,,,,,,False,,,False,1789986656563.6,,,unknown,[],,[],0,36,[],,,,,,,,,[],,,,,,,,,True,0.0,,,disarmed,False,,,1789986655389.0,False,,36,1,,,,,,,,session_20260921_050536,Left Fade,
,,,,,,False,,,False,1790012469195.3,,,unknown,[],,[],0,1,[],,,,,,,,,[],,,,,,,,,True,0.0,475.47,detect_loop,unanswered,False,,,1790012461130.0,False,,1,1,,,,,,,,session_20260921_123839,Go-To,
,,,150.93999999999994,,,False,1,C:\Users\aaron\Desktop\NexusVision\logs\orion_native.log.1:50087,False,1790012528571.5,78.0,,unknown,[],,[],0,2,[],,,,,EXCELLENT,590.3,C:\Users\aaron\Desktop\NexusVision\logs\orion_native.log.1:50086,11.097000000000037,[],delivery_legacy,95.63,C:\Users\aaron\Desktop\NexusVision\logs\orion_native.log.1:50125,93.27,9.699599999999975,13.451125676831003,2.3599999999999994,,True,0.0,439.36,detect_loop,released,True,11.508000000000006,2.8,1790012527279.0,False,9,2,1,,1790012527869.2893,1,0.1752,C:\Users\aaron\Desktop\NexusVision\logs\orion_native.log.1:50089,1,0.0,session_20260921_123839,Standstill,C:\Users\aaron\Desktop\NexusVision\logs\orion_native.log.1:50088
,,,,,,False,,,False,1790012549446.0,,,unknown,[],,[],0,3,[],,,,,,,,,[],,,,,,,,,True,0.0,,,unanswered,False,,,1790012541219.0,False,,3,1,,,,,,,,session_20260921_123839,Go-To,
,,,,,,False,,,False,1790012573831.7,,,unknown,[],,[],0,4,[],,,,,,,,,[],,,,,,,,,True,0.0,,,disarmed,False,,,1790012572712.0,False,,4,1,,,,,,,,session_20260921_123839,Post Fade,
,,,,,,False,,,False,1790012596345.4,,,unknown,[],,[],0,5,[],,,,,,,,,[],,,,,,,,,True,0.0,,,disarmed,False,,,1790012594945.0,False,,5,1,,,,,,,,session_20260921_123839,Post Fade,
,,,,,,False,,,False,1790012607043.8,,,unknown,[],,[],0,6,[],,,,,,,,,[],,,,,,,,,True,0.0,,,disarmed,False,,,1790012605716.0,False,,6,1,,,,,,,,session_20260921_123839,Post Fade,
,,,,,,False,,,False,1790012607043.8,,,unknown,[],,[],0,7,[],,,,,,,,,[],,,,,,,,,True,0.0,,,disarmed,False,,,1790012605874.0,False,,7,1,,,,,,,,session_20260921_123839,Post Fade,
,,,,,,False,,,False,1790012607664.3,,,unknown,[],,[],0,8,[],,,,,,,,,[],,,,,,,,,True,0.0,,,disarmed,False,,,1790012606019.0,False,,8,1,,,,,,,,session_20260921_123839,Post Fade,
,,,,,,False,,,False,1790012727764.3,,,unknown,[],,[],0,9,[],,,,,,,,,[],,,,,,,,,True,0.0,,,disarmed,False,,,1790012726558.0,False,,9,1,,,,,,,,session_20260921_123839,Post Fade,
,,,151.09000000000003,,,False,2,C:\Users\aaron\Desktop\NexusVision\logs\orion_native.log.1:50708,False,1790012734043.1,,WIDE OPEN,open,[],32.667,[],0,10,[],,,,,LATE,691.2,C:\Users\aaron\Desktop\NexusVision\logs\orion_native.log.1:50707,3.6990000000000123,[],delivery_legacy,95.94,C:\Users\aaron\Desktop\NexusVision\logs\orion_native.log.1:50747,95.01,3.8222999999999843,5.254831054356383,0.9299999999999926,,True,0.0,540.11,detect_loop,released,False,,,1790012732367.0,False,9,10,1,,1790012733058.2441,2,0.176,C:\Users\aaron\Desktop\NexusVision\logs\orion_native.log.1:50710,1,0.0,session_20260921_123839,Standstill,C:\Users\aaron\Desktop\NexusVision\logs\orion_native.log.1:50709
,,,,,,False,,,False,1790012761941.2,,,unknown,[],,[],0,11,[],,,,,,,,,[],,,,,,,,,True,0.0,,,disarmed,False,,,1790012760735.0,False,,11,1,,,,,,,,session_20260921_123839,Standstill,
,,,,,,False,,,False,1790012775023.6,,,unknown,[],,[],0,12,[],,,,,,,,,[],,,,,,,,,True,0.0,,,disarmed,False,,,1790012773762.0,False,,12,1,,,,,,,,session_20260921_123839,Left Fade,
,,,,,,False,,,False,1790012807930.3,,,unknown,[],,[],0,13,[],,,,,,,,,[],,,,,,,,,True,0.0,,,unanswered,False,,,1790012799806.0,False,,13,1,,,,,,,,session_20260921_123839,Go-To,
,,,,,,False,,,False,1790012809744.9,,,unknown,[],,[],0,14,[],,,,,,,,,[],,,,,,,,,True,0.0,,,unanswered,False,,,1790012801705.0,False,,14,1,,,,,,,,session_20260921_123839,Go-To,
,,,150.89999999999998,,,False,3,C:\Users\aaron\Desktop\NexusVision\logs\orion_native.log.1:50968,False,1790012805119.7,73.0,WIDE OPEN,open,[],,[],0,15,[],,,,,EXCELLENT,652.3,C:\Users\aaron\Desktop\NexusVision\logs\orion_native.log.1:50967,11.096999999999923,[],delivery_legacy,95.55,C:\Users\aaron\Desktop\NexusVision\logs\orion_native.log.1:51007,92.56,12.288899999999956,16.773252552451446,2.989999999999995,,True,0.0,501.4,detect_loop,released,True,11.508000000000006,2.8,1790012803702.0,False,9,15,1,,1790012804354.325,3,0.1773,C:\Users\aaron\Desktop\NexusVision\logs\orion_native.log.1:50970,1,0.0,session_20260921_123839,Standstill,C:\Users\aaron\Desktop\NexusVision\logs\orion_native.log.1:50969
,,,,,,False,,,False,1790012823413.6,,,unknown,[],,[],0,16,[],,,,,,,,,[],,,,,,,,,True,0.0,456.93,detect_loop,unanswered,False,,,1790012815229.0,False,,16,1,,,,,,,,session_20260921_123839,Go-To,
,,,151.01000000000005,,,False,4,C:\Users\aaron\Desktop\NexusVision\logs\orion_native.log.1:51075,False,1790012818850.6,82.0,WIDE OPEN,open,[],24.0,[],0,17,[],,,,,LATE,645.1,C:\Users\aaron\Desktop\NexusVision\logs\orion_native.log.1:51074,15.20700000000005,[],delivery_legacy,95.22,C:\Users\aaron\Desktop\NexusVision\logs\orion_native.log.1:51115,90.66,18.741600000000005,25.40814620827995,4.560000000000002,,True,0.0,494.09,detect_loop,released,True,11.508000000000006,2.8,1790012817192.0,False,9,17,1,,1790012817837.0718,4,0.1784,C:\Users\aaron\Desktop\NexusVision\logs\orion_native.log.1:51077,1,0.0,session_20260921_123839,Standstill,C:\Users\aaron\Desktop\NexusVision\logs\orion_native.log.1:51076
,,,,,,False,,,False,1790012822673.0,,,unknown,[],,[],0,18,[],,,,,,,,,[],,,,,,,,,True,0.0,,,disarmed,False,,,1790012821517.0,False,,18,1,,,,,,,,session_20260921_123839,Right Fade,
,,,,,,False,,,False,1790012835766.3,,,unknown,[],,[],0,19,[],,,,,,,,,[],,,,,,,,,True,0.0,,,unanswered,False,,,1790012827539.0,False,,19,1,,,,,,,,session_20260921_123839,Go-To,
,,,,,,False,,,False,1790012860737.6,,,unknown,[],,[],0,20,[],,,,,,,,,[],,,,,,,,,True,0.0,,,unanswered,False,,,1790012852639.0,False,,20,1,,,,,,,,session_20260921_123839,Go-To,
,,,,,,False,,,False,1790012862076.0,,,unknown,[],,[],0,21,[],,,,,,,,,[],,,,,,,,,True,0.0,,,unanswered,False,,,1790012853855.0,False,,21,1,,,,,,,,session_20260921_123839,Go-To,
,,,150.93999999999994,,,False,5,C:\Users\aaron\Desktop\NexusVision\logs\orion_native.log.1:51267,False,1790012860170.3,,WIDE OPEN,open,[],24.417,[],0,22,[],,,,,EXCELLENT,993.8,C:\Users\aaron\Desktop\NexusVision\logs\orion_native.log.1:51266,4.110000000000014,[],delivery_legacy,,C:\Users\aaron\Desktop\NexusVision\logs\orion_native.log.1:51312,,,,,,True,0.0,842.86,detect_loop,released,False,,,1790012855624.0,False,9,22,1,,1790012856617.7837,5,0.0,C:\Users\aaron\Desktop\NexusVision\logs\orion_native.log.1:51269,1,0.0,session_20260921_123839,Standstill,C:\Users\aaron\Desktop\NexusVision\logs\orion_native.log.1:51268
,,,,,,False,,,False,1790012858864.8,,,unknown,[],,[],0,23,[],,,,,,,,,[],,,,,,,,,True,0.0,2.96,detect_loop,disarmed,False,,,1790012856597.0,False,,23,1,,,,,,,,session_20260921_123839,Standstill,
,,,,,,False,,,False,1790012972882.3,,,unknown,[],,[],0,24,[],,,,,,,,,[],,,,,,,,,True,0.0,,,disarmed,False,,,1790012971626.0,False,,24,1,,,,,,,,session_20260921_123839,Right Fade,
,,,,,,False,,,False,1790012999592.2,,,unknown,[],,[],0,25,[],,,,,,,,,[],,,,,,,,,True,0.0,,,disarmed,False,,,1790012998382.0,False,,25,1,,,,,,,,session_20260921_123839,Right Fade,
,,,134.26999999999998,,,False,6,C:\Users\aaron\Desktop\NexusVision\logs\orion_native.log.1:51685,False,1790013011310.2,61.0,WIDE OPEN,open,[],,[],0,26,[],,,,,EXCELLENT,669.4,C:\Users\aaron\Desktop\NexusVision\logs\orion_native.log.1:51684,15.206999999999937,[],delivery_legacy,95.08,C:\Users\aaron\Desktop\NexusVision\logs\orion_native.log.1:51724,92.16,12.00120000000004,16.029863855950822,2.9200000000000017,,True,0.0,535.13,detect_loop,released,True,13.974000000000007,3.4,1790013009844.0,False,9,26,1,,1790013010513.45,6,0.1812,C:\Users\aaron\Desktop\NexusVision\logs\orion_native.log.1:51687,1,0.0,session_20260921_123839,Standstill,C:\Users\aaron\Desktop\NexusVision\logs\orion_native.log.1:51686
,,,,,,False,,,False,1790013051886.7,,,unknown,[],,[],0,27,[],,,,,,,,,[],,,,,,,,,True,0.0,,,disarmed,False,,,1790013050654.0,False,,27,1,,,,,,,,session_20260921_123839,No Dip,
,,,,,,False,,,False,1790013053229.7,,,unknown,[],,[],0,28,[],,,,,,,,,[],,,,,,,,,True,0.0,,,disarmed,False,,,1790013051885.0,False,,28,1,,,,,,,,session_20260921_123839,Post Fade,
,,,150.87,,,False,7,C:\Users\aaron\Desktop\NexusVision\logs\orion_native.log.1:51996,False,1790013112071.8,64.0,SEMI-OPEN,unknown,[],24.5,[],0,29,[],,,,,EXCELLENT,683.9,C:\Users\aaron\Desktop\NexusVision\logs\orion_native.log.1:51995,11.507999999999981,[],delivery_legacy,94.98,C:\Users\aaron\Desktop\NexusVision\logs\orion_native.log.1:52036,93.14,7.562400000000025,10.265565721937087,1.8400000000000034,,True,0.0,533.03,detect_loop,released,True,13.152000000000008,3.2,1790013110541.0,False,9,29,1,,1790013111224.9297,7,0.1779,C:\Users\aaron\Desktop\NexusVision\logs\orion_native.log.1:51998,1,0.0,session_20260921_123839,Standstill,C:\Users\aaron\Desktop\NexusVision\logs\orion_native.log.1:51997
,,,,,,False,,,False,1790013170989.5,,,unknown,[],,[],0,30,[],,,,,,,,,[],,,,,,,,,True,0.0,,,unanswered,False,,,1790013169079.0,False,,30,1,,,,,,,,session_20260921_123839,Go-To,
,,,,,,False,,,False,1790013171259.8,,,unknown,[],,[],0,31,[],,,,,,,,,[],,,,,,,,,True,0.0,,,unanswered,False,,,1790013169457.0,False,,31,1,,,,,,,,session_20260921_123839,Go-To,
,,,,,,False,,,False,1790013171517.9,,,unknown,[],,[],0,32,[],,,,,,,,,[],,,,,,,,,True,0.0,,,unanswered,False,,,1790013169714.0,False,,32,1,,,,,,,,session_20260921_123839,Go-To,
,,,,,,False,,,False,1790013171625.8,,,unknown,[],,[],0,33,[],,,,,,,,,[],,,,,,,,,True,0.0,,,unanswered,False,,,1790013169732.0,False,,33,1,,,,,,,,session_20260921_123839,Go-To,
,,,,,,False,,,False,1790013171788.3,,,unknown,[],,[],0,34,[],,,,,,,,,[],,,,,,,,,True,0.0,,,unanswered,False,,,1790013169952.0,False,,34,1,,,,,,,,session_20260921_123839,Go-To,
,,,,,,False,,,False,1790013171902.7,,,unknown,[],,[],0,35,[],,,,,,,,,[],,,,,,,,,True,0.0,,,unanswered,False,,,1790013170210.0,False,,35,1,,,,,,,,session_20260921_123839,Go-To,
,,,,,,False,,,False,1790013172034.2,,,unknown,[],,[],0,36,[],,,,,,,,,[],,,,,,,,,True,0.0,,,unanswered,False,,,1790013170476.0,False,,36,1,,,,,,,,session_20260921_123839,Go-To,
,,,,,,False,,,False,1790013172158.3,,,unknown,[],,[],0,37,[],,,,,,,,,[],,,,,,,,,True,0.0,,,unanswered,False,,,1790013170722.0,False,,37,1,,,,,,,,session_20260921_123839,Go-To,
,,,,,,False,,,False,1790013172291.3,,,unknown,[],,[],0,38,[],,,,,,,,,[],,,,,,,,,True,0.0,,,unanswered,False,,,1790013170989.0,False,,38,1,,,,,,,,session_20260921_123839,Go-To,
,,,,,,False,,,False,1790013172586.9,,,unknown,[],,[],0,39,[],,,,,,,,,[],,,,,,,,,True,0.0,,,unanswered,False,,,1790013171259.0,False,,39,1,,,,,,,,session_20260921_123839,Go-To,
,,,,,,False,,,False,1790013172828.6,,,unknown,[],,[],0,40,[],,,,,,,,,[],,,,,,,,,True,0.0,,,unanswered,False,,,1790013171516.0,False,,40,1,,,,,,,,session_20260921_123839,Go-To,
,,,,,,False,,,False,1790013173094.6,,,unknown,[],,[],0,41,[],,,,,,,,,[],,,,,,,,,True,0.0,,,unanswered,False,,,1790013171625.0,False,,41,1,,,,,,,,session_20260921_123839,Go-To,
,,,,,,False,,,False,1790013173261.7,,,unknown,[],,[],0,42,[],,,,,,,,,[],,,,,,,,,True,0.0,,,unanswered,False,,,1790013171787.0,False,,42,1,,,,,,,,session_20260921_123839,Go-To,
,,,,,,False,,,False,1790013173404.7,,,unknown,[],,[],0,43,[],,,,,,,,,[],,,,,,,,,True,0.0,,,unanswered,False,,,1790013171902.0,False,,43,1,,,,,,,,session_20260921_123839,Go-To,
,,,,,,False,,,False,1790013173611.2,,,unknown,[],,[],0,44,[],,,,,,,,,[],,,,,,,,,True,0.0,,,unanswered,False,,,1790013172033.0,False,,44,1,,,,,,,,session_20260921_123839,Go-To,
,,,,,,False,,,False,1790013173756.7,,,unknown,[],,[],0,45,[],,,,,,,,,[],,,,,,,,,True,0.0,,,unanswered,False,,,1790013172157.0,False,,45,1,,,,,,,,session_20260921_123839,Go-To,
,,,,,,False,,,False,1790013180328.1,,,unknown,[],,[],0,46,[],,,,,,,,,[],,,,,,,,,True,0.0,,,unanswered,False,,,1790013172291.0,False,,46,1,,,,,,,,session_20260921_123839,Go-To,
,,,,,,False,,,False,1790013180656.5,,,unknown,[],,[],0,47,[],,,,,,,,,[],,,,,,,,,True,0.0,,,unanswered,False,,,1790013172586.0,False,,47,1,,,,,,,,session_20260921_123839,Go-To,
,,,,,,False,,,False,1790013180983.8,,,unknown,[],,[],0,48,[],,,,,,,,,[],,,,,,,,,True,0.0,,,unanswered,False,,,1790013172827.0,False,,48,1,,,,,,,,session_20260921_123839,Go-To,
,,,,,,False,,,False,1790013181310.1,,,unknown,[],,[],0,49,[],,,,,,,,,[],,,,,,,,,True,0.0,,,unanswered,False,,,1790013173094.0,False,,49,1,,,,,,,,session_20260921_123839,Go-To,
,,,,,,False,,,False,1790013181310.1,,,unknown,[],,[],0,50,[],,,,,,,,,[],,,,,,,,,True,0.0,,,unanswered,False,,,1790013173260.0,False,,50,1,,,,,,,,session_20260921_123839,Go-To,
,,,,,,False,,,False,1790013181668.9,,,unknown,[],,[],0,51,[],,,,,,,,,[],,,,,,,,,True,0.0,,,unanswered,False,,,1790013173403.0,False,,51,1,,,,,,,,session_20260921_123839,Go-To,
,,,,,,False,,,False,1790013181668.9,,,unknown,[],,[],0,52,[],,,,,,,,,[],,,,,,,,,True,0.0,,,unanswered,False,,,1790013173611.0,False,,52,1,,,,,,,,session_20260921_123839,Go-To,
,,,,,,False,,,False,1790013182023.1,,,unknown,[],,[],0,53,[],,,,,,,,,[],,,,,,,,,True,0.0,,,unanswered,False,,,1790013173756.0,False,,53,1,,,,,,,,session_20260921_123839,Go-To,
,,,,,,False,,,False,1790013276829.3,,,unknown,[],,[],0,54,[],,,,,,,,,[],,,,,,,,,True,0.0,,,disarmed,False,,,1790013275701.0,False,,54,1,,,,,,,,session_20260921_123839,Right Fade,
,,,,,,False,,,False,1790013280021.7,,,unknown,[],,[],0,55,[],,,,,,,,,[],,,,,,,,,True,0.0,,,disarmed,False,,,1790013278702.0,False,,55,1,,,,,,,,session_20260921_123839,Left Fade,
,,,,,,False,,,False,1790013280804.2,,,unknown,[],,[],0,56,[],,,,,,,,,[],,,,,,,,,True,0.0,,,disarmed,False,,,1790013279655.0,False,,56,1,,,,,,,,session_20260921_123839,Right Fade,
,,,,,,False,,,False,1790013282153.1,,,unknown,[],,[],0,57,[],,,,,,,,,[],,,,,,,,,True,0.0,,,disarmed,False,,,1790013280803.0,False,,57,1,,,,,,,,session_20260921_123839,Standstill,
,,,,,,False,,,False,1790013318358.2,,,unknown,[],,[],0,58,[],,,,,,,,,[],,,,,,,,,True,0.0,,,unanswered,False,,,1790013310174.0,False,,58,1,,,,,,,,session_20260921_123839,Go-To,
,,,150.92999999999995,,,False,8,C:\Users\aaron\Desktop\NexusVision\logs\orion_native.log.1:52716,False,1790013315446.3,,WIDE OPEN,open,[],27.75,[],0,59,[],,,,,EXCELLENT,735.9,C:\Users\aaron\Desktop\NexusVision\logs\orion_native.log.1:52715,4.110000000000014,[],delivery_legacy,,C:\Users\aaron\Desktop\NexusVision\logs\orion_native.log.1:52762,,,,,,True,0.0,584.97,detect_loop,released,False,,,1790013313845.0,False,9,59,1,,1790013314580.925,8,0.1753,C:\Users\aaron\Desktop\NexusVision\logs\orion_native.log.1:52718,1,0.0,session_20260921_123839,Standstill,C:\Users\aaron\Desktop\NexusVision\logs\orion_native.log.1:52717
,,,,,,False,,,False,1790013333483.4,,,unknown,[],,[],0,60,[],,,,,,,,,[],,,,,,,,,True,0.0,,,disarmed,False,,,1790013332317.0,False,,60,1,,,,,,,,session_20260921_123839,Right Fade,
,,,,,,False,,,False,1790013335359.5,,,unknown,[],,[],0,61,[],,,,,,,,,[],,,,,,,,,True,0.0,,,disarmed,False,,,1790013334106.0,False,,61,1,,,,,,,,session_20260921_123839,Right Fade,
,,,,,,False,,,False,1790013336211.6,,,unknown,[],,[],0,62,[],,,,,,,,,[],,,,,,,,,True,0.0,,,disarmed,False,,,1790013335097.0,False,,62,1,,,,,,,,session_20260921_123839,Left Fade,
,,,,,,False,,,False,1790013337314.2,,,unknown,[],,[],0,63,[],,,,,,,,,[],,,,,,,,,True,0.0,,,disarmed,False,,,1790013336066.0,False,,63,1,,,,,,,,session_20260921_123839,Post Fade,
,,,,,,False,,,False,1790013384273.0,,,unknown,[],,[],0,64,[],,,,,,,,,[],,,,,,,,,True,0.0,,,unanswered,False,,,1790013376157.0,False,,64,1,,,,,,,,session_20260921_123839,Go-To,
,,,,,,False,,,False,1790013379543.8,,,unknown,[],,[],0,65,[],,,,,,,,,[],,,,,,,,,True,0.0,,,disarmed,False,,,1790013378403.0,False,,65,1,,,,,,,,session_20260921_123839,Left Fade,
,,,117.63999999999999,,,False,9,C:\Users\aaron\Desktop\NexusVision\logs\orion_native.log.1:53046,False,1790013380759.5,49.0,BOTHERED,unknown,[],,[],0,66,[],,,,,LATE,887.3,C:\Users\aaron\Desktop\NexusVision\logs\orion_native.log.1:53045,18.906000000000063,[],delivery_legacy,95.77,C:\Users\aaron\Desktop\NexusVision\logs\orion_native.log.1:53086,80.62,63.11069999999995,66.05912618819217,15.149999999999991,,True,0.0,769.66,detect_loop,released,True,20.55000000000001,5.0,1790013379157.0,False,9,66,1,,1790013380044.3047,9,0.2286,C:\Users\aaron\Desktop\NexusVision\logs\orion_native.log.1:53048,1,0.0,session_20260921_123839,Standstill,C:\Users\aaron\Desktop\NexusVision\logs\orion_native.log.1:53047
,,,,,,False,,,False,1790013382596.4,,,unknown,[],,[],0,67,[],,,,,,,,,[],,,,,,,,,True,0.0,,,disarmed,False,,,1790013381488.0,False,,67,1,,,,,,,,session_20260921_123839,Right Fade,
,,,,,,False,,,False,1790013383945.1,,,unknown,[],,[],0,68,[],,,,,,,,,[],,,,,,,,,True,0.0,,,disarmed,False,,,1790013382595.0,False,,68,1,,,,,,,,session_20260921_123839,Left Fade,
,,,,,,False,,,False,1790013391691.7,,,unknown,[],,[],0,69,[],,,,,,,,,[],,,,,,,,,True,0.0,,,disarmed,False,,,1790013390405.0,False,,69,1,,,,,,,,session_20260921_123839,Left Fade,
,,,,,,False,,,False,1790013391691.7,,,unknown,[],,[],0,70,[],,,,,,,,,[],,,,,,,,,True,0.0,,,disarmed,False,,,1790013390547.0,False,,70,1,,,,,,,,session_20260921_123839,Right Fade,
,,,,,,False,,,False,1790013532755.5,,,unknown,[],,[],0,71,[],,,,,,,,,[],,,,,,,,,True,0.0,,,unanswered,False,,,1790013524502.0,False,,71,1,,,,,,,,session_20260921_123839,Go-To,
,,,,,,False,,,False,1790013534913.6,,,unknown,[],,[],0,72,[],,,,,,,,,[],,,,,,,,,True,0.0,,,unanswered,False,,,1790013526707.0,False,,72,1,,,,,,,,session_20260921_123839,Go-To,
,,,134.31000000000006,,,False,10,C:\Users\aaron\Desktop\NexusVision\logs\orion_native.log.1:53539,False,1790013529316.7,63.0,LIGHT CONTEST,contested,[],23.75,[],0,73,[],,,,,LATE,634.2,C:\Users\aaron\Desktop\NexusVision\logs\orion_native.log.1:53538,15.20700000000005,[],delivery_legacy,95.77,C:\Users\aaron\Desktop\NexusVision\logs\orion_native.log.1:53576,94.5,5.219699999999989,7.184477004016496,1.269999999999996,,True,0.0,499.89,detect_loop,released,True,12.330000000000007,3.0,1790013527469.0,False,9,73,1,,1790013528103.1943,10,0.1758,C:\Users\aaron\Desktop\NexusVision\logs\orion_native.log.1:53541,1,0.0,session_20260921_123839,Standstill,C:\Users\aaron\Desktop\NexusVision\logs\orion_native.log.1:53540
,,,,,,False,,,False,1790013560003.4,,,unknown,[],,[],0,74,[],,,,,,,,,[],,,,,,,,,True,0.0,,,unanswered,False,,,1790013551979.0,False,,74,1,,,,,,,,session_20260921_123839,Go-To,
,,,,,,False,,,False,1790013562411.6,,,unknown,[],,[],0,75,[],,,,,,,,,[],,,,,,,,,True,0.0,,,unanswered,False,,,1790013554230.0,False,,75,1,,,,,,,,session_20260921_123839,Go-To,
,,,148.33999999999992,,,False,11,C:\Users\aaron\Desktop\NexusVision\logs\orion_native.log.1:53712,False,1790013558635.0,77.0,WIDE OPEN,open,[],23.75,[],0,76,[],,,,,EXCELLENT,705.3,C:\Users\aaron\Desktop\NexusVision\logs\orion_native.log.1:53711,11.097000000000037,[],delivery_legacy,93.96,C:\Users\aaron\Desktop\NexusVision\logs\orion_native.log.1:53751,91.28,11.01479999999998,15.024105841462005,2.6799999999999926,,True,0.0,556.96,detect_loop,released,True,11.508000000000006,2.8,1790013557161.0,False,9,76,1,,1790013557866.3418,11,0.1797,C:\Users\aaron\Desktop\NexusVision\logs\orion_native.log.1:53714,1,0.0,session_20260921_123839,Standstill,C:\Users\aaron\Desktop\NexusVision\logs\orion_native.log.1:53713
,,,,,,False,,,False,1790013576883.4,,,unknown,[],,[],0,77,[],,,,,,,,,[],,,,,,,,,True,0.0,,,unanswered,False,,,1790013568858.0,False,,77,1,,,,,,,,session_20260921_123839,Go-To,
,,,,,,False,,,False,1790013648067.1,,,unknown,[],,[],0,78,[],,,,,,,,,[],,,,,,,,,True,0.0,,,disarmed,False,,,1790013646671.0,False,,78,1,,,,,,,,session_20260921_123839,Standstill,
,,,,,,False,,,False,1790013670016.6,,,unknown,[],,[],0,79,[],,,,,,,,,[],,,,,,,,,True,0.0,,,unanswered,False,,,1790013661818.0,False,,79,1,,,,,,,,session_20260921_123839,Go-To,
,,,150.96000000000004,,,False,12,C:\Users\aaron\Desktop\NexusVision\logs\orion_native.log.1:54188,False,1790013733902.8,83.0,SEMI-OPEN,unknown,[],19.167,[],0,80,[],,,,,EARLY,634.1,C:\Users\aaron\Desktop\NexusVision\logs\orion_native.log.1:54187,26.375999999999976,[],delivery_legacy,95.56,C:\Users\aaron\Desktop\NexusVision\logs\orion_native.log.1:54232,90.85,19.358100000000036,26.131824234354237,4.710000000000008,,True,0.0,483.14,detect_loop,released,True,25.071000000000012,6.1,1790013732407.0,False,9,80,1,,1790013733041.095,12,0.179,C:\Users\aaron\Desktop\NexusVision\logs\orion_native.log.1:54190,1,0.0,session_20260921_123839,Standstill,C:\Users\aaron\Desktop\NexusVision\logs\orion_native.log.1:54189
,,,,,,False,,,False,1790013738711.7,,,unknown,[],,[],0,81,[],,,,,,,,,[],,,,,,,,,True,0.0,,,disarmed,False,,,1790013737493.0,False,,81,1,,,,,,,,session_20260921_123839,Post Fade,
,,,,,,False,,,False,1790013753050.2,,,unknown,[],,[],0,82,[],,,,,,,,,[],,,,,,,,,True,0.0,,,disarmed,False,,,1790013751913.0,False,,82,1,,,,,,,,session_20260921_123839,Right Fade,
,,,,,,False,,,False,1790013764641.6,,,unknown,[],,[],0,83,[],,,,,,,,,[],,,,,,,,,True,0.0,,,disarmed,False,,,1790013763469.0,False,,83,1,,,,,,,,session_20260921_123839,Standstill,
,,,,,,False,,,False,1790013786813.2,,,unknown,[],,[],0,84,[],,,,,,,,,[],,,,,,,,,True,0.0,,,unanswered,False,,,1790013778570.0,False,,84,1,,,,,,,,session_20260921_123839,Go-To,
,,,,,,False,,,False,1790013785000.8,,,unknown,[],,[],0,85,[],,,,,,,,,[],,,,,,,,,True,0.0,,,disarmed,False,,,1790013783713.0,False,,85,1,,,,,,,,session_20260921_123839,Post Fade,
,,,,,,False,,,False,1790013830968.2,,,unknown,[],,[],0,86,[],,,,,,,,,[],,,,,,,,,True,0.0,,,disarmed,False,,,1790013829855.0,False,,86,1,,,,,,,,session_20260921_123839,Left Fade,
,,,,,,False,,,False,1790016768865.4,,,unknown,[],,[],0,87,[],,,,,,,,,[],,,,,,,,,True,0.0,,,unanswered,False,,,1790016760677.0,False,,1,1,,,,,,,,session_20260921_135209,Go-To,
,,,150.93000000000006,,,False,13,C:\Users\aaron\Desktop\NexusVision\logs\orion_native.log.1:60237,False,1790016790689.8,81.0,,unknown,[],28.333,[],0,88,[],,,,,EXCELLENT,790.6,C:\Users\aaron\Desktop\NexusVision\logs\orion_native.log.1:60236,11.507999999999981,[],delivery_legacy,95.9,C:\Users\aaron\Desktop\NexusVision\logs\orion_native.log.1:60275,94.04,7.6445999999999685,9.94067660734327,1.8599999999999994,,True,0.0,639.67,detect_loop,released,True,9.453000000000005,2.3,1790016788670.0,False,9,2,1,,1790016789460.5615,13,0.1856,C:\Users\aaron\Desktop\NexusVision\logs\orion_native.log.1:60239,1,0.0,session_20260921_135209,Standstill,C:\Users\aaron\Desktop\NexusVision\logs\orion_native.log.1:60238
,,,134.95000000000005,,,False,14,C:\Users\aaron\Desktop\NexusVision\logs\orion_native.log.1:60315,False,1790016795196.5,46.0,,unknown,[],23.083,[],0,89,[],,,,,EXCELLENT,945.2,C:\Users\aaron\Desktop\NexusVision\logs\orion_native.log.1:60314,3.6990000000000123,[],delivery_legacy,100.0,C:\Users\aaron\Desktop\NexusVision\logs\orion_native.log.1:60353,85.52,59.916000000000054,79.5473273636214,14.480000000000004,,True,0.0,810.25,detect_loop,released,True,3.699000000000002,0.9,1790016792999.0,False,9,3,1,,1790016793944.1616,14,0.1814,C:\Users\aaron\Desktop\NexusVision\logs\orion_native.log.1:60317,1,0.0,session_20260921_135209,Right Fade,C:\Users\aaron\Desktop\NexusVision\logs\orion_native.log.1:60316
,,,134.14,,,False,15,C:\Users\aaron\Desktop\NexusVision\logs\orion_native.log.1:60395,False,1790016799590.9,67.0,,unknown,[],27.0,[],0,90,[],,,,,EXCELLENT,909.4,C:\Users\aaron\Desktop\NexusVision\logs\orion_native.log.1:60394,4.110000000000014,[],delivery_legacy,96.68,C:\Users\aaron\Desktop\NexusVision\logs\orion_native.log.1:60433,95.76,3.7812000000000126,5.027871898568159,0.9200000000000017,,True,0.0,775.26,detect_loop,released,True,3.699000000000002,0.9,1790016797317.0,False,9,4,1,,1790016798226.363,15,0.1818,C:\Users\aaron\Desktop\NexusVision\logs\orion_native.log.1:60397,1,0.0,session_20260921_135209,Left Fade,C:\Users\aaron\Desktop\NexusVision\logs\orion_native.log.1:60396
,,,134.31999999999994,,,False,16,C:\Users\aaron\Desktop\NexusVision\logs\orion_native.log.1:60482,False,1790016803989.4,64.0,,unknown,[],23.917,[],0,91,[],,,,,EARLY,913.8,C:\Users\aaron\Desktop\NexusVision\logs\orion_native.log.1:60481,7.397999999999968,[],delivery_legacy,96.27,C:\Users\aaron\Desktop\NexusVision\logs\orion_native.log.1:60520,94.76,6.206099999999992,8.40523239632614,1.509999999999991,,True,0.0,779.48,detect_loop,released,True,6.576000000000004,1.6,1790016801646.0,False,9,5,1,,1790016802559.8188,16,0.1794,C:\Users\aaron\Desktop\NexusVision\logs\orion_native.log.1:60484,1,0.0,session_20260921_135209,Left Fade,C:\Users\aaron\Desktop\NexusVision\logs\orion_native.log.1:60483
,,,151.03000000000003,,,False,17,C:\Users\aaron\Desktop\NexusVision\logs\orion_native.log.1:60559,False,1790016807539.3,85.0,,unknown,[],24.917,[],0,92,[],,,,,EXCELLENT,657.1,C:\Users\aaron\Desktop\NexusVision\logs\orion_native.log.1:60558,7.808999999999969,[],delivery_legacy,96.15,C:\Users\aaron\Desktop\NexusVision\logs\orion_native.log.1:60597,93.95,9.04200000000003,12.311824948234388,2.200000000000003,,True,0.0,506.07,detect_loop,released,True,8.220000000000004,2.0,1790016805586.0,False,9,6,1,,1790016806243.069,17,0.1775,C:\Users\aaron\Desktop\NexusVision\logs\orion_native.log.1:60561,1,0.0,session_20260921_135209,Standstill,C:\Users\aaron\Desktop\NexusVision\logs\orion_native.log.1:60560
,,,134.25,,,False,18,C:\Users\aaron\Desktop\NexusVision\logs\orion_native.log.1:60641,False,1790016812239.5,33.0,,unknown,[],24.417,[],0,93,[],,,,,EXCELLENT,815.5,C:\Users\aaron\Desktop\NexusVision\logs\orion_native.log.1:60640,3.699000000000069,[],delivery_legacy,96.6,C:\Users\aaron\Desktop\NexusVision\logs\orion_native.log.1:60677,95.66,3.863399999999956,5.166538419259084,0.9399999999999977,,True,0.0,681.25,detect_loop,released,True,3.699000000000002,0.9,1790016810077.0,False,9,7,1,,1790016810892.4897,18,0.1804,C:\Users\aaron\Desktop\NexusVision\logs\orion_native.log.1:60643,1,0.0,session_20260921_135209,Right Fade,C:\Users\aaron\Desktop\NexusVision\logs\orion_native.log.1:60642
,,,,,,False,,,False,1790016838729.4,,,unknown,[],,[],0,94,[],,,,,,,,,[],,,,,,,,,True,0.0,,,disarmed,False,,,1790016836529.0,False,,1,1,,,,,,,,session_20260921_135347,Standstill,
,,,,,,False,,,False,1790016839536.7,,,unknown,[],,[],0,95,[],,,,,,,,,[],,,,,,,,,True,0.0,,,disarmed,False,,,1790016837751.0,False,,2,1,,,,,,,,session_20260921_135347,Standstill,
,,,,,,False,,,False,1790016839851.2,,,unknown,[],,[],0,96,[],,,,,,,,,[],,,,,,,,,True,0.0,,,disarmed,False,,,1790016838450.0,False,,3,1,,,,,,,,session_20260921_135347,Standstill,
,,,,,,False,,,False,1790016846915.6,,,unknown,[],,[],0,97,[],,,,,,,,,[],,,,,,,,,True,0.0,525.2,detect_loop,unanswered,False,,,1790016838801.0,False,,4,1,,,,,,,,session_20260921_135347,Go-To,
,,,,,,False,,,False,1790016847729.2,,,unknown,[],,[],0,98,[],,,,,,,,,[],,,,,,,,,True,0.0,1595.57,detect_loop,unanswered,False,,,1790016839535.0,False,,5,1,,,,,,,,session_20260921_135347,Go-To,
,,,134.35000000000002,,,False,19,C:\Users\aaron\Desktop\NexusVision\logs\orion_native.log.1:60895,False,1790016847729.2,63.0,,unknown,[],,[],0,99,[],,,,,,623.2,C:\Users\aaron\Desktop\NexusVision\logs\orion_native.log.1:60894,11.097000000000037,[],delivery_legacy,96.14,C:\Users\aaron\Desktop\NexusVision\logs\orion_native.log.1:60932,94.31,7.5212999999999965,10.180806675938795,1.8299999999999983,,True,0.0,488.85,detect_loop,released,True,13.152000000000008,3.2,1790016843361.0,False,9,6,1,,1790016843984.1575,19,0.1792,C:\Users\aaron\Desktop\NexusVision\logs\orion_native.log.1:60897,1,0.04,session_20260921_135347,Standstill,C:\Users\aaron\Desktop\NexusVision\logs\orion_native.log.1:60896
,,,,,,False,,,False,1790016849325.4,,,unknown,[],,[],0,100,[],,,,,,,,,[],,,,,,,,,True,0.0,983.59,detect_loop,disarmed,False,,,1790016846688.0,False,,7,1,,,,,,,,session_20260921_135347,Standstill,
,,,115.23999999999995,,,False,20,C:\Users\aaron\Desktop\NexusVision\logs\orion_native.log.1:61005,False,1790016854114.0,41.0,,unknown,[],,[],0,101,[],,,,,,615.8,C:\Users\aaron\Desktop\NexusVision\logs\orion_native.log.1:61004,11.507999999999981,[],delivery_legacy,96.83,C:\Users\aaron\Desktop\NexusVision\logs\orion_native.log.1:61043,94.1,11.220300000000009,15.11962782454588,2.730000000000004,,True,0.0,500.56,detect_loop,released,True,11.097000000000007,2.7,1790016849874.0,False,9,8,1,,1790016850489.8203,20,0.1803,C:\Users\aaron\Desktop\NexusVision\logs\orion_native.log.1:61007,1,0.0,session_20260921_135347,Standstill,C:\Users\aaron\Desktop\NexusVision\logs\orion_native.log.1:61006
,,,130.41999999999996,,,False,21,C:\Users\aaron\Desktop\NexusVision\logs\orion_native.log.1:61081,False,1790016855909.2,55.0,,unknown,[],23.5,[],0,102,[],,,,,EARLY,615.4,C:\Users\aaron\Desktop\NexusVision\logs\orion_native.log.1:61080,11.097000000000037,[],delivery_legacy,96.27,C:\Users\aaron\Desktop\NexusVision\logs\orion_native.log.1:61119,93.52,11.302500000000009,15.598411798071467,2.75,,True,0.0,484.98,detect_loop,released,True,11.508000000000006,2.8,1790016853489.0,False,9,9,1,,1790016854104.437,21,0.1757,C:\Users\aaron\Desktop\NexusVision\logs\orion_native.log.1:61083,1,0.0,session_20260921_135347,Standstill,C:\Users\aaron\Desktop\NexusVision\logs\orion_native.log.1:61082
,,,130.58999999999997,,,False,22,C:\Users\aaron\Desktop\NexusVision\logs\orion_native.log.1:61160,False,1790016858815.3,50.0,,unknown,[],23.833,[],0,103,[],,,,,EARLY,624.4,C:\Users\aaron\Desktop\NexusVision\logs\orion_native.log.1:61159,11.097000000000037,[],delivery_legacy,96.24,C:\Users\aaron\Desktop\NexusVision\logs\orion_native.log.1:61197,91.99,17.467499999999973,24.242769950373624,4.25,,True,0.0,493.81,detect_loop,released,True,11.508000000000006,2.8,1790016856437.0,False,9,10,1,,1790016857061.435,22,0.1743,C:\Users\aaron\Desktop\NexusVision\logs\orion_native.log.1:61162,1,0.0,session_20260921_135347,Standstill,C:\Users\aaron\Desktop\NexusVision\logs\orion_native.log.1:61161
,,,114.09000000000003,,,False,23,C:\Users\aaron\Desktop\NexusVision\logs\orion_native.log.1:61238,False,1790016863877.8,33.0,,unknown,[],,[],0,104,[],,,,,,673.6,C:\Users\aaron\Desktop\NexusVision\logs\orion_native.log.1:61237,11.507999999999981,[],delivery_legacy,96.55,C:\Users\aaron\Desktop\NexusVision\logs\orion_native.log.1:61274,93.68,11.795699999999954,16.251415628539014,2.8699999999999903,,True,0.0,559.51,detect_loop,released,True,11.508000000000006,2.8,1790016859474.0,False,9,11,1,,1790016860147.6335,23,0.1751,C:\Users\aaron\Desktop\NexusVision\logs\orion_native.log.1:61240,1,0.0,session_20260921_135347,Standstill,C:\Users\aaron\Desktop\NexusVision\logs\orion_native.log.1:61239
,,,117.30999999999995,,,False,24,C:\Users\aaron\Desktop\NexusVision\logs\orion_native.log.1:61311,False,1790016866679.6,43.0,,unknown,[],,[],0,105,[],,,,,,664.3,C:\Users\aaron\Desktop\NexusVision\logs\orion_native.log.1:61310,11.508000000000038,[],delivery_legacy,96.27,C:\Users\aaron\Desktop\NexusVision\logs\orion_native.log.1:61350,93.28,12.288900000000012,17.30624529721592,2.989999999999995,,True,0.0,546.99,detect_loop,released,True,11.508000000000006,2.8,1790016862456.0,False,9,12,1,,1790016863120.2612,24,0.173,C:\Users\aaron\Desktop\NexusVision\logs\orion_native.log.1:61313,1,0.0,session_20260921_135347,Standstill,C:\Users\aaron\Desktop\NexusVision\logs\orion_native.log.1:61312
,,,134.14999999999998,,,False,25,C:\Users\aaron\Desktop\NexusVision\logs\orion_native.log.1:61402,False,1790016874256.7,66.0,,unknown,[],,[],0,106,[],,,,,,627.5,C:\Users\aaron\Desktop\NexusVision\logs\orion_native.log.1:61401,11.507999999999981,[],delivery_legacy,96.7,C:\Users\aaron\Desktop\NexusVision\logs\orion_native.log.1:61440,94.32,9.781800000000032,13.04395483941691,2.3800000000000097,,True,0.0,493.35,detect_loop,released,True,11.508000000000006,2.8,1790016870101.0,False,9,13,1,,1790016870728.5225,25,0.1818,C:\Users\aaron\Desktop\NexusVision\logs\orion_native.log.1:61404,1,0.0,session_20260921_135347,Standstill,C:\Users\aaron\Desktop\NexusVision\logs\orion_native.log.1:61403
,,,134.37,,,False,26,C:\Users\aaron\Desktop\NexusVision\logs\orion_native.log.1:61474,False,1790016877487.4,56.0,,unknown,[],,[],0,107,[],,,,,,625.5,C:\Users\aaron\Desktop\NexusVision\logs\orion_native.log.1:61473,11.097000000000037,[],delivery_legacy,96.71,C:\Users\aaron\Desktop\NexusVision\logs\orion_native.log.1:61512,93.18,14.508299999999963,20.331759013938413,3.529999999999987,,True,0.0,491.13,detect_loop,released,True,11.508000000000006,2.8,1790016873290.0,False,9,14,1,,1790016873915.5117,26,0.1727,C:\Users\aaron\Desktop\NexusVision\logs\orion_native.log.1:61476,1,0.0,session_20260921_135347,Standstill,C:\Users\aaron\Desktop\NexusVision\logs\orion_native.log.1:61475
,,,134.26,,,False,27,C:\Users\aaron\Desktop\NexusVision\logs\orion_native.log.1:61546,False,1790016881009.5,,,unknown,[],,[],0,108,[],,,,,,939.4,C:\Users\aaron\Desktop\NexusVision\logs\orion_native.log.1:61545,3.699000000000069,[],delivery_legacy,96.56,C:\Users\aaron\Desktop\NexusVision\logs\orion_native.log.1:61587,94.96,6.576000000000022,9.148084619782782,1.6000000000000085,,True,0.0,805.14,detect_loop,released,False,,,1790016876546.0,False,9,15,1,,1790016877485.4297,27,0.1747,C:\Users\aaron\Desktop\NexusVision\logs\orion_native.log.1:61548,1,0.0,session_20260921_135347,Right Fade,C:\Users\aaron\Desktop\NexusVision\logs\orion_native.log.1:61547
,,,134.36,,,False,28,C:\Users\aaron\Desktop\NexusVision\logs\orion_native.log.1:61623,False,1790016884573.6,63.0,,unknown,[],,[],0,109,[],,,,,,946.7,C:\Users\aaron\Desktop\NexusVision\logs\orion_native.log.1:61622,11.508000000000038,[],delivery_legacy,96.26,C:\Users\aaron\Desktop\NexusVision\logs\orion_native.log.1:61662,93.81,10.069500000000005,13.949780789159043,2.450000000000003,,True,0.0,812.34,detect_loop,released,True,10.686000000000005,2.6,1790016880059.0,False,9,16,1,,1790016881005.6978,28,0.1756,C:\Users\aaron\Desktop\NexusVision\logs\orion_native.log.1:61625,1,0.0,session_20260921_135347,Right Fade,C:\Users\aaron\Desktop\NexusVision\logs\orion_native.log.1:61624
,,,117.6099999999999,,,False,29,C:\Users\aaron\Desktop\NexusVision\logs\orion_native.log.1:61697,False,1790016887866.1,44.0,,unknown,[],,[],0,110,[],,,,,,938.8,C:\Users\aaron\Desktop\NexusVision\logs\orion_native.log.1:61696,14.79600000000005,[],delivery_legacy,96.29,C:\Users\aaron\Desktop\NexusVision\logs\orion_native.log.1:61737,92.3,16.398900000000083,22.564044562574278,3.990000000000009,,True,0.0,821.19,detect_loop,released,True,16.44000000000001,4.0,1790016883217.0,False,9,17,1,,1790016884155.8145,29,0.1764,C:\Users\aaron\Desktop\NexusVision\logs\orion_native.log.1:61699,1,0.0,session_20260921_135347,Right Fade,C:\Users\aaron\Desktop\NexusVision\logs\orion_native.log.1:61698
,,,151.01999999999998,,,False,30,C:\Users\aaron\Desktop\NexusVision\logs\orion_native.log.1:61774,False,1790016891438.6,76.0,,unknown,[],,[],0,111,[],,,,,,1019.8,C:\Users\aaron\Desktop\NexusVision\logs\orion_native.log.1:61773,7.398000000000025,[],delivery_legacy,96.48,C:\Users\aaron\Desktop\NexusVision\logs\orion_native.log.1:61812,95.56,3.7812000000000126,5.207743688441083,0.9200000000000017,,True,0.0,868.78,detect_loop,released,True,9.042000000000005,2.2,1790016886843.0,False,9,18,1,,1790016887862.773,30,0.1759,C:\Users\aaron\Desktop\NexusVision\logs\orion_native.log.1:61776,1,0.0,session_20260921_135347,Left Fade,C:\Users\aaron\Desktop\NexusVision\logs\orion_native.log.1:61775
,,,150.95000000000005,,,False,31,C:\Users\aaron\Desktop\NexusVision\logs\orion_native.log.1:61850,False,1790016895256.5,79.0,,unknown,[],,[],0,112,[],,,,,,920.5,C:\Users\aaron\Desktop\NexusVision\logs\orion_native.log.1:61849,18.906000000000006,[],delivery_legacy,95.72,C:\Users\aaron\Desktop\NexusVision\logs\orion_native.log.1:61888,92.97,11.302500000000009,15.38633693280367,2.75,,True,0.0,769.55,detect_loop,released,True,15.618000000000007,3.8,1790016890679.0,False,9,19,1,,1790016891599.5088,31,0.1778,C:\Users\aaron\Desktop\NexusVision\logs\orion_native.log.1:61852,1,0.0,session_20260921_135347,Left Fade,C:\Users\aaron\Desktop\NexusVision\logs\orion_native.log.1:61851
,,,150.89999999999998,,,False,32,C:\Users\aaron\Desktop\NexusVision\logs\orion_native.log.1:61929,False,1790016899821.7,80.0,,unknown,[],,[],0,113,[],,,,,,989.3,C:\Users\aaron\Desktop\NexusVision\logs\orion_native.log.1:61928,15.206999999999994,[],delivery_legacy,95.59,C:\Users\aaron\Desktop\NexusVision\logs\orion_native.log.1:61965,93.75,7.562400000000025,10.398417632099482,1.8400000000000034,,True,0.0,838.4,detect_loop,released,True,15.618000000000007,3.8,1790016895281.0,False,9,20,1,,1790016896270.3328,32,0.1756,C:\Users\aaron\Desktop\NexusVision\logs\orion_native.log.1:61931,1,0.0,session_20260921_135347,Right Fade,C:\Users\aaron\Desktop\NexusVision\logs\orion_native.log.1:61930
,,,133.64,,,False,33,C:\Users\aaron\Desktop\NexusVision\logs\orion_native.log.1:62009,False,1790016904384.4,,,unknown,[],,[],0,114,[],,,,,,949.6,C:\Users\aaron\Desktop\NexusVision\logs\orion_native.log.1:62008,,[],delivery_legacy,96.09,C:\Users\aaron\Desktop\NexusVision\logs\orion_native.log.1:62046,94.63,6.00060000000002,8.090883901357762,1.460000000000008,,True,0.0,815.96,detect_loop,released,False,,,1790016899871.0,False,9,21,1,,1790016900820.6257,33,0.1802,C:\Users\aaron\Desktop\NexusVision\logs\orion_native.log.1:62011,1,0.0,session_20260921_135347,Right Fade,C:\Users\aaron\Desktop\NexusVision\logs\orion_native.log.1:62010
,,,301.02,,,False,34,C:\Users\aaron\Desktop\NexusVision\logs\orion_native.log.1:62096,False,1790016907199.9,,,unknown,[],,[],0,115,[],,,,,,558.9,C:\Users\aaron\Desktop\NexusVision\logs\orion_native.log.1:62095,,[],delivery_legacy,,,,,,,,True,0.0,257.88,detect_loop,released,False,,,1790016902900.0,False,9,22,1,,1790016903458.923,34,-0.0561,C:\Users\aaron\Desktop\NexusVision\logs\orion_native.log.1:62098,1,0.0,session_20260921_135347,Go-To,C:\Users\aaron\Desktop\NexusVision\logs\orion_native.log.1:62097
,,,134.26999999999998,,,False,35,C:\Users\aaron\Desktop\NexusVision\logs\orion_native.log.1:62150,False,1790016911261.5,64.0,,unknown,[],,[],0,116,[],,,,,,1816.1,C:\Users\aaron\Desktop\NexusVision\logs\orion_native.log.1:62149,22.605000000000018,[],delivery_legacy,96.23,C:\Users\aaron\Desktop\NexusVision\logs\orion_native.log.1:62181,90.71,22.687200000000075,30.87248322147657,5.52000000000001,,True,0.0,1681.83,detect_loop,released,True,22.60500000000001,5.5,1790016905864.0,False,9,23,1,,1790016907680.1038,35,0.1778,C:\Users\aaron\Desktop\NexusVision\logs\orion_native.log.1:62152,1,0.0,session_20260921_135347,Go-To,C:\Users\aaron\Desktop\NexusVision\logs\orion_native.log.1:62151
,,,134.47000000000025,,,False,36,C:\Users\aaron\Desktop\NexusVision\logs\orion_native.log.1:62217,False,1790016917081.5,61.0,,unknown,[],,[],0,117,[],,,,,,2150.8,C:\Users\aaron\Desktop\NexusVision\logs\orion_native.log.1:62216,11.507999999999981,[],delivery_legacy,96.19,C:\Users\aaron\Desktop\NexusVision\logs\orion_native.log.1:62248,94.59,6.575999999999965,9.19381715796124,1.5999999999999943,,True,0.0,2016.33,detect_loop,released,True,11.508000000000006,2.8,1790016911315.0,False,9,24,1,,1790016913465.8362,36,0.1734,C:\Users\aaron\Desktop\NexusVision\logs\orion_native.log.1:62219,1,0.0,session_20260921_135347,Go-To,C:\Users\aaron\Desktop\NexusVision\logs\orion_native.log.1:62218
,,,134.57000000000016,,,False,37,C:\Users\aaron\Desktop\NexusVision\logs\orion_native.log.1:62287,False,1790016923657.4,61.0,,unknown,[],,[],0,118,[],,,,,,2060.3,C:\Users\aaron\Desktop\NexusVision\logs\orion_native.log.1:62286,11.507999999999981,[],delivery_legacy,96.15,C:\Users\aaron\Desktop\NexusVision\logs\orion_native.log.1:62316,94.56,6.53490000000005,8.974431337133845,1.5900000000000034,,True,0.0,1925.73,detect_loop,released,True,8.220000000000004,2.0,1790016918011.0,False,9,25,1,,1790016920071.2515,37,0.1757,C:\Users\aaron\Desktop\NexusVision\logs\orion_native.log.1:62289,1,-0.0,session_20260921_135347,Go-To,C:\Users\aaron\Desktop\NexusVision\logs\orion_native.log.1:62288
,,,150.92000000000007,,,False,38,C:\Users\aaron\Desktop\NexusVision\logs\orion_native.log.1:62353,False,1790016926726.9,82.0,,unknown,[],,[],0,119,[],,,,,,752.2,C:\Users\aaron\Desktop\NexusVision\logs\orion_native.log.1:62352,15.206999999999994,[],delivery_legacy,96.27,C:\Users\aaron\Desktop\NexusVision\logs\orion_native.log.1:62393,92.62,15.001499999999965,19.681854947425137,3.6499999999999915,,True,0.0,601.28,detect_loop,released,True,11.508000000000006,2.8,1790016922343.0,False,9,26,1,,1790016923095.1865,38,0.1835,C:\Users\aaron\Desktop\NexusVision\logs\orion_native.log.1:62355,1,-0.0,session_20260921_135347,Standstill,C:\Users\aaron\Desktop\NexusVision\logs\orion_native.log.1:62354
,,,134.17999999999995,,,False,39,C:\Users\aaron\Desktop\NexusVision\logs\orion_native.log.1:62433,False,1790016931040.5,,,unknown,[],,[],0,120,[],,,,,,910.9,C:\Users\aaron\Desktop\NexusVision\logs\orion_native.log.1:62432,,[],delivery_legacy,95.89,C:\Users\aaron\Desktop\NexusVision\logs\orion_native.log.1:62471,94.98,3.740099999999984,4.942160430130867,0.9099999999999966,,True,0.0,776.72,detect_loop,released,False,,,1790016926457.0,False,9,27,1,,1790016927367.926,39,0.1832,C:\Users\aaron\Desktop\NexusVision\logs\orion_native.log.1:62435,1,0.0,session_20260921_135347,Left Fade,C:\Users\aaron\Desktop\NexusVision\logs\orion_native.log.1:62434
,,,,,,False,,,False,1790016931349.3,,,unknown,[],,[],0,121,[],,,,,,,,,[],,,,,,,,,True,0.0,,,disarmed,False,,,1790016929279.0,False,,28,1,,,,,,,,session_20260921_135347,Standstill,
,,,,,,False,,,False,1790016932097.4,,,unknown,[],,[],0,122,[],,,,,,,,,[],,,,,,,,,True,0.0,,,disarmed,False,,,1790016930357.0,False,,29,1,,,,,,,,session_20260921_135347,Standstill,
,,,,,,False,,,False,1790016932655.2,,,unknown,[],,[],0,123,[],,,,,,,,,[],,,,,,,,,True,0.0,,,disarmed,False,,,1790016931177.0,False,,30,1,,,,,,,,session_20260921_135347,Standstill,
,,,,,,False,,,False,1790016932809.3,,,unknown,[],,[],0,124,[],,,,,,,,,[],,,,,,,,,True,0.0,,,disarmed,False,,,1790016931651.0,False,,31,1,,,,,,,,session_20260921_135347,Standstill,
,,,,,,False,,,False,1790016933104.5,,,unknown,[],,[],0,125,[],,,,,,,,,[],,,,,,,,,True,0.0,,,disarmed,False,,,1790016931826.0,False,,32,1,,,,,,,,session_20260921_135347,Standstill,
,,,,,,False,,,False,1790016940180.5,,,unknown,[],,[],0,126,[],,,,,,,,,[],,,,,,,,,True,0.0,519.93,detect_loop,unanswered,False,,,1790016932097.0,False,,33,1,,,,,,,,session_20260921_135347,Go-To,
,,,,,,False,,,False,1790016940993.9,,,unknown,[],,[],0,127,[],,,,,,,,,[],,,,,,,,,True,0.0,1600.77,detect_loop,unanswered,False,,,1790016932807.0,False,,34,1,,,,,,,,session_20260921_135347,Go-To,
,,,150.53999999999996,,,False,40,C:\Users\aaron\Desktop\NexusVision\logs\orion_native.log.1:62608,False,1790016938111.0,,,unknown,[],33.25,[],0,128,[],,,,,LATE,651.8,C:\Users\aaron\Desktop\NexusVision\logs\orion_native.log.1:62607,,[],delivery_legacy,,,,,,,,True,0.0,501.26,detect_loop,released,False,,,1790016936075.0,False,9,35,1,,1790016936726.8186,40,0.1839,C:\Users\aaron\Desktop\NexusVision\logs\orion_native.log.1:62610,1,0.0,session_20260921_135347,Standstill,C:\Users\aaron\Desktop\NexusVision\logs\orion_native.log.1:62609
,,,150.82999999999993,,,False,41,C:\Users\aaron\Desktop\NexusVision\logs\orion_native.log.1:62693,False,1790016943919.6,,,unknown,[],,[],0,129,[],,,,,,679.9,C:\Users\aaron\Desktop\NexusVision\logs\orion_native.log.1:62692,,[],delivery_legacy,96.33,C:\Users\aaron\Desktop\NexusVision\logs\orion_native.log.1:62730,95.41,3.7812000000000126,5.0613412554326995,0.9200000000000017,,True,0.0,529.07,detect_loop,released,False,,,1790016939650.0,False,9,36,1,,1790016940329.9116,41,0.1801,C:\Users\aaron\Desktop\NexusVision\logs\orion_native.log.1:62695,1,-0.0,session_20260921_135347,Standstill,C:\Users\aaron\Desktop\NexusVision\logs\orion_native.log.1:62694
,,,150.89,,,False,42,C:\Users\aaron\Desktop\NexusVision\logs\orion_native.log.1:62778,False,1790016948733.9,82.0,,unknown,[],,[],0,130,[],,,,,,1098.0,C:\Users\aaron\Desktop\NexusVision\logs\orion_native.log.1:62777,18.495000000000005,[],delivery_legacy,95.95,C:\Users\aaron\Desktop\NexusVision\logs\orion_native.log.1:62815,93.2,11.302500000000009,15.308394566911602,2.75,,True,0.0,947.11,detect_loop,released,True,18.90600000000001,4.6,1790016943919.0,False,9,37,1,,1790016945016.957,42,0.1784,C:\Users\aaron\Desktop\NexusVision\logs\orion_native.log.1:62780,1,0.0,session_20260921_135347,Right Fade,C:\Users\aaron\Desktop\NexusVision\logs\orion_native.log.1:62779
,,,134.39999999999998,,,False,43,C:\Users\aaron\Desktop\NexusVision\logs\orion_native.log.1:62860,False,1790016953053.7,63.0,,unknown,[],,[],0,131,[],,,,,,975.9,C:\Users\aaron\Desktop\NexusVision\logs\orion_native.log.1:62859,14.795999999999992,[],delivery_legacy,96.38,C:\Users\aaron\Desktop\NexusVision\logs\orion_native.log.1:62899,93.07,13.604100000000017,18.338966147709026,3.3100000000000023,,True,0.0,841.5,detect_loop,released,True,15.20700000000001,3.7,1790016948347.0,False,9,38,1,,1790016949322.9114,43,0.1792,C:\Users\aaron\Desktop\NexusVision\logs\orion_native.log.1:62862,1,0.0,session_20260921_135347,Right Fade,C:\Users\aaron\Desktop\NexusVision\logs\orion_native.log.1:62861
,,,150.79000000000008,,,False,44,C:\Users\aaron\Desktop\NexusVision\logs\orion_native.log.1:62945,False,1790016956112.5,74.0,,unknown,[],,[],0,132,[],,,,,,690.2,C:\Users\aaron\Desktop\NexusVision\logs\orion_native.log.1:62944,11.097000000000037,[],delivery_legacy,96.49,C:\Users\aaron\Desktop\NexusVision\logs\orion_native.log.1:62986,93.74,11.302500000000009,14.647137150466046,2.75,,True,0.0,539.41,detect_loop,released,True,12.741000000000007,3.1,1790016951785.0,False,9,39,1,,1790016952475.2278,44,0.1854,C:\Users\aaron\Desktop\NexusVision\logs\orion_native.log.1:62947,1,0.0,session_20260921_135347,Standstill,C:\Users\aaron\Desktop\NexusVision\logs\orion_native.log.1:62946
,,,150.98000000000002,,,False,45,C:\Users\aaron\Desktop\NexusVision\logs\orion_native.log.1:63031,False,1790016959683.5,83.0,,unknown,[],,[],0,133,[],,,,,,744.6,C:\Users\aaron\Desktop\NexusVision\logs\orion_native.log.1:63030,11.097000000000037,[],delivery_legacy,96.31,C:\Users\aaron\Desktop\NexusVision\logs\orion_native.log.1:63062,92.85,14.220600000000047,19.542502118045793,3.460000000000008,,True,0.0,593.62,detect_loop,released,True,11.508000000000006,2.8,1790016955418.0,False,9,40,1,,1790016956162.6338,45,0.1762,C:\Users\aaron\Desktop\NexusVision\logs\orion_native.log.1:63033,1,0.0,session_20260921_135347,Go-To,C:\Users\aaron\Desktop\NexusVision\logs\orion_native.log.1:63032
,,,150.81999999999994,,,False,46,C:\Users\aaron\Desktop\NexusVision\logs\orion_native.log.1:63101,False,1790016960328.0,80.0,,unknown,[],26.667,[],0,134,[],,,,,LATE,684.3,C:\Users\aaron\Desktop\NexusVision\logs\orion_native.log.1:63100,11.097000000000037,[],delivery_legacy,96.59,C:\Users\aaron\Desktop\NexusVision\logs\orion_native.log.1:63137,94.35,9.20640000000003,12.631816387526133,2.240000000000009,,True,0.0,533.48,detect_loop,released,True,14.796000000000008,3.6,1790016958014.0,False,9,41,1,,1790016958698.2937,46,0.1762,C:\Users\aaron\Desktop\NexusVision\logs\orion_native.log.1:63103,1,0.0,session_20260921_135347,Go-To,C:\Users\aaron\Desktop\NexusVision\logs\orion_native.log.1:63102
,,,131.09000000000003,,,False,47,C:\Users\aaron\Desktop\NexusVision\logs\orion_native.log.1:63179,False,1790016965396.8,64.0,,unknown,[],,[],0,135,[],,,,,,660.6,C:\Users\aaron\Desktop\NexusVision\logs\orion_native.log.1:63178,11.097000000000037,[],delivery_legacy,96.73,C:\Users\aaron\Desktop\NexusVision\logs\orion_native.log.1:63211,94.55,8.95980000000003,12.449317571812044,2.180000000000007,,True,0.0,529.51,detect_loop,released,True,11.508000000000006,2.8,1790016961101.0,False,9,42,1,,1790016961761.6448,47,0.1739,C:\Users\aaron\Desktop\NexusVision\logs\orion_native.log.1:63181,1,0.0,session_20260921_135347,Go-To,C:\Users\aaron\Desktop\NexusVision\logs\orion_native.log.1:63180
,,,131.25,,,False,48,C:\Users\aaron\Desktop\NexusVision\logs\orion_native.log.1:63249,False,1790016968209.6,61.0,,unknown,[],,[],0,136,[],,,,,,649.5,C:\Users\aaron\Desktop\NexusVision\logs\orion_native.log.1:63248,11.096999999999923,[],delivery_legacy,96.65,C:\Users\aaron\Desktop\NexusVision\logs\orion_native.log.1:63281,92.44,17.303100000000086,23.112819105133173,4.210000000000008,,True,0.0,518.25,detect_loop,released,True,14.385000000000007,3.5,1790016963835.0,False,9,43,1,,1790016964484.501,48,0.1803,C:\Users\aaron\Desktop\NexusVision\logs\orion_native.log.1:63251,1,0.0,session_20260921_135347,Go-To,C:\Users\aaron\Desktop\NexusVision\logs\orion_native.log.1:63250
,,,148.01000000000005,,,False,49,C:\Users\aaron\Desktop\NexusVision\logs\orion_native.log.1:63332,False,1790016971021.4,76.0,,unknown,[],,[],0,137,[],,,,,,645.1,C:\Users\aaron\Desktop\NexusVision\logs\orion_native.log.1:63331,11.097000000000037,[],delivery_legacy,96.72,C:\Users\aaron\Desktop\NexusVision\logs\orion_native.log.1:63372,93.1,14.87820000000005,20.484382073336377,3.6200000000000045,,True,0.0,497.09,detect_loop,released,True,11.508000000000006,2.8,1790016966809.0,False,9,44,1,,1790016967454.0737,49,0.176,C:\Users\aaron\Desktop\NexusVision\logs\orion_native.log.1:63334,1,0.0,session_20260921_135347,Standstill,C:\Users\aaron\Desktop\NexusVision\logs\orion_native.log.1:63333
,,,144.82999999999998,,,False,50,C:\Users\aaron\Desktop\NexusVision\logs\orion_native.log:38,False,1790016972042.7,80.0,,unknown,[],24.417,[],0,138,[],,,,,EARLY,655.4,C:\Users\aaron\Desktop\NexusVision\logs\orion_native.log:37,11.508000000000038,[],delivery_legacy,96.66,C:\Users\aaron\Desktop\NexusVision\logs\orion_native.log:77,94.82,7.562399999999968,10.114891979550347,1.8400000000000034,,True,0.0,510.57,detect_loop,released,True,13.563000000000006,3.3,1790016970015.0,False,9,45,1,,1790016970670.3838,50,0.1805,C:\Users\aaron\Desktop\NexusVision\logs\orion_native.log:40,1,0.0,session_20260921_135347,Standstill,C:\Users\aaron\Desktop\NexusVision\logs\orion_native.log:39
,,,128.13,,,False,51,C:\Users\aaron\Desktop\NexusVision\logs\orion_native.log:124,False,1790016977358.2,58.0,,unknown,[],,[],0,139,[],,,,,,615.6,C:\Users\aaron\Desktop\NexusVision\logs\orion_native.log:123,7.397999999999968,[],delivery_legacy,96.72,C:\Users\aaron\Desktop\NexusVision\logs\orion_native.log:162,92.43,17.63190000000003,24.278438030560228,4.289999999999992,,True,0.0,487.47,detect_loop,released,True,10.275000000000006,2.5,1790016972991.0,False,9,46,1,,1790016973606.6218,51,0.1763,C:\Users\aaron\Desktop\NexusVision\logs\orion_native.log:126,1,0.0,session_20260921_135347,Standstill,C:\Users\aaron\Desktop\NexusVision\logs\orion_native.log:125
,,,128.03000000000003,,,False,52,C:\Users\aaron\Desktop\NexusVision\logs\orion_native.log:202,False,1790016980110.2,60.0,,unknown,[],,[],0,140,[],,,,,,627.6,C:\Users\aaron\Desktop\NexusVision\logs\orion_native.log:201,11.508000000000038,[],delivery_legacy,96.64,C:\Users\aaron\Desktop\NexusVision\logs\orion_native.log:240,93.05,14.75490000000002,20.648797883354444,3.5900000000000034,,True,0.0,499.57,detect_loop,released,True,11.508000000000006,2.8,1790016975882.0,False,9,47,1,,1790016976509.65,52,0.1729,C:\Users\aaron\Desktop\NexusVision\logs\orion_native.log:204,1,0.0,session_20260921_135347,Standstill,C:\Users\aaron\Desktop\NexusVision\logs\orion_native.log:203
,,,128.01000000000005,,,False,53,C:\Users\aaron\Desktop\NexusVision\logs\orion_native.log:279,False,1790016984263.7,62.0,,unknown,[],,[],0,141,[],,,,,,621.2,C:\Users\aaron\Desktop\NexusVision\logs\orion_native.log:278,11.507999999999981,[],delivery_legacy,96.67,C:\Users\aaron\Desktop\NexusVision\logs\orion_native.log:316,93.88,11.46690000000001,15.680323722812377,2.7900000000000063,,True,0.0,493.19,detect_loop,released,True,10.686000000000005,2.6,1790016980110.0,False,9,48,1,,1790016980731.2412,53,0.1772,C:\Users\aaron\Desktop\NexusVision\logs\orion_native.log:281,1,0.0,session_20260921_135347,Standstill,C:\Users\aaron\Desktop\NexusVision\logs\orion_native.log:280
,,,128.07000000000005,,,False,54,C:\Users\aaron\Desktop\NexusVision\logs\orion_native.log:353,False,1790016988526.2,62.0,,unknown,[],,[],0,142,[],,,,,,621.2,C:\Users\aaron\Desktop\NexusVision\logs\orion_native.log:352,14.79600000000005,[],delivery_legacy,96.69,C:\Users\aaron\Desktop\NexusVision\logs\orion_native.log:392,93.66,12.453300000000013,17.01673593170842,3.030000000000001,,True,0.0,493.13,detect_loop,released,True,13.974000000000007,3.4,1790016984263.0,False,9,49,1,,1790016984884.2424,54,0.1773,C:\Users\aaron\Desktop\NexusVision\logs\orion_native.log:355,1,0.0,session_20260921_135347,Standstill,C:\Users\aaron\Desktop\NexusVision\logs\orion_native.log:354
,,,128.34000000000003,,,False,55,C:\Users\aaron\Desktop\NexusVision\logs\orion_native.log:426,False,1790016992094.0,59.0,,unknown,[],,[],0,143,[],,,,,,617.6,C:\Users\aaron\Desktop\NexusVision\logs\orion_native.log:425,11.508000000000038,[],delivery_legacy,96.75,C:\Users\aaron\Desktop\NexusVision\logs\orion_native.log:465,93.08,15.083700000000022,21.04478467802054,3.6700000000000017,,True,0.0,489.26,detect_loop,released,True,11.508000000000006,2.8,1790016987905.0,False,9,50,1,,1790016988522.5923,55,0.1735,C:\Users\aaron\Desktop\NexusVision\logs\orion_native.log:428,1,0.0,session_20260921_135347,Standstill,C:\Users\aaron\Desktop\NexusVision\logs\orion_native.log:427
,,,128.13,,,False,56,C:\Users\aaron\Desktop\NexusVision\logs\orion_native.log:502,False,1790016994661.7,62.0,,unknown,[],23.833,[],0,144,[],,,,,EARLY,677.7,C:\Users\aaron\Desktop\NexusVision\logs\orion_native.log:501,7.397999999999968,[],delivery_legacy,96.79,C:\Users\aaron\Desktop\NexusVision\logs\orion_native.log:540,93.17,14.87820000000005,20.45082198745836,3.6200000000000045,,True,0.0,549.57,detect_loop,released,True,10.275000000000006,2.5,1790016992113.0,False,9,51,1,,1790016992790.698,56,0.1766,C:\Users\aaron\Desktop\NexusVision\logs\orion_native.log:504,1,0.0,session_20260921_135347,Standstill,C:\Users\aaron\Desktop\NexusVision\logs\orion_native.log:503
,,,131.38,,,False,57,C:\Users\aaron\Desktop\NexusVision\logs\orion_native.log:582,False,1790017000931.1,60.0,,unknown,[],,[],0,145,[],,,,,,619.6,C:\Users\aaron\Desktop\NexusVision\logs\orion_native.log:581,11.097000000000037,[],delivery_legacy,96.7,C:\Users\aaron\Desktop\NexusVision\logs\orion_native.log:620,94.03,10.973700000000008,15.239726027397271,2.6700000000000017,,True,0.0,488.22,detect_loop,released,True,11.508000000000006,2.8,1790016996697.0,False,9,52,1,,1790016997316.6028,57,0.1739,C:\Users\aaron\Desktop\NexusVision\logs\orion_native.log:584,1,0.0,session_20260921_135347,Standstill,C:\Users\aaron\Desktop\NexusVision\logs\orion_native.log:583
,,,131.00000000000006,,,False,58,C:\Users\aaron\Desktop\NexusVision\logs\orion_native.log:658,False,1790017005246.6,65.0,,unknown,[],,[],0,146,[],,,,,,623.2,C:\Users\aaron\Desktop\NexusVision\logs\orion_native.log:657,11.097000000000037,[],delivery_legacy,96.71,C:\Users\aaron\Desktop\NexusVision\logs\orion_native.log:696,93.86,11.71350000000001,15.916452585725423,2.8499999999999943,,True,0.0,492.2,detect_loop,released,True,11.508000000000006,2.8,1790017000930.0,False,9,53,1,,1790017001553.2493,58,0.1785,C:\Users\aaron\Desktop\NexusVision\logs\orion_native.log:660,1,0.0,session_20260921_135347,Standstill,C:\Users\aaron\Desktop\NexusVision\logs\orion_native.log:659
,,,147.33000000000004,,,False,59,C:\Users\aaron\Desktop\NexusVision\logs\orion_native.log:748,False,1790017011818.7,75.0,,unknown,[],,[],0,147,[],,,,,,634.1,C:\Users\aaron\Desktop\NexusVision\logs\orion_native.log:747,7.398000000000025,[],delivery_legacy,96.56,C:\Users\aaron\Desktop\NexusVision\logs\orion_native.log:786,95.64,3.7812000000000126,5.163317993040755,0.9200000000000017,,True,0.0,486.77,detect_loop,released,True,8.631000000000006,2.1,1790017007459.0,False,9,54,1,,1790017008093.079,59,0.1768,C:\Users\aaron\Desktop\NexusVision\logs\orion_native.log:750,1,0.0,session_20260921_135347,Standstill,C:\Users\aaron\Desktop\NexusVision\logs\orion_native.log:749
,,,163.75000000000006,,,False,60,C:\Users\aaron\Desktop\NexusVision\logs\orion_native.log:820,False,1790017015380.5,99.0,,unknown,[],,[],0,148,[],,,,,,654.7,C:\Users\aaron\Desktop\NexusVision\logs\orion_native.log:819,15.206999999999994,[],delivery_legacy,96.33,C:\Users\aaron\Desktop\NexusVision\logs\orion_native.log:858,93.57,11.343600000000038,15.064679875552672,2.760000000000005,,True,0.0,490.95,detect_loop,released,True,14.796000000000008,3.6,1790017011191.0,False,9,55,1,,1790017011845.7249,60,0.1821,C:\Users\aaron\Desktop\NexusVision\logs\orion_native.log:822,1,0.0,session_20260921_135347,Standstill,C:\Users\aaron\Desktop\NexusVision\logs\orion_native.log:821
,,,163.95999999999998,,,False,61,C:\Users\aaron\Desktop\NexusVision\logs\orion_native.log:897,False,1790017019450.9,97.0,,unknown,[],,[],0,149,[],,,,,,663.4,C:\Users\aaron\Desktop\NexusVision\logs\orion_native.log:896,11.097000000000037,[],delivery_legacy,96.16,C:\Users\aaron\Desktop\NexusVision\logs\orion_native.log:936,94.55,6.6170999999999935,8.714007360900624,1.6099999999999994,,True,0.0,499.44,detect_loop,released,True,10.686000000000005,2.6,1790017015204.0,False,9,56,1,,1790017015867.3674,61,0.1824,C:\Users\aaron\Desktop\NexusVision\logs\orion_native.log:899,1,0.0,session_20260921_135347,Standstill,C:\Users\aaron\Desktop\NexusVision\logs\orion_native.log:898
,,,163.93,,,False,62,C:\Users\aaron\Desktop\NexusVision\logs\orion_native.log:972,False,1790017023265.5,96.0,,unknown,[],,[],0,150,[],,,,,,661.6,C:\Users\aaron\Desktop\NexusVision\logs\orion_native.log:971,11.097000000000037,[],delivery_legacy,96.12,C:\Users\aaron\Desktop\NexusVision\logs\orion_native.log:1010,93.26,11.754599999999982,15.797613787008393,2.8599999999999994,,True,0.0,497.67,detect_loop,released,True,9.042000000000005,2.2,1790017018875.0,False,9,57,1,,1790017019536.552,62,0.1795,C:\Users\aaron\Desktop\NexusVision\logs\orion_native.log:974,1,0.0,session_20260921_135347,Standstill,C:\Users\aaron\Desktop\NexusVision\logs\orion_native.log:973
,,,147.32000000000005,,,False,63,C:\Users\aaron\Desktop\NexusVision\logs\orion_native.log:1048,False,1790017027077.8,73.0,,unknown,[],,[],0,151,[],,,,,,1018.7,C:\Users\aaron\Desktop\NexusVision\logs\orion_native.log:1047,7.808999999999969,[],delivery_legacy,100.0,C:\Users\aaron\Desktop\NexusVision\logs\orion_native.log:1087,85.13,61.55400000000003,82.40966526269123,14.870000000000005,,True,0.0,871.38,detect_loop,released,True,7.398000000000004,1.8,1790017022457.0,False,9,58,1,,1790017023475.6807,63,0.1791,C:\Users\aaron\Desktop\NexusVision\logs\orion_native.log:1050,1,0.0,session_20260921_135347,Right Fade,C:\Users\aaron\Desktop\NexusVision\logs\orion_native.log:1049
,,,147.54000000000008,,,False,64,C:\Users\aaron\Desktop\NexusVision\logs\orion_native.log:1124,False,1790017030897.0,7.0,,unknown,[],,[],0,152,[],,,,,,915.2,C:\Users\aaron\Desktop\NexusVision\logs\orion_native.log:1123,4.110000000000014,[],delivery_legacy,96.22,C:\Users\aaron\Desktop\NexusVision\logs\orion_native.log:1161,94.11,8.6721,11.811464397671292,2.1099999999999994,,True,0.0,767.66,detect_loop,released,False,3.699000000000002,0.9,1790017026294.0,False,9,59,1,,1790017027209.1543,64,0.1776,C:\Users\aaron\Desktop\NexusVision\logs\orion_native.log:1126,1,0.0,session_20260921_135347,Right Fade,C:\Users\aaron\Desktop\NexusVision\logs\orion_native.log:1125
,,,147.17000000000007,,,False,65,C:\Users\aaron\Desktop\NexusVision\logs\orion_native.log:1200,False,1790017035221.1,29.0,,unknown,[],,[],0,153,[],,,,,,962.2,C:\Users\aaron\Desktop\NexusVision\logs\orion_native.log:1199,4.110000000000014,[],delivery_legacy,99.99,C:\Users\aaron\Desktop\NexusVision\logs\orion_native.log:1237,88.04,49.290899999999965,65.85473382563644,11.949999999999989,,True,0.0,815.03,detect_loop,released,True,5.343000000000003,1.3,1790017030617.0,False,9,60,1,,1790017031579.2148,65,0.1801,C:\Users\aaron\Desktop\NexusVision\logs\orion_native.log:1202,1,-0.0,session_20260921_135347,Right Fade,C:\Users\aaron\Desktop\NexusVision\logs\orion_native.log:1201
,,,150.88,,,False,66,C:\Users\aaron\Desktop\NexusVision\logs\orion_native.log:1289,False,1790017043042.9,83.0,,unknown,[],,[],0,154,[],,,,,,645.1,C:\Users\aaron\Desktop\NexusVision\logs\orion_native.log:1288,7.398000000000025,[],delivery_legacy,96.08,C:\Users\aaron\Desktop\NexusVision\logs\orion_native.log:1326,93.33,11.302500000000009,15.496449904203764,2.75,,True,0.0,494.22,detect_loop,released,True,11.097000000000007,2.7,1790017038882.0,False,9,61,1,,1790017039527.0813,66,0.177,C:\Users\aaron\Desktop\NexusVision\logs\orion_native.log:1291,1,0.0,session_20260921_135347,Standstill,C:\Users\aaron\Desktop\NexusVision\logs\orion_native.log:1290
,,,151.0,,,False,67,C:\Users\aaron\Desktop\NexusVision\logs\orion_native.log:1361,False,1790017047322.7,78.0,,unknown,[],,[],0,155,[],,,,,,646.1,C:\Users\aaron\Desktop\NexusVision\logs\orion_native.log:1360,11.097000000000037,[],delivery_legacy,96.19,C:\Users\aaron\Desktop\NexusVision\logs\orion_native.log:1399,93.5,11.055900000000008,15.522215810732819,2.6899999999999977,,True,0.0,495.1,detect_loop,released,True,11.097000000000007,2.7,1790017043001.0,False,9,62,1,,1790017043647.073,67,0.173,C:\Users\aaron\Desktop\NexusVision\logs\orion_native.log:1363,1,0.0,session_20260921_135347,Standstill,C:\Users\aaron\Desktop\NexusVision\logs\orion_native.log:1362
,,,150.83000000000004,,,False,68,C:\Users\aaron\Desktop\NexusVision\logs\orion_native.log:1437,False,1790017050879.8,79.0,,unknown,[],,[],0,156,[],,,,,,637.1,C:\Users\aaron\Desktop\NexusVision\logs\orion_native.log:1436,11.508000000000038,[],delivery_legacy,95.94,C:\Users\aaron\Desktop\NexusVision\logs\orion_native.log:1477,95.02,3.7812000000000126,5.208333333333343,0.9200000000000017,,True,0.0,486.27,detect_loop,released,True,11.508000000000006,2.8,1790017046681.0,False,9,63,1,,1790017047318.0857,68,0.1761,C:\Users\aaron\Desktop\NexusVision\logs\orion_native.log:1439,1,0.0,session_20260921_135347,Standstill,C:\Users\aaron\Desktop\NexusVision\logs\orion_native.log:1438
,,,,,,False,,,False,1790023919140.2,,,unknown,[],,[],0,1,[],,,,,,,,,[],,,,,,,,,True,0.0,,,disarmed,False,,,1790023917003.0,False,,1,1,,,,,,,,session_20260921_155138,Standstill,
,,0.0,150.89999999999998,,,False,1,C:\Users\aaron\Desktop\NexusVision\logs\orion_native.log:1869,False,1790023920296.3,85.0,,unknown,[],27.583,[],0,2,"[""C:\\Users\\aaron\\Desktop\\NexusVision\\logs\\orion_native.log:1861""]",10.0,0.2,0.0,cold,EXCELLENT,694.6,C:\Users\aaron\Desktop\NexusVision\logs\orion_native.log:1868,7.398000000000025,[],release_ff,95.27,C:\Users\aaron\Desktop\NexusVision\logs\orion_native.log:1906,92.51,11.34359999999998,15.308669366021359,2.759999999999991,,True,0.0,543.7,detect_loop,released,True,7.398000000000004,1.8,1790023918223.0,False,10,2,1,C:\Users\aaron\Desktop\NexusVision\logs\orion_native.log:1867,1790023918917.5588,1,0.1795,C:\Users\aaron\Desktop\NexusVision\logs\orion_native.log:1871,1,0.0,session_20260921_155138,Standstill,C:\Users\aaron\Desktop\NexusVision\logs\orion_native.log:1870
,,,,,,False,,,False,1790023957425.6,,,unknown,[],,[],0,3,[],,,,,,,,,[],,,,,,,,,True,0.0,,,unanswered,False,,,1790023949224.0,False,,3,1,,,,,,,,session_20260921_155138,Go-To,
,,0.0,150.95000000000005,,,False,2,C:\Users\aaron\Desktop\NexusVision\logs\orion_native.log:2017,False,1790023953129.9,77.0,,unknown,[],24.833,[],0,4,"[""C:\\Users\\aaron\\Desktop\\NexusVision\\logs\\orion_native.log:2006""]",10.0,0.2,1.0,cold,EXCELLENT,640.1,C:\Users\aaron\Desktop\NexusVision\logs\orion_native.log:2016,7.808999999999969,[],release_ff,95.93,C:\Users\aaron\Desktop\NexusVision\logs\orion_native.log:2053,94.1,7.521300000000053,10.48109965635746,1.8300000000000125,,True,0.0,489.15,detect_loop,released,True,7.809000000000004,1.9,1790023951176.0,False,10,4,1,C:\Users\aaron\Desktop\NexusVision\logs\orion_native.log:2015,1790023951816.0962,2,0.1745,C:\Users\aaron\Desktop\NexusVision\logs\orion_native.log:2019,1,0.0,session_20260921_155138,Standstill,C:\Users\aaron\Desktop\NexusVision\logs\orion_native.log:2018
,,0.0,150.74,,,False,3,C:\Users\aaron\Desktop\NexusVision\logs\orion_native.log:2105,False,1790023959764.4,81.0,,unknown,[],23.75,[],0,5,"[""C:\\Users\\aaron\\Desktop\\NexusVision\\logs\\orion_native.log:2094""]",10.0,0.2,2.0,cold,EXCELLENT,652.0,C:\Users\aaron\Desktop\NexusVision\logs\orion_native.log:2104,11.097000000000037,[],release_ff,96.1,C:\Users\aaron\Desktop\NexusVision\logs\orion_native.log:2141,92.44,15.042599999999993,20.816744397679425,3.6599999999999966,,True,0.0,501.26,detect_loop,released,True,10.275000000000006,2.5,1790023957797.0,False,10,5,1,C:\Users\aaron\Desktop\NexusVision\logs\orion_native.log:2103,1790023958449.0295,3,0.176,C:\Users\aaron\Desktop\NexusVision\logs\orion_native.log:2107,1,0.0,session_20260921_155138,Standstill,C:\Users\aaron\Desktop\NexusVision\logs\orion_native.log:2106
,,0.0,134.25,,,False,4,C:\Users\aaron\Desktop\NexusVision\logs\orion_native.log:2195,False,1790023967960.1,37.0,,unknown,[],25.5,[],0,6,"[""C:\\Users\\aaron\\Desktop\\NexusVision\\logs\\orion_native.log:2187""]",10.0,0.2,0.0,cold,EXCELLENT,1033.0,C:\Users\aaron\Desktop\NexusVision\logs\orion_native.log:2194,,[],release_ff,96.04,C:\Users\aaron\Desktop\NexusVision\logs\orion_native.log:2231,95.12,3.7812000000000126,5.135361428970146,0.9200000000000017,,True,0.0,898.75,detect_loop,released,False,,,1790023965632.0,False,10,6,1,C:\Users\aaron\Desktop\NexusVision\logs\orion_native.log:2193,1790023966664.9648,4,0.178,C:\Users\aaron\Desktop\NexusVision\logs\orion_native.log:2197,1,0.0,session_20260921_155138,Right Fade,C:\Users\aaron\Desktop\NexusVision\logs\orion_native.log:2196
,,0.0,150.89999999999998,,,False,5,C:\Users\aaron\Desktop\NexusVision\logs\orion_native.log:2276,False,1790023971725.3,87.0,,unknown,[],19.833,[],0,7,"[""C:\\Users\\aaron\\Desktop\\NexusVision\\logs\\orion_native.log:2267""]",10.0,0.2,1.0,cold,EXCELLENT,840.8,C:\Users\aaron\Desktop\NexusVision\logs\orion_native.log:2275,14.79600000000005,[],release_ff,95.68,C:\Users\aaron\Desktop\NexusVision\logs\orion_native.log:2315,92.23,14.179500000000019,19.191188741169285,3.450000000000003,,True,0.0,689.9,detect_loop,released,True,13.563000000000006,3.3,1790023969723.0,False,10,7,1,C:\Users\aaron\Desktop\NexusVision\logs\orion_native.log:2274,1790023970563.8403,5,0.1782,C:\Users\aaron\Desktop\NexusVision\logs\orion_native.log:2278,1,0.0,session_20260921_155138,Right Fade,C:\Users\aaron\Desktop\NexusVision\logs\orion_native.log:2277
,,0.0,134.26999999999998,,,False,6,C:\Users\aaron\Desktop\NexusVision\logs\orion_native.log:2359,False,1790023977125.0,69.0,,unknown,[],19.833,[],0,8,"[""C:\\Users\\aaron\\Desktop\\NexusVision\\logs\\orion_native.log:2350""]",10.0,0.2,0.0,cold,EXCELLENT,943.8,C:\Users\aaron\Desktop\NexusVision\logs\orion_native.log:2358,11.097000000000037,[],release_ff,94.41,C:\Users\aaron\Desktop\NexusVision\logs\orion_native.log:2399,92.57,7.562400000000025,10.247271107150832,1.8400000000000034,,True,0.0,809.53,detect_loop,released,True,15.20700000000001,3.7,1790023975020.0,False,10,8,1,C:\Users\aaron\Desktop\NexusVision\logs\orion_native.log:2357,1790023975963.809,6,0.1786,C:\Users\aaron\Desktop\NexusVision\logs\orion_native.log:2361,1,0.0,session_20260921_155138,Left Fade,C:\Users\aaron\Desktop\NexusVision\logs\orion_native.log:2360
,,,,,,False,,,False,1790023982203.8,,,unknown,[],,[],0,9,[],,,,,,,,,[],,,,,,,,,True,0.0,,,disarmed,False,,,1790023980201.0,False,,9,1,,,,,,,,session_20260921_155138,Right Fade,
,,0.0,150.95000000000005,,,False,7,C:\Users\aaron\Desktop\NexusVision\logs\orion_native.log:2457,False,1790023983925.5,85.0,,unknown,[],25.5,[],0,10,"[""C:\\Users\\aaron\\Desktop\\NexusVision\\logs\\orion_native.log:2449""]",10.0,0.2,3.0,cold,EXCELLENT,643.2,C:\Users\aaron\Desktop\NexusVision\logs\orion_native.log:2456,7.809000000000026,[],release_ff,96.15,C:\Users\aaron\Desktop\NexusVision\logs\orion_native.log:2492,94.03,8.713200000000029,11.70882580360104,2.1200000000000045,,True,0.0,492.25,detect_loop,released,True,7.809000000000004,1.9,1790023981987.0,False,10,10,1,C:\Users\aaron\Desktop\NexusVision\logs\orion_native.log:2455,1790023982630.1787,7,0.1795,C:\Users\aaron\Desktop\NexusVision\logs\orion_native.log:2459,1,-0.0,session_20260921_155138,Standstill,C:\Users\aaron\Desktop\NexusVision\logs\orion_native.log:2458
,,0.0,134.24000000000024,,,False,8,C:\Users\aaron\Desktop\NexusVision\logs\orion_native.log:2535,False,1790023988592.4,70.0,,unknown,[],26.75,[],0,11,"[""C:\\Users\\aaron\\Desktop\\NexusVision\\logs\\orion_native.log:2526""]",10.0,0.2,0.0,cold,EARLY,2096.8,C:\Users\aaron\Desktop\NexusVision\logs\orion_native.log:2534,7.809000000000026,[],release_ff,96.06,C:\Users\aaron\Desktop\NexusVision\logs\orion_native.log:2563,94.66,5.754000000000019,7.7079777569785035,1.4000000000000057,,True,0.0,1962.56,detect_loop,released,True,7.398000000000004,1.8,1790023985083.0,False,10,11,1,C:\Users\aaron\Desktop\NexusVision\logs\orion_native.log:2533,1790023987179.8242,8,0.1796,C:\Users\aaron\Desktop\NexusVision\logs\orion_native.log:2537,1,0.0,session_20260921_155138,Go-To,C:\Users\aaron\Desktop\NexusVision\logs\orion_native.log:2536
,,0.0,150.90999999999985,,,False,9,C:\Users\aaron\Desktop\NexusVision\logs\orion_native.log:2604,False,1790023993091.7,88.0,,unknown,[],25.917,[],0,12,"[""C:\\Users\\aaron\\Desktop\\NexusVision\\logs\\orion_native.log:2595""]",10.0,0.2,1.0,cold,EXCELLENT,2093.2,C:\Users\aaron\Desktop\NexusVision\logs\orion_native.log:2603,11.097000000000037,[],release_ff,95.51,C:\Users\aaron\Desktop\NexusVision\logs\orion_native.log:2636,93.67,7.562400000000025,10.110445628880726,1.8400000000000034,,True,0.0,1942.29,detect_loop,released,True,11.508000000000006,2.8,1790023989653.0,False,10,12,1,C:\Users\aaron\Desktop\NexusVision\logs\orion_native.log:2602,1790023991746.2407,9,0.1807,C:\Users\aaron\Desktop\NexusVision\logs\orion_native.log:2606,1,0.0,session_20260921_155138,Go-To,C:\Users\aaron\Desktop\NexusVision\logs\orion_native.log:2605
,,0.0,150.88999999999987,,,False,10,C:\Users\aaron\Desktop\NexusVision\logs\orion_native.log:2677,False,1790023999192.4,,,unknown,[],29.667,[],0,13,"[""C:\\Users\\aaron\\Desktop\\NexusVision\\logs\\orion_native.log:2668""]",10.0,0.2,2.0,cold,EARLY,2115.1,C:\Users\aaron\Desktop\NexusVision\logs\orion_native.log:2676,,[],release_ff,,C:\Users\aaron\Desktop\NexusVision\logs\orion_native.log:2717,,,,,,True,0.0,1964.21,detect_loop,released,False,,,1790023995481.0,False,10,13,1,C:\Users\aaron\Desktop\NexusVision\logs\orion_native.log:2675,1790023997596.101,10,0.179,C:\Users\aaron\Desktop\NexusVision\logs\orion_native.log:2679,1,0.0,session_20260921_155138,Go-To,C:\Users\aaron\Desktop\NexusVision\logs\orion_native.log:2678
,,-10.0,140.89,,,False,11,C:\Users\aaron\Desktop\NexusVision\logs\orion_native.log:2747,False,1790024005503.8,73.0,,unknown,[],28.5,[],0,14,"[""C:\\Users\\aaron\\Desktop\\NexusVision\\logs\\orion_native.log:2735""]",10.0,0.2,4.0,applied,LATE,818.9,C:\Users\aaron\Desktop\NexusVision\logs\orion_native.log:2746,7.809000000000026,[],release_ff,95.82,C:\Users\aaron\Desktop\NexusVision\logs\orion_native.log:2778,93.92,7.808999999999969,10.62877601253072,1.8999999999999915,,True,174.8,678.01,detect_loop,released,True,7.398000000000004,1.8,1790024000950.0,False,10,14,0,C:\Users\aaron\Desktop\NexusVision\logs\orion_native.log:2745,1790024001768.9478,11,0.1773,C:\Users\aaron\Desktop\NexusVision\logs\orion_native.log:2749,1,-0.0,session_20260921_155138,Standstill,C:\Users\aaron\Desktop\NexusVision\logs\orion_native.log:2748
,,0.0,150.91999999999996,,,False,12,C:\Users\aaron\Desktop\NexusVision\logs\orion_native.log:2818,False,1790024008040.1,84.0,,unknown,[],25.583,[],0,15,"[""C:\\Users\\aaron\\Desktop\\NexusVision\\logs\\orion_native.log:2809""]",10.0,0.2,5.0,one_sided,LATE,654.9,C:\Users\aaron\Desktop\NexusVision\logs\orion_native.log:2817,7.809000000000026,[],release_ff,95.8,C:\Users\aaron\Desktop\NexusVision\logs\orion_native.log:2854,93.35,10.069500000000062,13.543394140409081,2.450000000000003,,True,-7.1,503.98,detect_loop,released,True,10.686000000000005,2.6,1790024004974.0,False,10,15,0,C:\Users\aaron\Desktop\NexusVision\logs\orion_native.log:2816,1790024005628.9194,12,0.1796,C:\Users\aaron\Desktop\NexusVision\logs\orion_native.log:2820,1,0.0,session_20260921_155138,Standstill,C:\Users\aaron\Desktop\NexusVision\logs\orion_native.log:2819
,,-6.83,144.15999999999997,,,False,13,C:\Users\aaron\Desktop\NexusVision\logs\orion_native.log:2896,False,1790024013345.5,78.0,,unknown,[],23.75,[],0,16,"[""C:\\Users\\aaron\\Desktop\\NexusVision\\logs\\orion_native.log:2887""]",10.0,0.2,6.0,applied,EARLY,683.3,C:\Users\aaron\Desktop\NexusVision\logs\orion_native.log:2895,11.09699999999998,[],release_ff,95.95,C:\Users\aaron\Desktop\NexusVision\logs\orion_native.log:2928,92.25,15.20700000000005,20.630052969054937,3.700000000000003,,True,34.1,539.14,detect_loop,released,True,9.864000000000004,2.4,1790024009072.0,False,10,16,0,C:\Users\aaron\Desktop\NexusVision\logs\orion_native.log:2894,1790024009755.2659,13,0.178,C:\Users\aaron\Desktop\NexusVision\logs\orion_native.log:2898,1,0.0,session_20260921_155138,Standstill,C:\Users\aaron\Desktop\NexusVision\logs\orion_native.log:2897
,,0.0,150.88,,,False,14,C:\Users\aaron\Desktop\NexusVision\logs\orion_native.log:2973,False,1790024017158.7,84.0,,unknown,[],24.0,[],0,17,"[""C:\\Users\\aaron\\Desktop\\NexusVision\\logs\\orion_native.log:2964""]",10.0,0.2,7.0,one_sided,EXCELLENT,651.6,C:\Users\aaron\Desktop\NexusVision\logs\orion_native.log:2972,11.096999999999923,[],release_ff,95.75,C:\Users\aaron\Desktop\NexusVision\logs\orion_native.log:3010,92.63,12.823199999999986,17.22709955275802,3.1200000000000045,,True,-8.0,500.72,detect_loop,released,True,11.097000000000007,2.7,1790024015144.0,False,10,17,0,C:\Users\aaron\Desktop\NexusVision\logs\orion_native.log:2971,1790024015795.616,14,0.18,C:\Users\aaron\Desktop\NexusVision\logs\orion_native.log:2975,1,0.0,session_20260921_155138,Standstill,C:\Users\aaron\Desktop\NexusVision\logs\orion_native.log:2974
,,-10.0,125.11000000000001,,,False,15,C:\Users\aaron\Desktop\NexusVision\logs\orion_native.log:3058,False,1790024025233.6,,,unknown,[],25.333,[],0,18,"[""C:\\Users\\aaron\\Desktop\\NexusVision\\logs\\orion_native.log:3049""]",10.0,0.2,8.0,applied,LATE,832.1,C:\Users\aaron\Desktop\NexusVision\logs\orion_native.log:3057,3.6990000000000123,[],release_ff,95.95,C:\Users\aaron\Desktop\NexusVision\logs\orion_native.log:3089,95.03,3.7812000000000126,5.174353205849278,0.9200000000000017,,True,207.6,706.99,detect_loop,released,False,,,1790024020871.0,False,10,18,0,C:\Users\aaron\Desktop\NexusVision\logs\orion_native.log:3056,1790024021703.058,15,0.1767,C:\Users\aaron\Desktop\NexusVision\logs\orion_native.log:3060,1,0.0,session_20260921_155138,Standstill,C:\Users\aaron\Desktop\NexusVision\logs\orion_native.log:3059
,,0.0,150.85999999999996,,,False,16,C:\Users\aaron\Desktop\NexusVision\logs\orion_native.log:3132,False,1790024026575.5,83.0,,unknown,[],23.75,[],0,19,"[""C:\\Users\\aaron\\Desktop\\NexusVision\\logs\\orion_native.log:3122""]",10.0,0.2,9.0,one_sided,EXCELLENT,642.4,C:\Users\aaron\Desktop\NexusVision\logs\orion_native.log:3131,11.507999999999981,[],release_ff,95.72,C:\Users\aaron\Desktop\NexusVision\logs\orion_native.log:3168,92.06,15.042599999999993,19.990168769457625,3.6599999999999966,,True,-19.9,491.54,detect_loop,released,True,11.508000000000006,2.8,1790024024653.0,False,10,19,0,C:\Users\aaron\Desktop\NexusVision\logs\orion_native.log:3130,1790024025295.4424,16,0.1813,C:\Users\aaron\Desktop\NexusVision\logs\orion_native.log:3134,1,0.0,session_20260921_155138,Standstill,C:\Users\aaron\Desktop\NexusVision\logs\orion_native.log:3133
,,0.0,134.18000000000006,,,False,17,C:\Users\aaron\Desktop\NexusVision\logs\orion_native.log:3210,False,1790024030572.2,34.0,,unknown,[],22.833,[],0,20,"[""C:\\Users\\aaron\\Desktop\\NexusVision\\logs\\orion_native.log:3202""]",10.0,0.2,2.0,cold,EXCELLENT,1030.2,C:\Users\aaron\Desktop\NexusVision\logs\orion_native.log:3209,4.110000000000014,[],release_ff,95.93,C:\Users\aaron\Desktop\NexusVision\logs\orion_native.log:3249,93.92,8.261100000000056,11.621856027753717,2.010000000000005,,True,0.0,896.02,detect_loop,released,True,3.699000000000002,0.9,1790024028265.0,False,10,20,1,C:\Users\aaron\Desktop\NexusVision\logs\orion_native.log:3208,1790024029295.2468,17,0.1732,C:\Users\aaron\Desktop\NexusVision\logs\orion_native.log:3212,1,0.0,session_20260921_155138,Right Fade,C:\Users\aaron\Desktop\NexusVision\logs\orion_native.log:3211
,,0.0,150.98000000000002,,,False,18,C:\Users\aaron\Desktop\NexusVision\logs\orion_native.log:3290,False,1790024033722.5,87.0,,unknown,[],23.75,[],0,21,"[""C:\\Users\\aaron\\Desktop\\NexusVision\\logs\\orion_native.log:3281""]",10.0,0.2,10.0,one_sided,EXCELLENT,637.7,C:\Users\aaron\Desktop\NexusVision\logs\orion_native.log:3289,11.096999999999923,[],release_ff,95.83,C:\Users\aaron\Desktop\NexusVision\logs\orion_native.log:3329,92.2,14.919299999999964,20.14093103256947,3.6299999999999955,,True,-17.0,486.72,detect_loop,released,True,7.809000000000004,1.9,1790024031873.0,False,10,21,0,C:\Users\aaron\Desktop\NexusVision\logs\orion_native.log:3288,1790024032510.6855,18,0.1791,C:\Users\aaron\Desktop\NexusVision\logs\orion_native.log:3292,1,0.0,session_20260921_155138,Standstill,C:\Users\aaron\Desktop\NexusVision\logs\orion_native.log:3291
,,0.0,150.91000000000003,,,False,19,C:\Users\aaron\Desktop\NexusVision\logs\orion_native.log:3377,False,1790024040440.2,87.0,,unknown,[],26.25,[],0,22,"[""C:\\Users\\aaron\\Desktop\\NexusVision\\logs\\orion_native.log:3368""]",10.0,0.2,10.0,one_sided,EXCELLENT,654.1,C:\Users\aaron\Desktop\NexusVision\logs\orion_native.log:3376,11.507999999999981,[],release_ff,95.91,C:\Users\aaron\Desktop\NexusVision\logs\orion_native.log:3415,93.44,10.151700000000005,13.635109025669328,2.469999999999999,,True,-0.4,503.19,detect_loop,released,True,10.275000000000006,2.5,1790024038473.0,False,10,22,0,C:\Users\aaron\Desktop\NexusVision\logs\orion_native.log:3375,1790024039127.1382,19,0.1798,C:\Users\aaron\Desktop\NexusVision\logs\orion_native.log:3379,1,0.0,session_20260921_155138,Standstill,C:\Users\aaron\Desktop\NexusVision\logs\orion_native.log:3378
,,,,,,False,,,False,1790031640638.5,,,unknown,[],,[],0,23,[],,,,,,,,,[],,,,,,,,,True,0.0,,,unanswered,False,,,1790031632599.0,False,,23,1,,,,,,,,session_20260921_155138,Go-To,
,,0.0,134.26,,,False,20,C:\Users\aaron\Desktop\NexusVision\logs\orion_native.log:18445,False,1790031638304.5,,,unknown,[],27.0,[],0,24,"[""C:\\Users\\aaron\\Desktop\\NexusVision\\logs\\orion_native.log:18436""]",10.0,0.2,1.0,stale,EARLY,921.9,C:\Users\aaron\Desktop\NexusVision\logs\orion_native.log:18444,3.6989999999999554,[],release_ff,95.98,C:\Users\aaron\Desktop\NexusVision\logs\orion_native.log:18482,95.07,3.740100000000041,5.032629133945419,0.9100000000000108,,True,0.0,787.64,detect_loop,released,False,,,1790031635953.0,False,10,24,1,C:\Users\aaron\Desktop\NexusVision\logs\orion_native.log:18443,1790031636874.9102,20,0.1799,C:\Users\aaron\Desktop\NexusVision\logs\orion_native.log:18447,1,0.0,session_20260921_155138,Left Fade,C:\Users\aaron\Desktop\NexusVision\logs\orion_native.log:18446
,,0.0,150.99,,,False,21,C:\Users\aaron\Desktop\NexusVision\logs\orion_native.log:18527,False,1790031643002.5,84.0,,unknown,[],29.167,[],0,25,"[""C:\\Users\\aaron\\Desktop\\NexusVision\\logs\\orion_native.log:18519""]",10.0,0.2,10.0,stale,LATE,641.6,C:\Users\aaron\Desktop\NexusVision\logs\orion_native.log:18526,7.809000000000026,[],release_ff,95.91,C:\Users\aaron\Desktop\NexusVision\logs\orion_native.log:18565,94.18,7.110299999999938,9.559067300254116,1.7299999999999898,,True,0.0,490.61,detect_loop,released,True,5.343000000000003,1.3,1790031639200.0,False,10,25,1,C:\Users\aaron\Desktop\NexusVision\logs\orion_native.log:18525,1790031639841.554,21,0.18,C:\Users\aaron\Desktop\NexusVision\logs\orion_native.log:18529,1,0.0,session_20260921_155138,Standstill,C:\Users\aaron\Desktop\NexusVision\logs\orion_native.log:18528
,,0.0,150.95999999999998,,,False,22,C:\Users\aaron\Desktop\NexusVision\logs\orion_native.log:18605,False,1790031643903.8,83.0,,unknown,[],24.333,[],0,26,"[""C:\\Users\\aaron\\Desktop\\NexusVision\\logs\\orion_native.log:18597""]",10.0,0.2,1.0,cold,EXCELLENT,645.5,C:\Users\aaron\Desktop\NexusVision\logs\orion_native.log:18604,7.398000000000025,[],release_ff,95.8,C:\Users\aaron\Desktop\NexusVision\logs\orion_native.log:18647,92.26,14.549399999999991,19.75997767234157,3.539999999999992,,True,0.0,494.54,detect_loop,released,True,8.631000000000006,2.1,1790031641979.0,False,10,26,1,C:\Users\aaron\Desktop\NexusVision\logs\orion_native.log:18603,1790031642624.4712,22,0.178,C:\Users\aaron\Desktop\NexusVision\logs\orion_native.log:18607,1,0.0,session_20260921_155138,Standstill,C:\Users\aaron\Desktop\NexusVision\logs\orion_native.log:18606
,,0.0,134.18000000000006,,,False,23,C:\Users\aaron\Desktop\NexusVision\logs\orion_native.log:18692,False,1790031647720.6,67.0,,unknown,[],22.417,[],0,27,"[""C:\\Users\\aaron\\Desktop\\NexusVision\\logs\\orion_native.log:18683""]",10.0,0.2,3.0,stale,EARLY,949.6,C:\Users\aaron\Desktop\NexusVision\logs\orion_native.log:18691,7.809000000000026,[],release_ff,95.79,C:\Users\aaron\Desktop\NexusVision\logs\orion_native.log:18729,93.7,8.589900000000057,11.483516483516503,2.0900000000000034,,True,0.0,815.42,detect_loop,released,True,7.809000000000004,1.9,1790031645425.0,False,10,27,1,C:\Users\aaron\Desktop\NexusVision\logs\orion_native.log:18690,1790031646374.6372,23,0.1808,C:\Users\aaron\Desktop\NexusVision\logs\orion_native.log:18694,1,0.0,session_20260921_155138,Right Fade,C:\Users\aaron\Desktop\NexusVision\logs\orion_native.log:18693
,,0.0,134.22000000000003,,,False,24,C:\Users\aaron\Desktop\NexusVision\logs\orion_native.log:18773,False,1790031651872.3,68.0,,unknown,[],24.75,[],0,28,"[""C:\\Users\\aaron\\Desktop\\NexusVision\\logs\\orion_native.log:18765""]",10.0,0.2,1.0,cold,EXCELLENT,992.2,C:\Users\aaron\Desktop\NexusVision\logs\orion_native.log:18772,3.6990000000000123,[],release_ff,96.03,C:\Users\aaron\Desktop\NexusVision\logs\orion_native.log:18814,94.19,7.562399999999968,10.190518387239718,1.8400000000000034,,True,0.0,857.98,detect_loop,released,True,4.521000000000003,1.1,1790031649599.0,False,10,28,1,C:\Users\aaron\Desktop\NexusVision\logs\orion_native.log:18771,1790031650591.2214,24,0.1796,C:\Users\aaron\Desktop\NexusVision\logs\orion_native.log:18775,1,0.0,session_20260921_155138,Left Fade,C:\Users\aaron\Desktop\NexusVision\logs\orion_native.log:18774
,,0.0,134.30000000000007,,,False,25,C:\Users\aaron\Desktop\NexusVision\logs\orion_native.log:18855,False,1790031655869.6,67.0,,unknown,[],23.25,[],0,29,"[""C:\\Users\\aaron\\Desktop\\NexusVision\\logs\\orion_native.log:18847""]",10.0,0.2,2.0,cold,EARLY,922.7,C:\Users\aaron\Desktop\NexusVision\logs\orion_native.log:18854,11.508000000000038,[],release_ff,95.62,C:\Users\aaron\Desktop\NexusVision\logs\orion_native.log:18894,93.84,7.315800000000024,10.031559963931477,1.7800000000000011,,True,0.0,788.4,detect_loop,released,True,9.864000000000004,2.4,1790031653353.0,False,10,29,1,C:\Users\aaron\Desktop\NexusVision\logs\orion_native.log:18853,1790031654275.6946,25,0.1772,C:\Users\aaron\Desktop\NexusVision\logs\orion_native.log:18857,1,0.0,session_20260921_155138,Left Fade,C:\Users\aaron\Desktop\NexusVision\logs\orion_native.log:18856
,,0.0,134.2499999999999,,,False,26,C:\Users\aaron\Desktop\NexusVision\logs\orion_native.log:18937,False,1790031659268.0,65.0,,unknown,[],14.583,[],0,30,"[""C:\\Users\\aaron\\Desktop\\NexusVision\\logs\\orion_native.log:18929""]",10.0,0.2,1.0,cold,EXCELLENT,1028.6,C:\Users\aaron\Desktop\NexusVision\logs\orion_native.log:18936,15.20700000000005,[],release_ff,95.93,C:\Users\aaron\Desktop\NexusVision\logs\orion_native.log:18982,92.46,14.261700000000076,18.901841159167738,3.470000000000013,,True,0.0,894.35,detect_loop,released,True,15.20700000000001,3.7,1790031657196.0,False,10,30,1,C:\Users\aaron\Desktop\NexusVision\logs\orion_native.log:18935,1790031658224.5725,26,0.1819,C:\Users\aaron\Desktop\NexusVision\logs\orion_native.log:18939,1,0.0,session_20260921_155138,Right Fade,C:\Users\aaron\Desktop\NexusVision\logs\orion_native.log:18938
,,0.0,134.29000000000008,,,False,27,C:\Users\aaron\Desktop\NexusVision\logs\orion_native.log:19023,False,1790031666344.9,69.0,,unknown,[],,[],0,31,"[""C:\\Users\\aaron\\Desktop\\NexusVision\\logs\\orion_native.log:19015""]",10.0,0.2,2.0,cold,,1015.6,C:\Users\aaron\Desktop\NexusVision\logs\orion_native.log:19022,11.507999999999981,[],release_ff,95.67,C:\Users\aaron\Desktop\NexusVision\logs\orion_native.log:19060,93.37,9.453000000000031,12.64987350126497,2.299999999999997,,True,0.0,881.31,detect_loop,released,True,11.508000000000006,2.8,1790031661591.0,False,10,31,1,C:\Users\aaron\Desktop\NexusVision\logs\orion_native.log:19021,1790031662606.5725,27,0.1806,C:\Users\aaron\Desktop\NexusVision\logs\orion_native.log:19025,1,0.0,session_20260921_155138,Right Fade,C:\Users\aaron\Desktop\NexusVision\logs\orion_native.log:19024
,,0.0,150.92000000000002,,,False,28,C:\Users\aaron\Desktop\NexusVision\logs\orion_native.log:19099,False,1790031667616.9,82.0,,unknown,[],22.083,[],0,32,"[""C:\\Users\\aaron\\Desktop\\NexusVision\\logs\\orion_native.log:19090""]",10.0,0.2,2.0,cold,EXCELLENT,657.5,C:\Users\aaron\Desktop\NexusVision\logs\orion_native.log:19098,7.397999999999968,[],release_ff,95.94,C:\Users\aaron\Desktop\NexusVision\logs\orion_native.log:19139,91.91,16.563300000000027,22.054397198051777,4.030000000000001,,True,0.0,506.58,detect_loop,released,True,11.097000000000007,2.7,1790031665799.0,False,10,32,1,C:\Users\aaron\Desktop\NexusVision\logs\orion_native.log:19097,1790031666456.5027,28,0.1814,C:\Users\aaron\Desktop\NexusVision\logs\orion_native.log:19101,1,0.0,session_20260921_155138,Standstill,C:\Users\aaron\Desktop\NexusVision\logs\orion_native.log:19100
,,0.0,134.33000000000004,,,False,29,C:\Users\aaron\Desktop\NexusVision\logs\orion_native.log:19179,False,1790031672017.8,68.0,,unknown,[],23.333,[],0,33,"[""C:\\Users\\aaron\\Desktop\\NexusVision\\logs\\orion_native.log:19171""]",10.0,0.2,3.0,cold,EXCELLENT,925.7,C:\Users\aaron\Desktop\NexusVision\logs\orion_native.log:19178,3.6989999999999554,[],release_ff,96.1,C:\Users\aaron\Desktop\NexusVision\logs\orion_native.log:19216,94.53,6.452699999999936,8.722706817045353,1.5699999999999932,,True,0.0,791.37,detect_loop,released,True,6.576000000000004,1.6,1790031669831.0,False,10,33,1,C:\Users\aaron\Desktop\NexusVision\logs\orion_native.log:19177,1790031670756.6785,29,0.1789,C:\Users\aaron\Desktop\NexusVision\logs\orion_native.log:19181,1,0.0,session_20260921_155138,Left Fade,C:\Users\aaron\Desktop\NexusVision\logs\orion_native.log:19180
,,0.0,134.31000000000006,,,False,30,C:\Users\aaron\Desktop\NexusVision\logs\orion_native.log:19260,False,1790031675818.2,,,unknown,[],24.583,[],0,34,"[""C:\\Users\\aaron\\Desktop\\NexusVision\\logs\\orion_native.log:19252""]",10.0,0.2,3.0,cold,EXCELLENT,965.7,C:\Users\aaron\Desktop\NexusVision\logs\orion_native.log:19259,,[],release_ff,95.05,C:\Users\aaron\Desktop\NexusVision\logs\orion_native.log:19300,94.13,3.7812000000000126,5.157528870949667,0.9200000000000017,,True,0.0,831.39,detect_loop,released,False,,,1790031673575.0,False,10,34,1,C:\Users\aaron\Desktop\NexusVision\logs\orion_native.log:19258,1790031674540.7078,30,0.1781,C:\Users\aaron\Desktop\NexusVision\logs\orion_native.log:19262,1,0.0,session_20260921_155138,Right Fade,C:\Users\aaron\Desktop\NexusVision\logs\orion_native.log:19261
,,-10.0,124.13,,,False,31,C:\Users\aaron\Desktop\NexusVision\logs\orion_native.log:19354,False,1790031685119.9,,,unknown,[],24.583,[],0,35,"[""C:\\Users\\aaron\\Desktop\\NexusVision\\logs\\orion_native.log:19342""]",10.0,0.2,4.0,applied,LATE,1077.7,C:\Users\aaron\Desktop\NexusVision\logs\orion_native.log:19353,,[],release_ff,,C:\Users\aaron\Desktop\NexusVision\logs\orion_native.log:19396,,,,,,True,146.9,953.57,detect_loop,released,False,,,1790031680435.0,False,10,35,0,C:\Users\aaron\Desktop\NexusVision\logs\orion_native.log:19352,1790031681512.6643,31,0.1849,C:\Users\aaron\Desktop\NexusVision\logs\orion_native.log:19356,1,0.0,session_20260921_155138,Right Fade,C:\Users\aaron\Desktop\NexusVision\logs\orion_native.log:19355
,,0.0,150.89999999999998,,,False,32,C:\Users\aaron\Desktop\NexusVision\logs\orion_native.log:19426,False,1790031690417.5,63.0,,unknown,[],,[],0,36,"[""C:\\Users\\aaron\\Desktop\\NexusVision\\logs\\orion_native.log:19418""]",10.0,0.2,5.0,one_sided,,962.4,C:\Users\aaron\Desktop\NexusVision\logs\orion_native.log:19425,3.6989999999999554,[],release_ff,95.43,C:\Users\aaron\Desktop\NexusVision\logs\orion_native.log:19463,94.32,4.562100000000044,6.1512884455528605,1.1100000000000136,,True,-70.6,811.5,detect_loop,released,True,3.699000000000002,0.9,1790031685760.0,False,10,36,0,C:\Users\aaron\Desktop\NexusVision\logs\orion_native.log:19424,1790031686722.4014,32,0.1789,C:\Users\aaron\Desktop\NexusVision\logs\orion_native.log:19428,1,0.0,session_20260921_155138,Right Fade,C:\Users\aaron\Desktop\NexusVision\logs\orion_native.log:19427
,,0.0,134.2800000000001,,,False,33,C:\Users\aaron\Desktop\NexusVision\logs\orion_native.log:19510,False,1790031693868.3,65.0,,unknown,[],22.833,[],0,37,"[""C:\\Users\\aaron\\Desktop\\NexusVision\\logs\\orion_native.log:19501""]",10.0,0.2,6.0,one_sided,EXCELLENT,953.7,C:\Users\aaron\Desktop\NexusVision\logs\orion_native.log:19509,3.6990000000000123,[],release_ff,96.81,C:\Users\aaron\Desktop\NexusVision\logs\orion_native.log:19553,78.53,76.60410000000002,99.939861133891,18.28,,True,-35.4,819.42,detect_loop,released,True,3.699000000000002,0.9,1790031691719.0,False,10,37,0,C:\Users\aaron\Desktop\NexusVision\logs\orion_native.log:19508,1790031692672.7473,33,0.181,C:\Users\aaron\Desktop\NexusVision\logs\orion_native.log:19512,1,0.0,session_20260921_155138,Right Fade,C:\Users\aaron\Desktop\NexusVision\logs\orion_native.log:19511
,,0.0,585.0500000000001,,,False,34,C:\Users\aaron\Desktop\NexusVision\logs\orion_native.log:19592,False,1790031696889.7,86.0,,unknown,[],24.917,[],0,38,"[""C:\\Users\\aaron\\Desktop\\NexusVision\\logs\\orion_native.log:19585""]",10.0,0.2,3.0,cold,EXCELLENT,644.6,C:\Users\aaron\Desktop\NexusVision\logs\orion_native.log:19591,11.507999999999981,[],release_ff,95.43,C:\Users\aaron\Desktop\NexusVision\logs\orion_native.log:19630,93.05,9.781800000000032,13.124517480975017,2.3800000000000097,,True,0.0,59.55,detect_loop,released,True,11.508000000000006,2.8,1790031694962.0,False,10,38,1,C:\Users\aaron\Desktop\NexusVision\logs\orion_native.log:19590,1790031695606.6494,34,0.1795,C:\Users\aaron\Desktop\NexusVision\logs\orion_native.log:19594,1,0.0,session_20260921_155138,Standstill,C:\Users\aaron\Desktop\NexusVision\logs\orion_native.log:19593
,,-3.2,147.66999999999996,,,False,35,C:\Users\aaron\Desktop\NexusVision\logs\orion_native.log:19674,False,1790031702190.4,76.0,,unknown,[],25.25,[],0,39,"[""C:\\Users\\aaron\\Desktop\\NexusVision\\logs\\orion_native.log:19665""]",10.0,0.2,4.0,applied,EXCELLENT,649.8,C:\Users\aaron\Desktop\NexusVision\logs\orion_native.log:19673,11.507999999999981,[],release_ff,95.88,C:\Users\aaron\Desktop\NexusVision\logs\orion_native.log:19707,93.63,9.247500000000002,12.430252472239102,2.25,,True,16.0,502.13,detect_loop,released,True,9.042000000000005,2.2,1790031697888.0,False,10,39,0,C:\Users\aaron\Desktop\NexusVision\logs\orion_native.log:19672,1790031698537.7903,35,0.1796,C:\Users\aaron\Desktop\NexusVision\logs\orion_native.log:19676,1,0.0,session_20260921_155138,Standstill,C:\Users\aaron\Desktop\NexusVision\logs\orion_native.log:19675
,,0.0,134.19999999999993,,,False,36,C:\Users\aaron\Desktop\NexusVision\logs\orion_native.log:19746,False,1790031705577.4,62.0,,unknown,[],,[],0,40,"[""C:\\Users\\aaron\\Desktop\\NexusVision\\logs\\orion_native.log:19737""]",10.0,0.2,4.0,one_sided,,923.8,C:\Users\aaron\Desktop\NexusVision\logs\orion_native.log:19745,,[],release_ff,96.16,C:\Users\aaron\Desktop\NexusVision\logs\orion_native.log:19783,95.24,3.7811999999999557,5.217194056935475,0.9200000000000017,,True,-0.2,789.6,detect_loop,released,True,3.699000000000002,0.9,1790031701084.0,False,10,40,0,C:\Users\aaron\Desktop\NexusVision\logs\orion_native.log:19744,1790031702007.8162,36,0.1762,C:\Users\aaron\Desktop\NexusVision\logs\orion_native.log:19748,1,0.0,session_20260921_155138,Left Fade,C:\Users\aaron\Desktop\NexusVision\logs\orion_native.log:19747
,,0.0,117.58000000000004,,,False,37,C:\Users\aaron\Desktop\NexusVision\logs\orion_native.log:19824,False,1790031706820.5,,,unknown,[],27.167,[],0,41,"[""C:\\Users\\aaron\\Desktop\\NexusVision\\logs\\orion_native.log:19816""]",10.0,0.2,7.0,one_sided,LATE,814.7,C:\Users\aaron\Desktop\NexusVision\logs\orion_native.log:19823,,[],release_ff,96.22,C:\Users\aaron\Desktop\NexusVision\logs\orion_native.log:19863,95.3,3.7812000000000126,5.057445989775173,0.9200000000000017,,True,-76.4,697.12,detect_loop,released,False,,,1790031704742.0,False,10,41,0,C:\Users\aaron\Desktop\NexusVision\logs\orion_native.log:19822,1790031705556.707,37,0.1814,C:\Users\aaron\Desktop\NexusVision\logs\orion_native.log:19826,1,0.0,session_20260921_155138,Right Fade,C:\Users\aaron\Desktop\NexusVision\logs\orion_native.log:19825
,,0.0,1867.53,,,False,38,C:\Users\aaron\Desktop\NexusVision\logs\orion_native.log:19908,False,1790031710921.6,70.0,,unknown,[],28.417,[],0,42,"[""C:\\Users\\aaron\\Desktop\\NexusVision\\logs\\orion_native.log:19898""]",10.0,0.2,3.0,stale,EXCELLENT,2123.1,C:\Users\aaron\Desktop\NexusVision\logs\orion_native.log:19907,4.110000000000014,[],release_ff,96.26,C:\Users\aaron\Desktop\NexusVision\logs\orion_native.log:19942,95.35,3.740100000000041,5.114945759091736,0.9100000000000108,,True,0.0,255.57,detect_loop,released,True,5.754000000000003,1.4,1790031707433.0,False,10,42,1,C:\Users\aaron\Desktop\NexusVision\logs\orion_native.log:19906,1790031709556.076,38,0.1768,C:\Users\aaron\Desktop\NexusVision\logs\orion_native.log:19910,1,0.0,session_20260921_155138,Go-To,C:\Users\aaron\Desktop\NexusVision\logs\orion_native.log:19909
,,0.0,143.74,,,False,39,C:\Users\aaron\Desktop\NexusVision\logs\orion_native.log:19993,False,1790031715960.3,,,unknown,[],23.0,[],0,43,"[""C:\\Users\\aaron\\Desktop\\NexusVision\\logs\\orion_native.log:19981""]",10.0,0.2,8.0,applied,LATE,991.2,C:\Users\aaron\Desktop\NexusVision\logs\orion_native.log:19992,,[],release_ff,95.59,C:\Users\aaron\Desktop\NexusVision\logs\orion_native.log:20028,93.8,7.356900000000053,9.98995423596387,1.7900000000000063,,True,49.0,847.46,detect_loop,released,False,,,1790031713364.0,False,10,43,0,C:\Users\aaron\Desktop\NexusVision\logs\orion_native.log:19991,1790031714355.1565,39,0.0,C:\Users\aaron\Desktop\NexusVision\logs\orion_native.log:19995,0,0.0,session_20260921_155138,Right Fade,C:\Users\aaron\Desktop\NexusVision\logs\orion_native.log:19994
,,0.0,150.81,,,False,1,C:\Users\aaron\Desktop\NexusVision\logs\orion_native.log:21178,False,1790046376716.5,,,unknown,[],20.083,[],0,1,"[""C:\\Users\\aaron\\Desktop\\NexusVision\\logs\\orion_native.log:21164""]",10.0,0.2,0.0,cold,EXCELLENT,653.4,C:\Users\aaron\Desktop\NexusVision\logs\orion_native.log:21177,15.20700000000005,[],release_ff,95.72,C:\Users\aaron\Desktop\NexusVision\logs\orion_native.log:21216,91.13,18.864900000000034,24.555959768885103,4.590000000000003,,True,0.0,502.59,detect_loop,released,False,15.20700000000001,3.7,1790046374929.0,False,11,1,1,C:\Users\aaron\Desktop\NexusVision\logs\orion_native.log:21176,1790046375582.4243,1,0.1521,C:\Users\aaron\Desktop\NexusVision\logs\orion_native.log:21180,1,0.04,session_20260921_220557,Standstill,C:\Users\aaron\Desktop\NexusVision\logs\orion_native.log:21179
,,0.0,140.06000000000006,,,False,2,C:\Users\aaron\Desktop\NexusVision\logs\orion_native.log:21255,False,1790046381185.5,,,unknown,[],17.667,[],0,2,[],,,,,EXCELLENT,918.6,C:\Users\aaron\Desktop\NexusVision\logs\orion_native.log:21254,15.206999999999937,[],release_ff,94.98,C:\Users\aaron\Desktop\NexusVision\logs\orion_native.log:21294,92.23,11.302500000000009,14.865668414508894,2.75,,True,0.0,778.54,detect_loop,released,False,15.20700000000001,3.7,1790046379186.0,False,11,2,1,C:\Users\aaron\Desktop\NexusVision\logs\orion_native.log:21253,1790046380104.6477,2,0.1836,C:\Users\aaron\Desktop\NexusVision\logs\orion_native.log:21257,0,0.0,session_20260921_220557,Left Fade,C:\Users\aaron\Desktop\NexusVision\logs\orion_native.log:21256
,,0.0,150.65000000000003,,,False,3,C:\Users\aaron\Desktop\NexusVision\logs\orion_native.log:21331,False,1790046384218.3,66.0,,unknown,[],23.75,[],0,3,"[""C:\\Users\\aaron\\Desktop\\NexusVision\\logs\\orion_native.log:21320""]",10.0,0.2,1.0,cold,EXCELLENT,656.2,C:\Users\aaron\Desktop\NexusVision\logs\orion_native.log:21330,11.507999999999981,[],release_ff,95.53,C:\Users\aaron\Desktop\NexusVision\logs\orion_native.log:21366,92.03,14.384999999999991,19.80422112827477,3.5,,True,0.0,505.55,detect_loop,released,True,11.508000000000006,2.8,1790046382276.0,False,11,3,1,C:\Users\aaron\Desktop\NexusVision\logs\orion_native.log:21329,1790046382932.206,3,0.1673,C:\Users\aaron\Desktop\NexusVision\logs\orion_native.log:21333,1,0.0,session_20260921_220557,Standstill,C:\Users\aaron\Desktop\NexusVision\logs\orion_native.log:21332
,,0.0,134.20000000000005,,,False,4,C:\Users\aaron\Desktop\NexusVision\logs\orion_native.log:21412,False,1790046388014.7,40.0,,unknown,[],25.25,[],0,4,"[""C:\\Users\\aaron\\Desktop\\NexusVision\\logs\\orion_native.log:21403""]",10.0,0.2,0.0,cold,EXCELLENT,984.0,C:\Users\aaron\Desktop\NexusVision\logs\orion_native.log:21411,4.109999999999957,[],release_ff,95.72,C:\Users\aaron\Desktop\NexusVision\logs\orion_native.log:21449,94.8,3.7812000000000126,5.139090604401752,0.9200000000000017,,True,0.0,849.8,detect_loop,released,True,3.699000000000002,0.9,1790046385748.0,False,11,4,1,C:\Users\aaron\Desktop\NexusVision\logs\orion_native.log:21410,1790046386732.049,4,0.1756,C:\Users\aaron\Desktop\NexusVision\logs\orion_native.log:21414,1,0.0,session_20260921_220557,Right Fade,C:\Users\aaron\Desktop\NexusVision\logs\orion_native.log:21413
,,,,,,False,,,False,1790046426125.7,,,unknown,[],,[],0,5,[],,,,,,,,,[],,,,,,,,,True,0.0,,,unanswered,False,,,1790046417920.0,False,,5,1,,,,,,,,session_20260921_220557,Go-To,
,,,,,,False,,,False,1790046515912.6,,,unknown,[],,[],0,6,[],,,,,,,,,[],,,,,,,,,True,0.0,,,disarmed,False,,,1790046514617.0,False,,6,1,,,,,,,,session_20260921_220557,Post Fade,
,,,,,,False,,,False,1790046538349.8,,,unknown,[],,[],0,7,[],,,,,,,,,[],,,,,,,,,True,0.0,,,unanswered,False,,,1790046530327.0,False,,7,1,,,,,,,,session_20260921_220557,Go-To,
,,,,,,False,,,False,1790046538897.0,,,unknown,[],,[],0,8,[],,,,,,,,,[],,,,,,,,,True,0.0,,,unanswered,False,,,1790046530490.0,False,,8,1,,,,,,,,session_20260921_220557,Go-To,
,,,,,,False,,,False,1790046538897.0,,,unknown,[],,[],0,9,[],,,,,,,,,[],,,,,,,,,True,0.0,,,unanswered,False,,,1790046530640.0,False,,9,1,,,,,,,,session_20260921_220557,Go-To,
,,,,,,False,,,False,1790046538897.0,,,unknown,[],,[],0,10,[],,,,,,,,,[],,,,,,,,,True,0.0,,,unanswered,False,,,1790046530813.0,False,,10,1,,,,,,,,session_20260921_220557,Go-To,
,,,,,,False,,,False,1790046581086.4,,,unknown,[],,[],0,11,[],,,,,,,,,[],,,,,,,,,True,0.0,,,disarmed,False,,,1790046579801.0,False,,11,1,,,,,,,,session_20260921_220557,Standstill,
,,,,,,False,,,False,1790046588963.6,,,unknown,[],,[],0,12,[],,,,,,,,,[],,,,,,,,,True,0.0,,,unanswered,False,,,1790046580747.0,False,,12,1,,,,,,,,session_20260921_220557,Go-To,
,,0.0,134.33000000000004,,,False,5,C:\Users\aaron\Desktop\NexusVision\logs\orion_native.log:21954,False,1790046582869.2,49.0,OPEN,open,[],24.167,[],0,13,"[""C:\\Users\\aaron\\Desktop\\NexusVision\\logs\\orion_native.log:21945""]",10.0,0.2,2.0,cold,EXCELLENT,809.1,C:\Users\aaron\Desktop\NexusVision\logs\orion_native.log:21953,11.507999999999981,[],release_ff,94.5,C:\Users\aaron\Desktop\NexusVision\logs\orion_native.log:21991,92.4,8.630999999999972,11.873127155537933,2.0999999999999943,,True,0.0,674.77,detect_loop,released,True,9.864000000000004,2.4,1790046581295.0,False,11,13,1,C:\Users\aaron\Desktop\NexusVision\logs\orion_native.log:21952,1790046582104.0698,5,0.1757,C:\Users\aaron\Desktop\NexusVision\logs\orion_native.log:21956,1,0.0,session_20260921_220557,Standstill,C:\Users\aaron\Desktop\NexusVision\logs\orion_native.log:21955
,,,,,,False,,,False,1790046610498.6,,,unknown,[],,[],0,14,[],,,,,,,,,[],,,,,,,,,True,0.0,,,disarmed,False,,,1790046608474.0,False,,14,1,,,,,,,,session_20260921_220557,Standstill,
,,,,,,False,,,False,1790046721210.5,,,unknown,[],,[],0,15,[],,,,,,,,,[],,,,,,,,,True,0.0,,,unanswered,False,,,1790046713063.0,False,,1,1,,,,,,,,session_20260921_221126,Go-To,
,,,,,,False,,,False,1790046721792.0,,,unknown,[],,[],0,16,[],,,,,,,,,[],,,,,,,,,True,0.0,,,unanswered,False,,,1790046713210.0,False,,2,1,,,,,,,,session_20260921_221126,Go-To,
,,,,,,False,,,False,1790046731362.9,,,unknown,[],,[],0,17,[],,,,,,,,,[],,,,,,,,,True,0.0,,,unanswered,False,,,1790046723195.0,False,,3,1,,,,,,,,session_20260921_221126,Go-To,
,,,,,,False,,,False,1790046853552.6,,,unknown,[],,[],0,18,[],,,,,,,,,[],,,,,,,,,True,0.0,,,disarmed,False,,,1790046852381.0,False,,1,1,,,,,,,,session_20260921_221350,Left Fade,
,,,,,,False,,,False,1790046854840.6,,,unknown,[],,[],0,19,[],,,,,,,,,[],,,,,,,,,True,0.0,,,disarmed,False,,,1790046853486.0,False,,2,1,,,,,,,,session_20260921_221350,Post Fade,
,,0.0,151.02000000000004,,,False,6,C:\Users\aaron\Desktop\NexusVision\logs\orion_native.log:22818,False,1790046866125.9,76.0,OPEN,open,[],26.083,[],0,20,"[""C:\\Users\\aaron\\Desktop\\NexusVision\\logs\\orion_native.log:22806""]",10.0,0.2,0.0,cold,EXCELLENT,654.2,C:\Users\aaron\Desktop\NexusVision\logs\orion_native.log:22817,7.808999999999969,[],release_ff,96.25,C:\Users\aaron\Desktop\NexusVision\logs\orion_native.log:22858,94.79,6.000599999999963,7.9947431825648545,1.4599999999999937,,True,0.0,503.18,detect_loop,released,True,3.699000000000002,0.9,1790046864660.0,False,11,3,1,C:\Users\aaron\Desktop\NexusVision\logs\orion_native.log:22816,1790046865314.1824,6,0.1815,C:\Users\aaron\Desktop\NexusVision\logs\orion_native.log:22820,1,0.18,session_20260921_221350,Standstill,C:\Users\aaron\Desktop\NexusVision\logs\orion_native.log:22819
,,,,,,False,,,False,1790046887459.5,,,unknown,[],,[],0,21,[],,,,,,,,,[],,,,,,,,,True,0.0,,,disarmed,False,,,1790046886291.0,False,,4,1,,,,,,,,session_20260921_221350,Standstill,
,,,,,,False,,,False,1790046906290.7,,,unknown,[],,[],0,22,[],,,,,,,,,[],,,,,,,,,True,0.0,,,disarmed,False,,,1790046903552.0,False,,5,1,,,,,,,,session_20260921_221350,Standstill,
,,,,,,False,,,False,1790046927877.5,,,unknown,[],,[],0,23,[],,,,,,,,,[],,,,,,,,,True,0.0,,,disarmed,False,,,1790046926603.0,False,,6,1,,,,,,,,session_20260921_221350,Right Fade,
,,0.0,134.05999999999995,,,False,7,C:\Users\aaron\Desktop\NexusVision\logs\orion_native.log:23112,False,1790046937690.3,69.0,WIDE OPEN,open,[],27.417,[],0,24,"[""C:\\Users\\aaron\\Desktop\\NexusVision\\logs\\orion_native.log:23101""]",10.0,0.2,0.0,cold,EARLY,682.3,C:\Users\aaron\Desktop\NexusVision\logs\orion_native.log:23111,11.508000000000038,[],release_ff,96.19,C:\Users\aaron\Desktop\NexusVision\logs\orion_native.log:23150,92.84,13.76849999999996,18.86155058836774,3.3499999999999943,,True,0.0,548.24,detect_loop,released,True,14.796000000000008,3.6,1790046935928.0,False,11,7,1,C:\Users\aaron\Desktop\NexusVision\logs\orion_native.log:23110,1790046936610.2932,7,0.1779,C:\Users\aaron\Desktop\NexusVision\logs\orion_native.log:23114,1,0.0,session_20260921_221350,Standstill,C:\Users\aaron\Desktop\NexusVision\logs\orion_native.log:23113
,,,,,,False,,,False,1790046941495.3,,,unknown,[],,[],0,25,[],,,,,,,,,[],,,,,,,,,True,0.0,,,disarmed,False,,,1790046940082.0,False,,8,1,,,,,,,,session_20260921_221350,Right Fade,
,,,,,,False,,,False,1790046942810.1,,,unknown,[],,[],0,26,[],,,,,,,,,[],,,,,,,,,True,0.0,,,disarmed,False,,,1790046941696.0,False,,9,1,,,,,,,,session_20260921_221350,Post Fade,
,,,,,,False,,,False,1790046947619.5,,,unknown,[],,[],0,27,[],,,,,,,,,[],,,,,,,,,True,0.0,,,disarmed,False,,,1790046946510.0,False,,10,1,,,,,,,,session_20260921_221350,Post Fade,
,,,,,,False,,,False,1790046960677.8,,,unknown,[],,[],0,28,[],,,,,,,,,[],,,,,,,,,True,0.0,,,disarmed,False,,,1790046959327.0,False,,11,1,,,,,,,,session_20260921_221350,Right Fade,
,,,,,,False,,,False,1790046968751.6,,,unknown,[],,[],0,29,[],,,,,,,,,[],,,,,,,,,True,0.0,,,disarmed,False,,,1790046967426.0,False,,12,1,,,,,,,,session_20260921_221350,Post Fade,
,,0.0,134.30000000000007,,,False,8,C:\Users\aaron\Desktop\NexusVision\logs\orion_native.log:23413,False,1790047006275.9,69.0,OPEN,open,[],23.75,[],0,30,"[""C:\\Users\\aaron\\Desktop\\NexusVision\\logs\\orion_native.log:23405""]",10.0,0.2,0.0,cold,EXCELLENT,695.1,C:\Users\aaron\Desktop\NexusVision\logs\orion_native.log:23412,11.097000000000037,[],release_ff,96.2,C:\Users\aaron\Desktop\NexusVision\logs\orion_native.log:23456,91.78,18.166200000000003,25.55208694646781,4.420000000000002,,True,0.0,560.8,detect_loop,released,True,11.508000000000006,2.8,1790047004765.0,False,11,13,1,C:\Users\aaron\Desktop\NexusVision\logs\orion_native.log:23411,1790047005460.0718,8,0.1724,C:\Users\aaron\Desktop\NexusVision\logs\orion_native.log:23415,1,0.0,session_20260921_221350,Standstill,C:\Users\aaron\Desktop\NexusVision\logs\orion_native.log:23414
,,0.0,150.91000000000003,,,False,9,C:\Users\aaron\Desktop\NexusVision\logs\orion_native.log:23885,False,1790047200646.7,86.0,OPEN,open,[],25.75,[],0,31,"[""C:\\Users\\aaron\\Desktop\\NexusVision\\logs\\orion_native.log:23877""]",10.0,0.2,1.0,cold,EXCELLENT,655.1,C:\Users\aaron\Desktop\NexusVision\logs\orion_native.log:23884,7.398000000000025,[],release_ff,96.1,C:\Users\aaron\Desktop\NexusVision\logs\orion_native.log:23925,93.5,10.685999999999979,14.349577791268803,2.5999999999999943,,True,0.0,504.19,detect_loop,released,True,11.097000000000007,2.7,1790047199212.0,False,11,14,1,C:\Users\aaron\Desktop\NexusVision\logs\orion_native.log:23883,1790047199867.1257,9,0.1799,C:\Users\aaron\Desktop\NexusVision\logs\orion_native.log:23887,1,0.0,session_20260921_221350,Standstill,C:\Users\aaron\Desktop\NexusVision\logs\orion_native.log:23886
,,0.0,150.90000000000003,,,False,10,C:\Users\aaron\Desktop\NexusVision\logs\orion_native.log:24043,False,1790047239158.7,87.0,BOTHERED,unknown,[],28.0,[],0,32,"[""C:\\Users\\aaron\\Desktop\\NexusVision\\logs\\orion_native.log:24034""]",10.0,0.2,2.0,cold,LATE,657.2,C:\Users\aaron\Desktop\NexusVision\logs\orion_native.log:24042,,[],release_ff,,,,,,,,True,0.0,506.3,detect_loop,released,True,4.110000000000002,1.0,1790047237375.0,False,11,15,1,C:\Users\aaron\Desktop\NexusVision\logs\orion_native.log:24041,1790047238032.194,10,0.1814,C:\Users\aaron\Desktop\NexusVision\logs\orion_native.log:24045,1,0.0,session_20260921_221350,Standstill,C:\Users\aaron\Desktop\NexusVision\logs\orion_native.log:24044
,,,,,,False,,,False,1790047242209.9,,,unknown,[],,[],0,33,[],,,,,,,,,[],,,,,,,,,True,0.0,,,disarmed,False,,,1790047240970.0,False,,16,1,,,,,,,,session_20260921_221350,Right Fade,
,,0.0,150.90999999999997,,,False,11,C:\Users\aaron\Desktop\NexusVision\logs\orion_native.log:24240,False,1790047294350.1,78.0,WIDE OPEN,open,[],,[],0,34,"[""C:\\Users\\aaron\\Desktop\\NexusVision\\logs\\orion_native.log:24232""]",10.0,0.2,3.0,cold,EXCELLENT,703.3,C:\Users\aaron\Desktop\NexusVision\logs\orion_native.log:24239,11.097000000000037,[],release_ff,95.57,C:\Users\aaron\Desktop\NexusVision\logs\orion_native.log:24278,92.66,11.960100000000011,16.234309623430946,2.9099999999999966,,True,0.0,552.39,detect_loop,released,True,14.385000000000007,3.5,1790047292929.0,False,11,17,1,C:\Users\aaron\Desktop\NexusVision\logs\orion_native.log:24238,1790047293632.341,11,0.1779,C:\Users\aaron\Desktop\NexusVision\logs\orion_native.log:24242,1,0.0,session_20260921_221350,Standstill,C:\Users\aaron\Desktop\NexusVision\logs\orion_native.log:24241
,,0.0,134.21000000000004,,,False,12,C:\Users\aaron\Desktop\NexusVision\logs\orion_native.log:24412,False,1790047329971.5,64.0,,unknown,[],,[],0,35,"[""C:\\Users\\aaron\\Desktop\\NexusVision\\logs\\orion_native.log:24404""]",10.0,0.2,0.0,cold,,756.7,C:\Users\aaron\Desktop\NexusVision\logs\orion_native.log:24411,22.605000000000018,[],release_ff,96.09,C:\Users\aaron\Desktop\NexusVision\logs\orion_native.log:24451,70.41,110.18490000000003,142.0982735723772,25.680000000000007,,True,0.0,622.49,detect_loop,released,True,22.60500000000001,5.5,1790047325521.0,False,11,18,1,C:\Users\aaron\Desktop\NexusVision\logs\orion_native.log:24410,1790047326277.7173,12,0.1793,C:\Users\aaron\Desktop\NexusVision\logs\orion_native.log:24414,1,0.0,session_20260921_221350,Left Fade,C:\Users\aaron\Desktop\NexusVision\logs\orion_native.log:24413
,,0.0,150.98000000000002,,,False,13,C:\Users\aaron\Desktop\NexusVision\logs\orion_native.log:24897,False,1790047465653.0,81.0,WIDE OPEN,open,[],,[],0,36,"[""C:\\Users\\aaron\\Desktop\\NexusVision\\logs\\orion_native.log:24889""]",10.0,0.2,0.0,cold,EARLY,610.1,C:\Users\aaron\Desktop\NexusVision\logs\orion_native.log:24896,11.508000000000038,[],release_ff,96.06,C:\Users\aaron\Desktop\NexusVision\logs\orion_native.log:24938,92.39,15.083700000000022,20.719245751707795,3.6700000000000017,,True,0.0,459.12,detect_loop,released,True,13.563000000000006,3.3,1790047464212.0,False,11,19,1,C:\Users\aaron\Desktop\NexusVision\logs\orion_native.log:24895,1790047464822.099,13,0.1765,C:\Users\aaron\Desktop\NexusVision\logs\orion_native.log:24899,1,0.0,session_20260921_221350,Standstill,C:\Users\aaron\Desktop\NexusVision\logs\orion_native.log:24898
,,,,,,False,,,False,1790047471107.5,,,unknown,[],,[],0,37,[],,,,,,,,,[],,,,,,,,,True,0.0,,,disarmed,False,,,1790047469930.0,False,,20,1,,,,,,,,session_20260921_221350,Post Fade,
,,,,,,False,,,False,1790047472185.2,,,unknown,[],,[],0,38,[],,,,,,,,,[],,,,,,,,,True,0.0,,,disarmed,False,,,1790047470840.0,False,,21,1,,,,,,,,session_20260921_221350,Post Fade,
,,,,,,False,,,False,1790047490925.3,,,unknown,[],,[],0,39,[],,,,,,,,,[],,,,,,,,,True,0.0,,,disarmed,False,,,1790047489608.0,False,,22,1,,,,,,,,session_20260921_221350,Left Fade,
,,0.0,134.36,,,False,14,C:\Users\aaron\Desktop\NexusVision\logs\orion_native.log:25087,False,1790047502867.9,64.0,SEMI-OPEN,unknown,[],24.417,[],0,40,"[""C:\\Users\\aaron\\Desktop\\NexusVision\\logs\\orion_native.log:25079""]",10.0,0.2,1.0,cold,LATE,650.5,C:\Users\aaron\Desktop\NexusVision\logs\orion_native.log:25086,11.097000000000037,[],release_ff,95.74,C:\Users\aaron\Desktop\NexusVision\logs\orion_native.log:25129,93.0,11.26139999999998,15.278242444518762,2.739999999999995,,True,0.0,516.14,detect_loop,released,True,12.741000000000007,3.1,1790047501186.0,False,11,23,1,C:\Users\aaron\Desktop\NexusVision\logs\orion_native.log:25085,1790047501836.522,14,0.179,C:\Users\aaron\Desktop\NexusVision\logs\orion_native.log:25089,1,0.0,session_20260921_221350,Standstill,C:\Users\aaron\Desktop\NexusVision\logs\orion_native.log:25088
,,,,,,False,,,False,1790047509907.3,,,unknown,[],,[],0,41,[],,,,,,,,,[],,,,,,,,,True,0.0,,,disarmed,False,,,1790047508696.0,False,,24,1,,,,,,,,session_20260921_221350,Post Fade,
,,0.0,150.98000000000002,,,False,15,C:\Users\aaron\Desktop\NexusVision\logs\orion_native.log:25224,False,1790047527455.5,81.0,WIDE OPEN,open,[],25.25,[],0,42,"[""C:\\Users\\aaron\\Desktop\\NexusVision\\logs\\orion_native.log:25216""]",10.0,0.2,2.0,cold,EXCELLENT,652.0,C:\Users\aaron\Desktop\NexusVision\logs\orion_native.log:25223,15.20700000000005,[],release_ff,95.89,C:\Users\aaron\Desktop\NexusVision\logs\orion_native.log:25262,92.32,14.67270000000002,19.78387364921035,3.5700000000000074,,True,0.0,501.02,detect_loop,released,True,15.20700000000001,3.7,1790047526000.0,False,11,25,1,C:\Users\aaron\Desktop\NexusVision\logs\orion_native.log:25222,1790047526652.02,15,0.1787,C:\Users\aaron\Desktop\NexusVision\logs\orion_native.log:25226,1,0.0,session_20260921_221350,Standstill,C:\Users\aaron\Desktop\NexusVision\logs\orion_native.log:25225
,,0.0,151.01999999999998,,,False,16,C:\Users\aaron\Desktop\NexusVision\logs\orion_native.log:25316,False,1790047537768.5,81.0,OPEN,open,[],24.083,[],0,43,"[""C:\\Users\\aaron\\Desktop\\NexusVision\\logs\\orion_native.log:25307""]",10.0,0.2,3.0,cold,EXCELLENT,910.1,C:\Users\aaron\Desktop\NexusVision\logs\orion_native.log:25315,7.398000000000025,[],release_ff,96.04,C:\Users\aaron\Desktop\NexusVision\logs\orion_native.log:25355,94.36,6.904800000000023,9.60054860277734,1.6800000000000068,,True,0.0,759.08,detect_loop,released,True,7.398000000000004,1.8,1790047536108.0,False,11,26,1,C:\Users\aaron\Desktop\NexusVision\logs\orion_native.log:25314,1790047537018.0798,16,0.1741,C:\Users\aaron\Desktop\NexusVision\logs\orion_native.log:25318,1,0.0,session_20260921_221350,Standstill,C:\Users\aaron\Desktop\NexusVision\logs\orion_native.log:25317
,,-4.87,146.16000000000008,,,False,17,C:\Users\aaron\Desktop\NexusVision\logs\orion_native.log:25414,False,1790047553474.3,75.0,LIGHT CONTEST,contested,[],24.083,[],0,44,"[""C:\\Users\\aaron\\Desktop\\NexusVision\\logs\\orion_native.log:25405""]",10.0,0.2,4.0,applied,EARLY,679.7,C:\Users\aaron\Desktop\NexusVision\logs\orion_native.log:25413,3.6990000000000123,[],release_ff,96.36,C:\Users\aaron\Desktop\NexusVision\logs\orion_native.log:25449,95.45,3.740099999999984,5.2371086556169235,0.9099999999999966,,True,24.3,533.54,detect_loop,released,True,7.398000000000004,1.8,1790047549283.0,False,11,27,0,C:\Users\aaron\Desktop\NexusVision\logs\orion_native.log:25412,1790047549962.6501,17,0.1728,C:\Users\aaron\Desktop\NexusVision\logs\orion_native.log:25416,1,0.0,session_20260921_221350,Standstill,C:\Users\aaron\Desktop\NexusVision\logs\orion_native.log:25415
,,,,,,False,,,False,1790047555073.4,,,unknown,[],,[],0,45,[],,,,,,,,,[],,,,,,,,,True,0.0,,,disarmed,False,,,1790047553869.0,False,,28,1,,,,,,,,session_20260921_221350,Right Fade,
